id,timestamp,media_product_type,media_type,permalink,like_count,comments_count,caption,reach,saved,shares,views,total_interactions,profile_visits,follows,ig_reels_avg_watch_time,ig_reels_video_view_total_time
18103674043923781,2026-08-19T10:07:46+0000,REELS,VIDEO,https://www.instagram.com/reel/DcN754ijiMD/,0,0,"주말에 늦잠 자면 뇌졸중 위험이 40프로나 낮아진다는 연구 결과가 나왔어요 평일에 쌓인 피로를 주말 보충 수면으로 해소하는 거래요 평소 수면이 부족했다면 이번 주말엔 2~3시간 더 푹 주무세요 다만 너무 과한 낮잠은 수면 리듬을 깨니 주의해야 해요

저장해두고 이번 주말에 꼭 실천해보세요

매일 유익한 건강 상식과 실전 꿀팁만 골라 올립니다 → @glend_kr

여러분은 주말에 보통 몇 시간 주무시나요? 댓글로 알려주세요 👇

#건강정보 #수면관리 #뇌졸중예방 #건강관리 #생활습관

🎵 Music: Inspired – Kevin MacLeod (incompetech.com), CC BY 4.0",109,0,0,123,0,,,1816,197991
18113418104284476,2026-08-18T23:12:49+0000,FEED,CAROUSEL_ALBUM,https://www.instagram.com/p/DcMw-1ZGyLB/,0,0,"세금 납부 압박에 시달린다면 지금 바로 확인해야 할 소식입니다.

극한호우로 큰 피해를 입은 거제와 통영 지역의 중소기업들을 위해 국세청이 세금 납부 기간을 두 달간 연장하기로 결정했습니다. 대상 기업이라면 세무서 방문이나 홈택스를 통해 간편하게 혜택을 챙길 수 있습니다.

자금 압박을 조금이라도 덜어줄 수 있는 기회이니 해당되시는 분들은 꼭 신청하시기 바랍니다.

💾 기한 놓치기 전에 저장해두세요!

📌 매일 놓치기 쉬운 재테크 정보 받고 싶다면 @glend_kr 팔로우!

여러분 주변에 대상자가 있다면 이 소식을 전해주실 건가요? 댓글로 알려주세요 👇

#경제뉴스 #세금감면 #국세청 #중소기업지원 #세금납부연장",7,0,0,19,0,0,0,,
18083682302275447,2026-08-17T10:30:37+0000,REELS,VIDEO,https://www.instagram.com/reel/DcI04lPIISf/,4,0,"아이 낳으셨다면 평생 받는 연금액이 달라집니다 👶

국가에서 주는 국민연금 출산크레딧 혜택, 의외로 몰라서 못 챙기는 분들이 정말 많습니다.

2008년 1월 이후 둘째 자녀 이상을 얻은 부모라면 둘째는 12개월, 셋째부터는 18개월씩 최대 50개월까지 국민연금 가입 기간을 공짜로 추가 인정해 줍니다.

가입 기간이 늘어나는 만큼 노후에 매월 평생 받는 연금 수령액이 훌쩍 늘어나게 돼요.

신청 시기는 출산 직후가 아니라 만 60세가 넘어 노령연금을 청구할 때 함께 신청하는 방식입니다. 부부 중 한 사람에게 몰아줄 수 있으니 유리한 쪽으로 합의해서 신청하세요!

남성 군복무 6개월 추가 인정 크레딧도 있으니 잊지 마세요.

📌 매일 놓치기 쉬운 연금·정부지원금 꿀팁만 골라 올립니다 → @glend_kr

나중에 잊지 않도록 미리 저장해두시고 가족들에게도 공유해 주세요!

출산크레딧 제도, 여러분은 알고 계셨나요? 댓글로 의견을 남겨주세요 👇

#국민연금 #출산크레딧 #노후준비 #재테크팁 #연금수령액

🎵 Music: Inspired – Kevin MacLeod (incompetech.com), CC BY 4.0",948,7,2,1029,13,,,7171,6784055
18186754072392584,2026-08-17T04:31:04+0000,REELS,VIDEO,https://www.instagram.com/reel/DcILxf_EotU/,5,0,"새벽 2~3시에 자꾸 깨는 습관, 절대 가볍게 넘기지 마세요 🚨

단순한 불면증인 줄 알았던 야간 각성이 뇌졸중과 심근경색 발병 위험을 무려 71%나 끌어올린다는 연구 결과가 나왔습니다.

잠에서 깰 때마다 자율신경계가 비정상적으로 흥분하면서 혈압이 치솟고 심장에 엄청난 무리를 주기 때문인데요.

특히 갱년기 호르몬 변화를 겪는 분들이나 수면무호흡증이 의심되는 분들은 비급여 70만 원 상당의 수면다원검사를 건강보험 적용받아 13만 원대에 정밀 검진받으실 수 있습니다.

자다 깼을 때는 절대 휴대폰 불빛을 보지 마시고, 미지근한 물 한 잔과 함께 가벼운 심호흡으로 뇌를 진정시켜 주세요.

📌 매일 놓치기 쉬운 핵심 건강정보와 복지 혜택만 골라 올립니다 → @glend_kr

여러분은 밤에 자다 깨는 일이 일주일에 몇 번이나 있으신가요? 댓글로 알려주세요 👇

#수면장애 #야간각성 #갱년기건강 #심혈관질환예방 #건강정보꿀팁

🎵 Music: Inspired – Kevin MacLeod (incompetech.com), CC BY 4.0",708,1,1,763,7,,,5602,3899149
18016737821875926,2026-08-16T10:08:06+0000,REELS,VIDEO,https://www.instagram.com/reel/DcGNhZaiRYr/,0,0,"살 뺐다 쪘다 반복하면 심장이 망가집니다 ⚠️

단기간에 무리해서 감량했다가 다시 살이 찌는 요요현상, 단순한 실패가 아니라 심혈관 질환 위험을 3.5배나 높이는 위험 신호예요.

급격한 감량은 근육을 녹이고 내장지방과 혈관 염증만 급증시킵니다. 심하면 이명이나 이관개방증까지 올 수 있어요.

한 달 감량 목표는 내 체중의 5% 이내로 잡고, 가까운 보건소에서 무료 대사증후군 검사와 체성분 분석부터 꼭 받아보세요.

📌 매일 놓치기 쉬운 실전 건강 꿀팁만 골라 올립니다 → @glend_kr

다이어트 후 어지럼증이나 요요를 겪어보신 적 있나요? 여러분의 경험을 댓글로 알려주세요 👇

#다이어트부작용 #요요현상 #심혈관건강 #보건소혜택 #건강관리꿀팁

🎵 Music: Inspired – Kevin MacLeod (incompetech.com), CC BY 4.0",113,0,0,133,0,,,5647,626858
18072609236418179,2026-08-16T04:19:48+0000,REELS,VIDEO,https://www.instagram.com/reel/DcFlsJBEvQ6/,0,0,"최근 5년간 공공기관 개인정보 유출이 7배나 급증했습니다.

해킹뿐만 아니라 관리자 과실로 주민번호와 전화번호가 털려 스팸과 피싱 타깃이 되는 경우가 정말 많은데요.

정부에서 무료로 제공하는 털린 내 정보 다찾기 서비스에서 내 계정이 다크웹에 유출됐는지 즉시 조회할 수 있습니다.

추가로 e프라이버시 클린서비스를 통해 나도 모르게 가입된 사이트를 일괄 탈퇴하고, 엠세이퍼로 통신사 명의도용까지 원천 차단하세요.

📌 매일 일상에 꼭 필요한 안전·보안 꿀팁만 골라 전해드립니다 → @glend_kr

여러분은 최근 스팸 문자나 모르는 번호 전화가 부쩍 늘지 않으셨나요? 댓글로 알려주세요 👇

#개인정보유출 #개인정보보호 #보이스피싱예방 #스팸차단 #정부지원혜택

🎵 Music: Inspired – Kevin MacLeod (incompetech.com), CC BY 4.0",154,1,0,168,1,,,4170,621475
17944862037296233,2026-08-15T10:01:13+0000,REELS,VIDEO,https://www.instagram.com/reel/DcDn97Tk4mo/,1,0,"밤바다 조개 잡으러 갔다가 바닷물에 갇혀 숨지는 사고가 매년 100건 넘게 터지고 있습니다.

서해안 밀물 속도는 시속 15km로 사람 뛰는 속도보다 빨라 순식간에 갯골에 갇힙니다.

불법 장비 사용 시 최대 300만원 과태료는 물론 가슴장화에 물이 차면 그대로 가라앉습니다.

간조 30분 전 알람 맞춰 즉시 철수하고, 팽창식 구명조끼와 호루라기를 꼭 착용하세요.

해경 위치 전송 앱인 해로드 설치와 2인 1조 동행은 선택이 아닌 필수입니다.

📌 매일 놓치기 쉬운 실생활 사건사고·안전정보만 골라 올립니다 → @glend_kr

야간 해루질 장비 챙기실 때 구명조끼 꼭 챙기고 계신가요? 댓글로 알려주세요 👇

#해루질사고 #야간해루질 #해로드 #갯벌안전 #생활안전꿀팁

🎵 Music: Inspired – Kevin MacLeod (incompetech.com), CC BY 4.0",166,0,0,177,1,,,4490,745486
17978158620116644,2026-08-15T03:46:30+0000,REELS,VIDEO,https://www.instagram.com/reel/DcC9DZhEmSN/,0,0,"여행 갈 때 20만원 아끼는 법 💸

지자체에서 여행 경비의 절반(50%)을 지역화폐로 꽉 채워 돌려주는 '반값 여행 지원금'이 전국으로 확대되고 있습니다.

가장 대표적인 강진군의 경우 관외 거주자라면 소득 조건 없이 누구나 신청 가능하며, 사용 금액의 50%(최대 20만원)를 모바일 지역사랑상품권으로 환급해 줍니다.

📌 핵심 체크포인트
1. 여행 가기 전 지자체 홈페이지에서 사전 신청 필수
2. 관내 소상공인 식당, 숙소 영수증 7일 내 제출
3. 대형마트/유흥업소 영수증은 환급 제외
4. 한국관광공사 '디지털 관광주민증'과 중복 혜택 가능

예산 소진 시 선착순 조기 마감되니 여행 계획 있으시다면 빠르게 신청해 두세요!

📌 놓치면 후회하는 최신 정부지원금·생활 재테크 꿀팁만 쏙쏙 골라 올립니다 → @glend_kr

이번 주말 반값 지원금 받고 어디로 떠나고 싶으신가요? 댓글로 공유해 주세요 👇

#반값여행 #여행지원금 #정부지원금 #국내여행지추천 #생활꿀팁

🎵 Music: Inspired – Kevin MacLeod (incompetech.com), CC BY 4.0",114,0,0,122,0,,,2218,248453
18106714136123758,2026-08-14T10:56:55+0000,REELS,VIDEO,https://www.instagram.com/reel/DcBJhKakTal/,0,0,"수억 원 로또로 불리던 줍줍이 12월부터 완전히 사라집니다 🚨

정부의 최신 공급 대책으로 인해 무순위 미계약 물량을 LH가 전량 매입해 공공임대주택으로 전환하기로 했습니다.

그동안 청약통장 없이 전국 누구나 신청해 수십만 대 1을 기록했던 로또 줍줍은 11월까지만 유효합니다.

남은 3달 동안 청약홈에 올라오는 잔여 물량을 노리실 분들은 반드시 분양가의 10~20%에 달하는 계약금 현금 여력을 먼저 점검하셔야 합니다.

규제지역의 경우 당첨 시 최대 10년 동안 재당첨이 제한될 수 있으니 무턱대고 넣으시면 안 됩니다.

📌 매일 놓치기 쉬운 알짜 부동산·재테크 정보만 골라 올립니다 → @glend_kr

12월 전 마지막 줍줍 막차, 여러분은 도전해보실 건가요? 댓글로 의견을 남겨주세요 👇

#무순위청약 #로또청약 #청약홈 #부동산대책 #아파트청약

🎵 Music: Inspired – Kevin MacLeod (incompetech.com), CC BY 4.0",189,0,0,205,0,,,5897,1114644
18344122945301975,2026-08-14T05:23:14+0000,REELS,VIDEO,https://www.instagram.com/reel/DcAjVShE7Ju/,0,0,"살 빼려다 쓸개에 돌 생깁니다 🚨

최근 위고비 등 GLP-1 비만치료제 열풍과 초절식 다이어트로 2030 담석증 환자가 급증하고 있습니다.

단기간에 굶어서 살을 빼면 담즙이 배출되지 않고 고이면서 굳어버려 담석이 만들어지는데요.

명치나 오른쪽 갈비뼈 아래가 쥐어짜듯 아프다면 단순 소화불량이 아닌 담석증일 수 있습니다.

극단적인 무지방 식단을 피하고, 좋은 기름을 조금씩 챙겨 담낭을 주기적으로 비워주는 것이 예방의 핵심입니다.

📌 매일 내 몸 망치는 잘못된 건강 상식과 실전 예방법만 골라 올립니다 → @glend_kr

다이어트할 때 무조건 지방부터 끊으셨나요? 댓글로 경험을 공유해주세요 👇

#담석증 #다이어트부작용 #비만치료제 #건강꿀팁 #식단관리

🎵 Music: Inspired – Kevin MacLeod (incompetech.com), CC BY 4.0",116,0,0,124,0,,,2686,311615
18132673027630948,2026-08-13T23:21:48+0000,FEED,CAROUSEL_ALBUM,https://www.instagram.com/p/Db_6CUZj9IJ/,0,0,"교통사고 나도 8주 넘으면 치료비 심사 칼바람 붑니다.

단순 염좌나 뇌진탕 같은 12~14급 경상환자는 4주 이상 치료 시 반드시 추가 진단서를 제출해야 합니다.

치료가 8주를 넘어가면 보험사 집중 심사 대상에 올라 과잉 진료 여부를 철저하게 검증받게 됩니다.

사고 났을 때 손해 안 보려면 바뀐 보상 및 심사 기준을 미리 확인해두셔야 합니다.

💾 나중에 다시 볼 수 있게 저장해두세요!

📌 매일 화제의 이슈 카드 받고 싶다면 @glend_kr 팔로우!

나이롱환자 방지 대책, 여러분은 어떻게 생각하시나요? 댓글로 알려주세요 👇

#자동차보험 #교통사고합의 #보험금청구 #교통사고치료 #손해보험",15,0,0,32,0,1,0,,
18110893283281732,2026-08-13T10:58:34+0000,REELS,VIDEO,https://www.instagram.com/reel/Db-k6YSDZSX/,1,0,"비싼 비만치료제 주사 없이 10kg 감량한 비밀 🤫

요즘 약이나 주사에 의존하는 다이어트가 유행이지만, 부작용과 요요 현상 걱정 많으셨죠?

최근 성공적인 감량으로 화제가 된 스타들의 핵심 비결은 의외로 간단했습니다. 바로 딱 '두 가지'를 삶에서 완전히 치운 것인데요!

1. 액상과당 끊기 (시럽 타진 커피, 탄산음료, 가공주스)
2. 밤 8시 이후 정제탄수화물 끊기 (빵, 떡, 면, 배달 야식)

액상과당은 인슐린을 과다 분비시켜 체지방을 빠르게 쌓고 뇌의 배부름 신호를 마비시킵니다. 여기에 밤늦게 먹는 정제탄수화물까지 더해지면 밤사이 지방 분해 호르몬 작용이 완전히 멈추게 돼요.

대신 시원한 탄산수에 레몬즙을 타서 마시고, 저녁엔 단백질과 채소 위주로 채워보세요. 딱 2주만 실천해도 몸이 가벼워지는 게 느껴집니다!

📌 매일 놓치기 쉬운 실전 건강 관리 정보만 골라 올립니다 → @glend_kr 팔로우하고 건강해지세요!

여러분은 다이어트할 때 가장 끊기 힘든 음식이 무엇인가요? 댓글로 공유해 주세요 👇

#건강정보 #다이어트꿀팁 #식단관리 #체지방감량 #건강습관

🎵 Music: Inspired – Kevin MacLeod (incompetech.com), CC BY 4.0",117,0,12,129,13,,,2788,323435
18138039976586755,2026-08-13T07:42:30+0000,REELS,VIDEO,https://www.instagram.com/reel/Db-Oes3FU5k/,0,0,"밤에 잠 못 들고 뒤척이는 분들 꼭 보세요! 😴

최근 수면 의학계에서 불면증의 핵심 원인으로 뇌 속 각성 물질인 오렉신을 지목했습니다.

각성 스위치가 켜진 상태로 침대에 누워있으면 뇌는 침대를 스트레스 공간으로 인식해요.

잠자리에 누운 지 20분 안에 잠들지 못하면 즉시 일어나 어두운 곳에서 휴식을 취해야 합니다.

오후 2시 이후 카페인 차단과 침실 온도 20도 유지가 꿀잠의 핵심 포인트입니다.

유용한 건강 정보가 필요하다면 저장하고 매일 챙겨보세요!

여러분은 밤에 잠드는 데 보통 얼마나 걸리시나요? 댓글로 남겨주세요 👇

#불면증 #수면장애 #건강꿀팁 #숙면하는법 #오렉신

🎵 Music: Inspired – Kevin MacLeod (incompetech.com), CC BY 4.0",122,0,6,139,6,,,3383,416193
18091128455121338,2026-08-13T07:33:46+0000,FEED,CAROUSEL_ALBUM,https://www.instagram.com/p/Db-NitJlmQS/,0,0,"결혼했다고 저금리 정부 대출 막히던 시대는 끝났습니다.

부부합산 소득 때문에 디딤돌·버팀목 대출에서 탈락했던 분들 많으셨죠.
정부가 결혼 감점을 폐지하고, 1인 소득 기준을 적용해 문턱을 대폭 낮춥니다.
맞벌이 부부라도 혼인 여부와 관계없이 저금리 주택 대출 혜택을 누릴 수 있습니다.

💾 기한 놓치기 전에 저장해두세요!
📌 매일 놓치기 쉬운 재테크 정보 받고 싶다면 @glend_kr 팔로우!

신혼부부 대출 소득 기준 완화, 여러분의 생각은 어떠신가요? 댓글로 알려주세요 👇

#재테크 #신혼부부대출 #디딤돌대출 #결혼패널티 #버팀목전세자금대출",9,0,0,28,0,0,0,,
18122835211699909,2026-08-10T04:43:47+0000,REELS,VIDEO,https://www.instagram.com/reel/Db2LohqAHII/,1,0,"직장에서 부당한 괴롭힘을 당하고 계신가요? 지금 바로 신고하세요!

고용노동부가 태움과 직장 내 괴롭힘을 근절하기 위해 한 달간 특별 집중 신고 기간을 운영합니다.
가해자에게는 최대 1000만원의 과태료가 부과되며, 피해 근로자에게는 무료 법률 상담과 심리치료비 전액이 지원됩니다.
5인 이상 사업장 근로자라면 누구나 고용노동부 누리집이나 1350 전화로 익명 신고가 가능합니다.
메신저 대화 캡처나 녹음 파일 등 객관적인 증거 자료를 사전에 확보해두는 것이 가장 유리합니다.

저장해두고 주변 동료들에게도 꼭 공유해주세요!

여러분은 직장 내 괴롭힘을 목격하거나 경험하신 적이 있으신가요? 댓글로 알려주세요 👇

#직장내괴롭힘 #태움신고 #고용노동부 #근로자권리 #노동청신고

🎵 Music: Inspired – Kevin MacLeod (incompetech.com), CC BY 4.0",126,1,0,132,2,,,3343,417883
18173241463434618,2026-08-09T23:28:39+0000,FEED,CAROUSEL_ALBUM,https://www.instagram.com/p/Db1no7InADh/,0,0,"신혼부부 내 집 마련의 기회, 290가구 무주택 청약이 열립니다.

LH에서 시흥거모지구 신혼희망타운 290가구를 공급합니다.
혼인 7년 이내 무주택 세대 구성원이라면 신청 자격이 부여됩니다.
자산 3억 9천만 원 이하 및 청약통장 6개월 이상 가입 조건을 확인하세요.

💾 기한 놓치기 전에 저장해두세요!
📌 매일 놓치기 쉬운 재테크 정보 받고 싶다면 @glend_kr 팔로우!

이번 시흥 거모 신혼희망타운 청약에 도전해보실 건가요? 댓글로 알려주세요 👇

#재테크 #부동산 #청약정보 #신혼희망타운 #시흥거모지구",14,0,0,49,0,0,0,,
18101045843166771,2026-08-09T10:32:31+0000,REELS,VIDEO,https://www.instagram.com/reel/Db0OwCuFPQl/,2,0,"경찰관 가족 사건, 이제 담당 경찰서를 바꿀 수 있습니다!

최근 경찰관 직계 가족이 연루된 사건 117건을 자체 수사해 논란이 불거졌습니다.
경찰청은 제 식구 감싸기 수사를 막기 위해 내달부터 상피제를 도입합니다.
피의자가 경찰의 4촌 이내 친족이면 무조건 타 관할 경찰서로 사건이 이송됩니다.
억울한 피해자는 청문감사실에 수사관 기피 및 사건 이송을 직접 신청할 수 있습니다.
수사가 종결되기 전에 신청해야 하니 꼭 기억해 두세요!

📌 나중에 필요할 때 바로 꺼내볼 수 있게 미리 저장해두세요!
🔔 더 빠른 시사·트렌드 정보는 @GLEND 팔로우!

여러분은 상피제 도입으로 경찰 수사가 더 공정해질 것이라 보시나요? 댓글로 의견을 남겨주세요! 👇

#경찰 #상피제 #사건사고 #수사관교체 #청문감사실

🎵 Music: Inspired – Kevin MacLeod (incompetech.com), CC BY 4.0",243,0,0,264,2,,,4818,1180463
18137127799607785,2026-08-09T05:03:28+0000,REELS,VIDEO,https://www.instagram.com/reel/DbzpF38AOY3/,0,0,"가을 여행 가기 전 안 보면 무조건 손해보는 꿀팁!

지자체에서 여행 경비의 절반을 돌려주는 반값여행 지원 사업이 본격 시작되었습니다.

고흥이나 완도 등 지정 지역 방문 시 소비한 비용의 50%를 최대 30만 원까지 모바일 상품권으로 환급해 줍니다.

타 지역 주민이라면 누구나 여행 3일 전까지 지자체 누리집에서 사전 신청 후 이용하실 수 있습니다.

완도의 경우 4차 신청이 이틀 만에 조기 마감될 만큼 인기가 높으니 여행 계획이 있다면 서두르셔야 합니다.

나중에 가을 여행 계획 세울 때 찾아볼 수 있도록 미리 저장해두세요!

이번 가을 여러분이 가장 떠나고 싶은 반값 여행지는 어디인가요? 댓글로 공유해 주세요 👇

#재테크 #여행지원금 #반값여행 #국내여행지추천 #가을여행

🎵 Music: Inspired – Kevin MacLeod (incompetech.com), CC BY 4.0",153,0,0,167,0,,,1629,254203
18547895935078337,2026-08-08T23:28:43+0000,FEED,CAROUSEL_ALBUM,https://www.instagram.com/p/DbzC2npj3sJ/,0,0,"꿀잠 자려고 입에 붙인 테이프, 자칫하면 질식 위험을 부릅니다.

최근 코호흡을 위해 입에 테이프를 붙이고 자는 분들이 많은데요.
비염이나 축농증이 있는 사람이 입을 막으면 수면 중 산소 공급이 끊겨 위험해질 수 있습니다.
무작정 테이프를 붙이기보다 옆으로 누워 자거나 실내 습도를 맞춰 코호흡을 유도해보세요.

💾 나중에 실천할 수 있게 저장해두세요!
📌 매일 놓치기 쉬운 건강 정보 받고 싶다면 @glend_kr 팔로우!

여러분은 수면 테이프를 사용해보신 적이 있나요? 댓글로 공유해주세요 👇

#건강정보 #수면건강 #숙면꿀팁 #입테이프 #수면무호흡증",14,0,0,40,0,1,0,,
18426468205178019,2026-08-08T10:08:53+0000,REELS,VIDEO,https://www.instagram.com/reel/DbxnRa9DI8G/,0,0,"안 찾으면 그대로 소멸하는 숨은 돈 30만원 찾는 법 💰

우리가 안 쓰고 잊어버린 카드 포인트와 휴면 계좌 잔액이 매년 수천억 원씩 사라진다는 사실을 알고 계셨나요?

금융감독원 조사에 따르면 국민 1인당 평균 30만 원 상당의 잠자는 돈이 방치되어 있다고 해요.

특히 카드 포인트는 5년이 지나면 영구 소멸되니 유효기간 끝나기 전에 바로 챙기시는 게 무조건 이득입니다.

스마트폰 어카운트인포 앱에서 간편인증 한 번만 거치면 1분 만에 본인 계좌로 즉시 현금 입금 신청이 가능해요.

나중에 잊지 않게 미리 저장해두시고 주위 지인들에게도 꼭 공유해 주세요!

여러분은 숨은 돈 조회해보니 얼마나 나왔나요? 댓글로 함께 나눠주세요 👇

#재테크 #숨은돈찾기 #카드포인트현금화 #어카운트인포 #생활꿀팁

🎵 Music: Inspired – Kevin MacLeod (incompetech.com), CC BY 4.0",111,0,0,117,0,,,1509,166081
18115384037493008,2026-08-08T04:47:36+0000,REELS,VIDEO,https://www.instagram.com/reel/DbxChyaFU7e/,0,0,"여름철 에어컨 틀고 잤다가 아침에 허리 뻣뻣했던 적 있으시죠? ❄️

단순히 추워서가 아니라 찬 바람이 피부에 직접 닿아 혈액순환이 마비되고 척추 근육이 급격히 수축했기 때문입니다.

허리 통증 없이 시원하게 잘 수 있는 4가지 핵심 가이드
1. 에어컨 온도 26도, 습도 50% 맞추기
2. 바람 방향은 상향(천장)으로 고정하기
3. 얇은 긴소매 파자마 착용해 체온 유지하기
4. 허리 밑에 얇은 수건 접어 받쳐두기

내일 아침 굳어버린 허리로 고생하지 말고 저장해두고 오늘 밤 바로 적용해 보세요!
건강 실전 팁을 매일 받고 싶다면 GLEND 팔로우도 잊지 마세요 💚

여러분은 에어컨 몇 도로 맞춰두고 주무시나요? 댓글로 알려주세요 👇

#건강꿀팁 #에어컨허리통증 #수면건강 #여름철건강관리 #허리통증완화

🎵 Music: Inspired – Kevin MacLeod (incompetech.com), CC BY 4.0",158,0,0,171,0,,,2885,455981
18110841334824538,2026-08-07T23:29:07+0000,FEED,CAROUSEL_ALBUM,https://www.instagram.com/p/DbweGkOlVN9/,0,0,"버려지는 버스를 개조해 청년 주택으로 쓰자는 황당한 제안이 논란입니다.

최근 정치권에서 폐차 예정인 대형버스를 주거 공간으로 재활용하자는 아이디어가 제시되었습니다.
청년 주거 난을 해소하겠다는 취지지만 정작 당사자들은 청년을 버스에 살게 하냐며 거세게 반발하고 있습니다.
본질적인 주거 문제 해결 대신 보여주기식 대책만 내놓는다는 비판이 이어지고 있습니다.

💾 나중에 다시 볼 수 있게 저장해두세요!
📌 매일 화제의 이슈 카드 받고 싶다면 @glend_kr 팔로우!

버스를 개조한 청년 주택 제안, 여러분은 어떻게 생각하시나요? 댓글로 의견을 남겨주세요 👇

#부동산 #청년주택 #주거복지 #황희의원 #폐기버스",14,0,0,56,0,0,0,,
17926173579390058,2026-08-07T10:19:52+0000,REELS,VIDEO,https://www.instagram.com/reel/DbvDuwalImn/,0,0,"기름진 음식 다 끊고 샐러드만 먹는데도 검진 결과에서 콜레스테롤 수치가 높게 나와서 당황하셨나요?
범인은 바로 수면 부족입니다.

하루 6시간 미만으로 자면 간에서 콜레스테롤 합성 호르몬이 늘어나 혈중 지방 수치가 무려 30%나 증가해요.
특히 열대야로 잠 못 드는 요즘 같은 계절엔 혈관 건강과 관절 통증이 함께 악화될 수 있습니다.

오늘 밤부터 침실 온도는 24도로 맞추고 자기 전 미지근한 물로 샤워해 보세요.
스마트폰은 잠들기 1시간 전 멀리 치워두는 것 잊지 마세요!

이 영상 저장해두고 밤마다 숙면 습관 체크해보세요.
GLEND 팔로우하고 매일 건강 실전 꿀팁 받아보세요.

여러분은 하루에 몇 시간이나 깊게 주무시나요? 댓글로 남겨주세요 👇

#건강꿀팁 #수면건강 #고지혈증관리 #혈액순환 #숙면팁

🎵 Music: Inspired – Kevin MacLeod (incompetech.com), CC BY 4.0",154,0,0,164,0,,,2941,449991
18235606495315870,2026-08-07T05:17:30+0000,REELS,VIDEO,https://www.instagram.com/reel/DbuhJBxHRCd/,0,0,"전세보증금 못 받아 속 태우던 임차인분들 꼭 확인하세요!

대법원이 민생 전담 재판부를 도입하면서 기존 1년 이상 걸리던 전세보증금 반환 소송이 평균 3개월 만에 해결되고 있습니다.
복잡한 절차를 단축하고 임대차 분쟁 사건을 최우선으로 다루기 때문인데요.
계약 만료 2개월 전까지 통보한 증거를 챙겨 전자소송으로 접수하면 신속하게 처리됩니다.
이사를 먼저 가야 한다면 임차권등기명령 신청도 잊지 마세요.

도움이 되셨다면 저장해두고 주변에도 공유해 주세요!
팔로우하고 최신 생활 법률 정보 매일 받아보세요.

여러분 주변에도 전세금 때문에 고민하는 분이 계신가요? 댓글로 공유해 주세요! 👇

#전세보증금 #전세사기 #임차권등기명령 #전세금반환소송 #부동산법률

🎵 Music: Inspired – Kevin MacLeod (incompetech.com), CC BY 4.0",153,0,0,157,0,,,1609,243061
18421524313197167,2026-08-07T02:01:40+0000,FEED,CAROUSEL_ALBUM,https://www.instagram.com/p/DbuKxHBlNU7/,0,0,"청약통장 없이 서울 아파트 당첨되는 기회, 8월에 열립니다.

서울 강북 '더 리치먼드 미아' 무순위 청약이 8월부터 시작됩니다.
만 19세 이상이라면 청약통장 가입 여부와 상관없이 누구나 신청할 수 있습니다.
실거주 의무 2년이 적용되지 않아 당첨 후 전세를 활용한 자금 마련도 가능합니다.
한국부동산원 청약홈 사이트에서 무순위 접수 일정을 확인하고 신청하세요.

💾 기한 놓치기 전에 저장해두세요!

📌 매일 놓치기 쉬운 재테크 정보 받고 싶다면 @glend_kr 팔로우!

서울 아파트 무순위 청약, 여러분이라면 신청하실 건가요? 댓글로 알려주세요 👇

#재테크 #부동산정보 #청약정보 #무순위청약 #더리치먼드미아",13,0,0,36,0,0,0,,
18090035477126476,2026-08-06T11:48:22+0000,REELS,VIDEO,https://www.instagram.com/reel/DbspDUAiqKg/,0,0,"비행기 머리 위 짐칸 이용료 부과 논란!

최근 해외 저비용 항공사를 중심으로 기내 머리 위 선반 이용료를 따로 부과하는 정책이 확산되면서 큰 논란이 일고 있습니다.

기본 항공권 가격 외에 기내 캐리어를 선반에 싣기 위해 한화 약 3만 원 안팎의 추가 요금을 내야 하는데요.

공항 현장에서 결제할 경우 사전 결제보다 최대 3배 이상의 폭탄 수수료가 부과될 수 있습니다.

✈️ 수하물 수수료 폭탄 피하는 3가지 팁
1. 항공권 예매 시 기내 수하물 무료 포함 여부 확인하기
2. 추가 수하물은 출국 전 온라인으로 미리 등록하기
3. 좌석 아래 들어가는 소형 가방 규격 적극 활용하기

나중에 해외여행 떠나기 전에 잊지 않게 저장하고 친구에게 공유해 보세요!

여러분은 기내 선반 유료화 정책에 대해 어떻게 생각하시나요? 댓글로 의견을 남겨주세요👇

#해외여행 #비행기수하물 #항공권예매 #기내수하물규정 #여행꿀팁

🎵 Music: Inspired – Kevin MacLeod (incompetech.com), CC BY 4.0",156,0,0,170,0,,,2961,462032
17957674752193405,2026-08-06T06:07:29+0000,REELS,VIDEO,https://www.instagram.com/reel/DbsCCTJjoKm/,0,0,"월세, 전세 대출 이자 매달 내느라 허덕이셨나요? 🔥

안산시에서 청년들의 주거비 부담을 덜어주기 위해 전·월세 대출이자 지원사업 신청을 받습니다!

💡 지원 대상: 안산시 거주 만 19세~39세 무주택 청년 세대주
💰 지원 내용: 대출 잔액에 대한 이자 연 최대 2% 지원 (최대 200만원 수준)
📅 신청 기간: 8월 1일 ~ 8월 31일 (딱 한 달간!)
💻 신청 방법: 잡아바 어플라이 통합접수시스템 온라인 신청

자격 요건 맞는지 공고문 확인하고 바로 신청해 보세요!

나중에 다시 확인하려면 미리 저장해 두고, 매일 터지는 알짜 재테크 정보는 GLEND 팔로우하고 챙겨보세요!

여러분이 살고 계신 지역에서도 이런 주거비 지원 제도가 활성화되면 좋겠나요? 댓글로 의견을 남겨주세요 👇

#재테크 #청년지원금 #전월세대출 #안산시청년 #대출이자지원

🎵 Music: Inspired – Kevin MacLeod (incompetech.com), CC BY 4.0",125,0,0,131,0,,,2414,299432
18119373682852578,2026-08-05T23:42:01+0000,FEED,CAROUSEL_ALBUM,https://www.instagram.com/p/DbrV_WZD1r_/,0,0,"열심히 운동해도 살이 안 빠지는 진짜 이유가 있습니다.

다이어트 중 체중이 멈추는 정체기는 영양 불균형이 주원인입니다.
단백질이 모자라면 기초대사량이 떨어져 몸이 소비하는 칼로리가 줄어듭니다.
칼슘이 부족하면 체지방 분해 속도가 느려지고 지방 배출이 억제됩니다.
매끼 계란이나 두부를 챙기고 우유로 칼슘을 채워 대사를 다시 돌려보세요.

💾 나중에 실천할 수 있게 저장해두세요!
📌 매일 놓치기 쉬운 건강 정보 받고 싶다면 @glend_kr 팔로우!

오늘 여러분의 식단에는 단백질이 충분했나요? 댓글로 알려주세요 👇

#다이어트 #다이어트식단 #건강식단 #다이어트정체기 #단백질섭취",14,0,1,41,1,0,0,,
18159637138482851,2026-08-05T11:59:04+0000,REELS,VIDEO,https://www.instagram.com/reel/DbqFhU4EoQB/,0,0,"불안한 증시 대신 안전한 예·적금으로 돈이 몰리고 있습니다.

최근 주요 은행들이 연 7%~8% 수준의 고금리 특판 적금을 연이어 출시하고 있어요.

급여 이체나 카드 실적, 앱 가입 등 기본 조건만 채우면 누구나 우대금리를 받을 수 있습니다.

월 30만 원씩만 부어도 1년에 세전 15만 원 이상의 이자를 안전하게 확보할 수 있는 기회입니다.

한도가 소진되면 조기 마감되니 모바일 앱 특판 탭을 지금 바로 확인해 보세요!

나중에 잊지 않게 저장해두시고, 돈 되는 재테크 정보를 매일 받고 싶다면 글렌드를 팔로우하세요!

여러분은 이번 연 8% 특판 적금 가입하실 건가요? 댓글로 공유해 주세요 👇

#특판적금 #고금리적금 #재테크꿀팁 #예적금추천 #글렌드

🎵 Music: Inspired – Kevin MacLeod (incompetech.com), CC BY 4.0",125,0,0,131,0,,,2497,312185
18128348374567159,2026-08-05T06:10:01+0000,REELS,VIDEO,https://www.instagram.com/reel/DbpdkoeE8QX/,1,0,"무작정 굶는 다이어트로 요요 오셨던 분들 주목! 🚨

최근 10kg 감량 비결로 떠오른 위 크기 다이어트는 무작정 굶는 게 아니라, 뇌가 느끼는 포만감 기준을 바꿔주는 원리예요.

핵심은 딱 2가지입니다.
1. 매끼 식사량의 20%(밥 3숟가락)만 먼저 덜어내기
2. 최소 14일 동안 20분 이상 천천히 씹어 먹기

이렇게 2주만 유지하면 뇌의 포만감 적응이 시작되어 적은 양으로도 배부름을 느끼게 됩니다.

하루 500칼로리만 줄여도 한 달 체지방 2kg 감량 가능! 오늘 저녁부터 밥 한 숟가락 덜어내기부터 시작해 보세요.

나중에 식사할 때 찾아볼 수 있도록 미리 저장해두시고 건강한 정보 받아보실 분은 팔로우해 주세요!

여러분은 평소에 배가 부를 때까지 드시는 편인가요? 댓글로 알려주세요 👇

#다이어트꿀팁 #위크기다이어트 #식단조절 #건강다이어트 #체중감량

🎵 Music: Inspired – Kevin MacLeod (incompetech.com), CC BY 4.0",149,0,0,157,1,,,2130,317466
18606638332022771,2026-08-05T00:04:11+0000,FEED,CAROUSEL_ALBUM,https://www.instagram.com/p/Dbozu9MDXex/,0,0,"사장의 황당한 장난 한 번에 직원이 5m 아래로 추락했습니다.

식자재 업체에서 충격적인 사고가 발생했습니다.
작업 도중 사장이 친 장난으로 리프트가 가동되어 직원이 떨어졌습니다.
고용노동부는 즉각 해당 업체에 대한 기획감독에 나섰습니다.

📤 같이 얘기하고 싶은 친구에게 공유해주세요!
📌 매일 화제의 이슈 카드 받고 싶다면 @glend_kr 팔로우!

직장 내 장난과 안전불감증, 여러분은 어떻게 생각하시나요? 댓글로 남겨주세요 👇

#이슈 #직장인스타그램 #사건사고 #안전불감증 #고용노동부",11,0,0,36,0,0,0,,
18020930924883135,2026-08-04T11:42:00+0000,REELS,VIDEO,https://www.instagram.com/reel/Dbneu9tCiNC/,1,0,"잠 안 온다고 무작정 아무 보조제나 드시고 계셨나요?

멜라토닌과 마그네슘은 작용 원리가 전혀 다른 영양제입니다.
불면 원인에 맞춰 올바르게 먹어야 숙면 효과를 제대로 볼 수 있어요.

주야간 근무나 시차 적응이 필요할 땐 멜라토닌
스트레스와 신경 긴장 때문에 잠 못 들 땐 마그네슘 300mg
멜라토닌은 취침 2시간 전, 마그네슘은 저녁 식후 복용이 베스트입니다.

영상이 도움 되셨다면 저장하고 건강 실전 꿀팁 팔로우하세요!

여러분은 평소에 잠이 안 올 때 어떤 방법을 쓰시나요? 댓글로 남겨주세요👇

#불면증 #수면보조제 #마그네슘효능 #멜라토닌처방 #꿀잠팁

🎵 Music: Inspired – Kevin MacLeod (incompetech.com), CC BY 4.0",152,0,0,167,1,,,3214,491890
17940148032297020,2026-08-04T06:37:02+0000,REELS,VIDEO,https://www.instagram.com/reel/Dbm732zkW-H/,2,0,"교통사고 나고 8주 넘게 누워있다간 치료비 한 푼도 못 받습니다.

오는 9월 10일부터 교통사고 경상환자(12~14급)를 대상으로 한 전문심사제가 본격 시작됩니다.
그동안 과잉 진료로 자동차 보험료를 올리던 나이롱환자를 차단하기 위한 조치인데요.
사고 후 8주가 지난 시점부터는 전문의 심사를 거쳐 의학적 타당성이 입증되어야만 치료비 지급이 연장됩니다.
만약 심사에서 부적격 판정을 받으면 8주 이후 치료비는 본인이 직접 부담해야 해요.
정당한 치료는 당연히 보장되니 사고 초기부터 객관적인 진단서와 기록을 꼼꼼히 챙기셔야 합니다.

나중에 사고 났을 때 당황하지 않도록 지금 저장해두고 주변 운전자들에게도 공유해주세요!

여러분은 이번 나이롱환자 심사 강화 정책에 대해 어떻게 생각하시나요? 댓글로 의견을 남겨주세요 👇

#교통사고 #자동차보험 #운전꿀팁 #교통사고합의금 #나이롱환자

🎵 Music: Inspired – Kevin MacLeod (incompetech.com), CC BY 4.0",327,0,0,355,2,,,49931,16277626
18117762505714891,2026-08-03T23:49:30+0000,FEED,CAROUSEL_ALBUM,https://www.instagram.com/p/DbmNQexFUHa/,0,0,"3600억원 쌓여있는 미지급 의료비 환급금, 신청 안 하면 그대로 사라집니다.

병원이나 약국 이용 시 법정 한도보다 더 낸 본인부담금을 돌려주는 건강보험 환급금이 지금 수천억 원 남아있습니다.

문제는 신청 시효가 딱 3년이라 기한을 넘기면 국고로 환수되어 다시는 되찾을 수 없습니다.

국민건강보험 모바일 앱이나 홈페이지에서 1분 만에 환급 대상인지 조회하고 계좌로 즉시 받아가세요.

💾 기한 놓치기 전에 저장해두세요!

📌 매일 놓치기 쉬운 재테크 정보 받고 싶다면 @glend_kr 팔로우!

지금 조회해 보셨나요? 환급금 얼마나 나왔는지 댓글로 공유해 주세요! 👇

#재테크 #의료비환급금 #건강보험환급금 #숨은돈찾기 #본인부담상한제",13,0,0,28,0,0,0,,
18156866848495992,2026-08-03T12:47:51+0000,REELS,VIDEO,https://www.instagram.com/reel/DblBfNDCJm9/,3,0,"다슬기 잡으려다 일주일 만에 7명이 목숨을 잃었습니다!

최근 피서철을 맞아 계곡과 강에서 다슬기를 채취하다 익사하는 안타까운 사고가 속출하고 있습니다.
강바닥만 보고 걷다가 순간적으로 수심이 깊어지는 웅덩이나 급류에 빠지는 것이 주원인인데요.

물에 빠졌을 때 골든타임은 단 4분입니다.
구명조끼 착용은 선택이 아닌 필수이며, 사고 발생 시 직접 들어가지 말고 빈 페트병이나 아이스박스를 던져줘야 합니다.

피서 가기 전 이 영상 저장해두시고, 소중한 사람들에게 꼭 공유해 주세요!

여러분은 물놀이 가실 때 구명조끼 꼭 챙기시나요? 댓글로 알려주세요 👇

#물놀이안전 #다슬기채취 #익사사고 #피서철주의 #안전수칙

🎵 Music: Inspired – Kevin MacLeod (incompetech.com), CC BY 4.0",1097,4,5,1214,13,,,9464,10316646
18100717796606599,2026-08-03T06:56:02+0000,REELS,VIDEO,https://www.instagram.com/reel/DbkZOMeFKYv/,0,0,"운전대 손 뗐다가 사고 나면 독박 과실? 자율주행 도로안전법 총정리!

최근 국회에서 운전자 없는 자율주행차 사고에 대응하기 위한 도로안전법 제정을 추진 중입니다.
국내 자율주행차 보급이 빠르게 늘어났지만 사고 시 책임 주체가 애매해 분쟁이 늘었기 때문인데요.

스마트 크루즈나 차선 유지 기능을 사용하는 운전자도 주의가 필요합니다.
자율주행 모드 중이라도 전방 주시 의무를 게을리했다가 사고가 나면 운전자가 수천만 원의 과실 책임을 질 수 있습니다.

사고 발생 시 대처법
1. 사고 직후 즉시 경찰 신고
2. 차량 주행기록장치(EDR) 데이터 및 제조사 앱 주행 로그 캡처
3. 블랙박스 영상 확보 및 사고 현장 촬영

나중에 혹시 모를 사고에 대비해 이 영상 저장해두시고 주변 운전자들에게도 공유해 주세요!

자율주행 기능 자주 이용하시나요? 여러분의 생각을 댓글로 알려주세요! 👇

#자율주행 #운전꿀팁 #자동차사고 #도로안전법 #자동차정보

🎵 Music: Inspired – Kevin MacLeod (incompetech.com), CC BY 4.0",166,0,0,172,0,,,1903,317925
18099788777459097,2026-08-02T23:41:58+0000,FEED,CAROUSEL_ALBUM,https://www.instagram.com/p/DbjnmaRFj_p/,0,0,"다이어트 때문에 탄산수 매일 마셨다면 당장 이것부터 바꾸셔야 합니다.

탄산수는 pH 3~4 수준의 산성 음료라 치아 표면의 법랑질을 지속적으로 부식시킵니다.
탄산수를 마실 때는 반드시 빨대를 이용해 치아에 직접 닿는 면적을 최소화하세요.
마신 직후에는 맹물로 입안을 헹구고, 양치질은 산성이 옅어지는 30분 뒤에 해야 치아 손상을 막을 수 있습니다.

💾 나중에 실천할 수 있게 저장해두세요!
📌 매일 놓치기 쉬운 건강 정보 받고 싶다면 @glend_kr 팔로우!

여러분은 탄산수 마실 때 어떤 습관을 갖고 계신가요? 댓글로 공유해 주세요 👇

#다이어트 #치아건강 #탄산수다이어트 #치아부식 #탄산수습관",10,0,0,24,0,0,0,,
18171123016417919,2026-08-02T11:25:18+0000,REELS,VIDEO,https://www.instagram.com/reel/DbiTOzZAkFE/,4,0,"주말 낮에 세탁기 돌리고 전기요금 35% 아끼는 법!⚡

똑같이 전기를 써도 언제 쓰느냐에 따라 전기세가 크게 달라진다는 사실 알고 계셨나요?

한국전력의 주택용 계시별 요금제를 활용하면 전력 수요가 적은 주말 낮이나 심야 시간에 전기요금을 최대 35%까지 할인받을 수 있습니다.

스마트미터가 설치된 가구라면 누구나 한전ON 앱에서 간편하게 신청할 수 있어요.

4인 가구 기준 연간 약 15만 원을 아낄 수 있지만, 변경 후 1년 동안은 재변경이 불가능하니 평소 전기 사용 습관을 꼭 체크해보세요.

나중에 전기세 폭탄 피하려면 지금 이 게시물 저장해두고 꼭 활용해보세요!

여러분은 평소에 세탁기를 주로 어느 시간대에 돌리시나요? 댓글로 알려주세요! 👇

#재테크 #전기요금절약 #생활꿀팁 #한전요금제 #절약꿀팁

🎵 Music: Inspired – Kevin MacLeod (incompetech.com), CC BY 4.0",1182,3,2,1297,10,,,8323,9930043
18107055830115276,2026-08-02T06:45:40+0000,REELS,VIDEO,https://www.instagram.com/reel/DbhzOZRESG6/,0,0,"자꾸 단게 당기고 폭식하게 되나요? 🍋

그건 의지 문제가 아니라 둔해진 미각 돌기 때문일 수 있어요!

일본에서 난리 난 미각 리셋 방법 정리해드립니다.

준비물: 맹물 100ml + 생레몬즙 5방울

방법: 식사 직전 30초간 구석구석 가글하기

주의: 가글 후 맹물로 입을 다시 헹궈 치아를 보호해주세요!

딱 10일만 해보시면 가짜 허기가 싹 사라지고 자연스럽게 소식하게 됩니다.

나중에 찾아보기 위해 저장해두고 주변 식탐 왕 친구에게 공유해보세요 ✈️

오늘부터 레몬물 가글 한번 시도해보실 건가요? 댓글로 알려주세요 👇

#다이어트꿀팁 #미각리셋 #식단관리 #다이어트식단 #GLEND건강팁

🎵 Music: Inspired – Kevin MacLeod (incompetech.com), CC BY 4.0",156,0,0,177,0,,,3093,488776
18445254826191237,2026-08-01T23:30:43+0000,FEED,CAROUSEL_ALBUM,https://www.instagram.com/p/DbhBhIqoNuX/,0,0,"접촉사고 한 번에 합의금 3,000만 원, 내 자동차 보험료가 자꾸 오르는 진짜 이유입니다.

최근 5년간 한방병원 경상환자 치료비가 27%나 급증했습니다.
가벼운 접촉사고에도 과잉 진료를 받으며 과도한 합의금을 요구하는 일부 사례가 늘고 있는데요.
이러한 보험금 누수는 결국 전체 운전자의 자동차 보험료 부담으로 이어지고 있습니다.

💾 나중에 다시 볼 수 있게 저장해두세요!
📌 매일 화제의 이슈 카드 받고 싶다면 @glend_kr 팔로우!

나이롱환자 처벌 및 과잉진료 제한 강화, 여러분은 어떻게 생각하시나요? 댓글로 알려주세요 👇

#자동차 #교통사고 #자동차보험 #한방병원 #나이롱환자",15,0,0,40,0,0,0,,
17892333297603719,2026-08-01T11:07:08+0000,REELS,VIDEO,https://www.instagram.com/reel/DbfsWl2E86F/,0,0,"열대야라고 밤새 선풍기 강풍으로 켜두고 주무시나요?

선풍기 바람을 수면 중 직접 맞으면 체온이 급격히 떨어져 저체온증과 혈액순환 장애가 올 수 있습니다.

올바른 선풍기 수면 수칙 3가지
1. 선풍기 방향은 벽이나 발밑 쪽으로 틀기
2. 바람 모드는 반드시 회전으로 설정하기
3. 방 문은 조금 열어두고 타이머는 2시간 이내 세팅하기

잠들기 전 미지근한 물 한 잔도 잊지 마세요!

이 영상 저장해두시고 오늘 밤부터 바로 적용해 보세요.
매일 유익한 건강 정보가 궁금하다면 팔로우 부탁드립니다!

여러분은 밤에 선풍기 타이머 몇 시간 맞춰두고 주무시나요? 댓글로 공유해 주세요 👇

#선풍기 #열대야 #건강꿀팁 #수면건강 #여름철건강관리

🎵 Music: Inspired – Kevin MacLeod (incompetech.com), CC BY 4.0",166,0,0,182,0,,,3752,615396
18111866092765028,2026-08-01T06:23:47+0000,REELS,VIDEO,https://www.instagram.com/reel/DbfL7FGkch0/,0,0,"고속도로에서 차가 고장 났을 때 아직도 사설 렉카 부르시나요? 🚗💥

고속도로 2차 사고는 치사율이 무려 50%에 달할 정도로 매우 위험합니다.
일반 사고보다 사망 위험이 6배나 높고, 시속 100km 이상 달리는 후속 차량 때문에 대형 충돌 사고로 이어지기 쉬운데요.

한국도로공사에서는 고속도로 이용자를 위해 무료 긴급견인 서비스를 24시간 운영하고 있습니다.
가까운 휴게소나 졸음쉼터 등 안전지대까지 비용 전혀 없이 안전하게 견인해 드립니다.

사고 발생 시 비상등을 켜고 즉시 가드레일 밖으로 피신한 후 1588-2504로 연락하세요.

나와 가족의 생명을 지키는 핵심 안전 정보! 지금 저장해 두고 필요할 때 활용해 보세요.

여러분은 고속도로 긴급견인 번호를 휴대폰에 저장해 두셨나요? 댓글로 공유해 주세요 👇

#교통사고 #고속도로사고 #운전꿀팁 #무료견인 #2차사고예방

🎵 Music: Inspired – Kevin MacLeod (incompetech.com), CC BY 4.0",177,0,0,202,0,,,3250,575397
17906243130460982,2026-07-31T23:36:01+0000,FEED,CAROUSEL_ALBUM,https://www.instagram.com/p/DbedVFrIMVy/,1,0,"해외직구 반품하고 낸 세금, 안 찾아가면 그대로 날아갑니다.

해외 직구로 산 물건을 반품할 때 냈던 관세와 부가가치세도 돌려받을 수 있습니다.
반품 증빙 서류와 운송장만 있으면 관세청 유니패스에서 5분 만에 신청 가능합니다.
수입 신고한 날부터 5년 이내라면 지난 반품 건도 모두 신청할 수 있습니다.

💾 기한 놓치기 전에 저장해두세요!
📌 매일 놓치기 쉬운 재테크 정보 받고 싶다면 @glend_kr 팔로우!

해외직구 반품하고 세금 돌려받아 보신 적 있으신가요? 댓글로 알려주세요 👇

#재테크 #해외직구 #관세환급 #유니패스 #직구꿀팁",13,0,0,33,1,1,0,,
18140049784566831,2026-07-31T12:27:03+0000,REELS,VIDEO,https://www.instagram.com/reel/DbdQs5Ojm5n/,1,0,"피서철 계곡 잘못 들어갔다 과태료 300만원 물 수 있습니다!

최근 본격적인 피서철을 맞아 계곡과 강가에서 익수 사고가 급증하고 있습니다.
연간 익수 사망자의 80% 이상이 7월과 8월 여름 휴가철에 집중 발생합니다.
계곡은 급격한 수심 변화와 낮은 수온으로 심장마비 및 인명사고 위험이 매우 높습니다.
입수 금지 구역 무단 출입 시 최대 300만원 과태료가 부과되니 구명조끼 착용과 안전 수칙을 반드시 지키세요.

유용한 정보가 되었다면 저장해두고 피서 가기 전 꼭 다시 꺼내보세요!
GLEND 팔로우하고 매일 새로운 사건 사고 소식을 빠르게 확인하세요.

여러분은 이번 여름 피서지로 어디를 계획 중이신가요? 댓글로 알려주세요 👇

#계곡 #여름휴가 #물놀이안전 #계곡물놀이 #피서철안전

🎵 Music: Inspired – Kevin MacLeod (incompetech.com), CC BY 4.0",250,0,0,277,1,,,6720,1666565
17889607200415974,2026-07-31T06:46:38+0000,REELS,VIDEO,https://www.instagram.com/reel/DbcpxxUDxbX/,1,0,"KT 통신사 이용자라면 당장 확인해야 할 역대급 사건

최근 KT가 고객 컴퓨터에 악성코드를 침투시키고 일부러 통신 장애를 유발했다는 사실이 밝혀지며 540억 원의 과징금이 부과되었습니다.
웹하드나 그리드 프로그램을 자주 사용하는 KT 인터넷 및 알뜰폰 이용자분들이 주요 피해 대상입니다.
통신 속도가 이상하게 느려졌거나 인터넷 장애를 겪으셨다면 마이케이티 앱에서 품질 내역을 즉시 확인해보세요.
증거 자료를 미리 캡처해두고 방송통신위원회 통신분쟁조정위원회를 이용하시면 피해보상 절차를 진행할 수 있습니다.

이 영상 저장해두고 주변 KT 이용자들에게도 공유해서 알려주세요!

여러분은 이번 KT 과징금 논란에 대해 어떻게 생각하시나요? 댓글로 알려주세요 👇

#KT #KT과징금 #통신사논란 #통신품질 #인터넷속도

🎵 Music: Inspired – Kevin MacLeod (incompetech.com), CC BY 4.0",320,1,0,363,2,,,5262,1742050
17903168787493501,2026-07-31T00:50:46+0000,FEED,CAROUSEL_ALBUM,https://www.instagram.com/p/DbcBFw6Cfjx/,0,0,"여름철 에어컨 바람, 방치하면 시력 손상까지 이어집니다.

실내 에어컨을 오래 틀면 습도가 급격히 낮아져 눈물막이 훨씬 빠르게 증발합니다.
뻑뻑함을 느낄 때 무심코 눈을 비비면 각막에 미세한 상처가 생길 수 있습니다.
무보존제 인공눈물을 주머니에 챙기고 에어컨 직풍 노출을 반드시 피해주세요.

💾 나중에 실천할 수 있게 저장해두세요!
📌 매일 놓치기 쉬운 건강 정보 받고 싶다면 @glend_kr 팔로우!

사무실이나 차 안에서 에어컨 바람 직접 맞고 계신가요? 댓글로 알려주세요 👇

#건강관리 #안구건조증 #여름건강 #인공눈물 #에어컨바람",15,0,0,54,0,3,0,,
17859222822679518,2026-07-30T22:26:46+0000,REELS,VIDEO,https://www.instagram.com/reel/Dbbwi0wjIzZ/,0,0,"신혼부부 전세대출 이자 최대 100만원 지원 받아가세요!

고금리 시대에 매달 나가는 전세대출 이자 부담스러우셨죠?
지금 각 지자체에서 혼인 7년 이내 무주택 신혼부부에게 전세대출 이자를 최대 100만원까지 지원하고 있습니다.

주요 내용 요약
1. 대상: 혼인신고 7년 이내 무주택 신혼부부
2. 혜택: 전세대출 잔액에 따른 이자 지원 (최대 100만원)
3. 방법: 주소지 관할 주민센터 방문 또는 지자체 홈페이지 온라인 신청
4. 주의: 예산 소진 시 조기 마감되니 주민등록상 거주지 공고를 즉시 확인하세요!

나중에 신청할 때 찾아볼 수 있도록 저장해두고 주변 신혼부부에게도 공유해 주세요.
매일 유익한 재테크 정보를 얻고 싶다면 GLEND 팔로우!

여러분은 거주하시는 지역의 전세이자 지원금 신청하셨나요? 댓글로 공유해 주세요! 👇

#전세대출이자지원 #신혼부부혜택 #재테크꿀팁 #주거지원금 #GLEND

🎵 Music: Inspired – Kevin MacLeod (incompetech.com), CC BY 4.0",134,1,0,143,1,,,2891,390379
18183954007401850,2026-07-30T11:46:36+0000,REELS,VIDEO,https://www.instagram.com/reel/DbanUzeCdiw/,1,0,"무작정 굶는 다이어트는 이제 그만! 🙅‍♀️

배우 최강희가 6kg 감량에 성공하며 강력 추천한 식단을 공개합니다.

오이, 계란, 사과 조합으로 포만감은 높이고 식이섬유와 단백질까지 알차게 챙길 수 있어요.

요요 없이 건강하게 체중 조절하고 싶다면 오늘부터 바로 시작해보세요!

나중에 식단짤 때 보려면 꼭 저장해두세요 📌
매일 유용한 건강 꿀팁을 원하시면 GLEND 팔로우! ✨

여러분은 다이어트할 때 가장 자주 드시는 메뉴가 있나요? 댓글로 알려주세요 👇

#다이어트식단 #최강희다이어트 #단백질식단 #오이다이어트 #체중감량꿀팁

🎵 Music: Inspired – Kevin MacLeod (incompetech.com), CC BY 4.0",159,0,0,181,1,,,4011,645844
18608976820050964,2026-07-30T06:25:19+0000,REELS,VIDEO,https://www.instagram.com/reel/DbaCisyCtr4/,0,0,"휴가비 40만원 그냥 날리지 말고 꼭 챙기세요! 🏖️

내가 20만원만 적립하면 정부와 회사가 20만원을 추가 지원해 총 40만원의 여행 포인트를 만들어줍니다.

중소기업, 중견기업, 비영리단체 등 직장인이라면 누구나 신청할 수 있어요.

여기에 고향사랑기부제까지 함께 활용하면 10만원까지 100% 세액공제 받고 3만원 답례품 혜택까지 더 챙길 수 있습니다.

나중에 잊어버리지 않게 저장해두고, 동료 직장인들에게도 공유해 주세요!

여러분은 올해 휴가비 지원금 신청하실 건가요? 댓글로 알려주세요! 👇

#재테크 #휴가비지원 #연말정산 #근로자휴가지원사업 #고향사랑기부제

🎵 Music: Inspired – Kevin MacLeod (incompetech.com), CC BY 4.0",7,0,0,13,0,,,9868,88814
17898998745547614,2026-07-29T10:39:32+0000,REELS,VIDEO,https://www.instagram.com/reel/DbX62mkEfTQ/,0,0,"10년 동안 월세가 0원이라고? 🏠

요즘 매매·전세·월세 트리플 폭등으로 집구하기 진짜 힘드시죠?
최근 지자체와 민간 기업이 손잡고 10년 무상임대 주택 공급을 시작했습니다.
청년 및 주거 취약계층을 위해 최대 10년간 월세 전액을 면제해 줍니다.
앞으로 도심 속 빈 상가와 숙박시설도 청년 공공임대주택으로 탈바꿈할 예정이에요!
모집 공고와 소득 요건 놓치지 말고 꼭 체크해 두세요.

📌 나중에 다시 보려면 지금 '저장'해 두고,
매일 최신 재테크 꿀팁을 원하시면 @GLEND 팔로우해 보세요!

#부동산정보 #공공임대주택 #청년주거지원 #월세절약 #재테크꿀팁

🎵 Music: Inspired – Kevin MacLeod (incompetech.com), CC BY 4.0",115,0,0,132,0,,,2990,343940
18093788837624349,2026-07-29T07:42:39+0000,FEED,CAROUSEL_ALBUM,https://www.instagram.com/p/DbXmonmIN_4/,0,0,"다이어트할 때 무심코 마시던 오트밀크, 오히려 살찌고 혈당 올리는 주범일 수 있습니다! 🥛⚠️

귀리로 만든 오트밀크는 탄수화물 함량이 높아 혈당을 급격히 올립니다.
일반 우유에 비해 단백질과 칼슘 함량도 훨씬 부족합니다.
다이어트 목적이라면 반드시 당류 1g 미만 무당 아몬드유를 선택하세요.

💾 나중에 실천할 수 있게 저장해두세요!

📌 매일 놓치기 쉬운 건강 정보 받고 싶다면 @glend_economy 팔로우!

#다이어트꿀팁 #식물성음료 #오트밀크 #혈당관리 #건강습관",12,0,0,22,0,0,0,,
18152641153508317,2026-07-29T06:36:33+0000,FEED,CAROUSEL_ALBUM,https://www.instagram.com/p/DbXfEhNFWRY/,0,0,"말다툼 직후 후진한 덤프트럭에 40대 여성이 숨지는 충격적인 사고가 발생했습니다.

사고 직전 피해 여성과 운전자 사이에 주차 갈등으로 인한 말다툼이 있었던 것으로 확인됐습니다.
경찰은 단순 후진 사고인지, 고의성이 동반된 범죄인지 집중 수사에 나섰습니다.
사소한 시비가 비극으로 이어진 이번 사건에 대해 대중의 관심이 집중되고 있습니다.

📤 같이 얘기하고 싶은 친구에게 공유해주세요!
📌 매일 화제의 이슈 카드 받고 싶다면 @glend_economy 팔로우!

#덤프트럭사고 #주차갈등 #사건사고 #이슈뉴스 #글렌드뉴스",14,0,0,46,0,3,0,,
18422452378181448,2026-07-29T05:26:05+0000,FEED,CAROUSEL_ALBUM,https://www.instagram.com/p/DbXXAWkFaeU/,0,0,"자영업 사장님, 정부에서 주는 지원금 안 받으시면 그대로 손해입니다!

연 매출 기준을 충족하는 자영업자라면 전기요금부터 배달비까지 환급받을 수 있습니다.
전기요금 최대 20만원 감면과 배달·택배비 30만원 지원 혜택이 제공됩니다.
소상공인드림 누리집에서 사업자등록번호 입력 후 3분 만에 바로 신청 가능합니다.
예산 소진 시 조기 마감되니 미루지 마시고 지금 즉시 확인해보세요!

💾 기한 놓치기 전에 저장해두세요!
📌 매일 놓치기 쉬운 재테크 정보 받고 싶다면 @glend_economy 팔로우!

#자영업자지원금 #소상공인혜택 #전기요금지원 #배달비지원 #재테크꿀팁",14,0,0,48,0,0,0,,
17966320884127863,2026-07-28T10:35:40+0000,REELS,VIDEO,https://www.instagram.com/reel/DbVVnAKmkHc/,0,0,"밤에 운동하면 잠 못 잘까 봐 걱정하셨나요? 🌙

최근 연구에 따르면, 밤 운동도 '시간대'만 잘 지키면 오히려 숙면에 큰 도움이 된다고 합니다!

💡 밤 운동 골든타임 정리
- 일반 유산소 & 근력 운동: 취침 최소 2시간 전 종료
- 고강도 HIIT & 고중량 운동: 취침 최소 4시간 전 종료
- 취침 직전: 심한 운동 대신 가벼운 스트레칭 추천

운동 후 내려가는 체온이 멜라토닌 분비를 도와 꿀잠을 유도한다는 사실! 이제 퇴근 후 시간만 잘 계산해서 스마트하게 운동해 보세요. 💪

건강한 수면 루틴을 위해 지금 이 피드를 [저장]해 두고, 같이 밤 운동하는 친구에게 [공유]해 주세요!
더 많은 실전 건강 팁은 @GLEND_health 팔로우! ❤️

#밤운동 #수면건강 #오운완 #숙면팁 #건강꿀팁

🎵 Music: Inspired – Kevin MacLeod (incompetech.com), CC BY 4.0",112,0,0,123,0,,,6432,713957
18101357948246260,2026-07-28T08:09:52+0000,FEED,CAROUSEL_ALBUM,https://www.instagram.com/p/DbVE9IGmwmi/,0,0,"밤 운동, 무조건 잠을 설칠까요? 2시간 전만 지키면 됩니다!

퇴근 후 밤 운동이 수면을 방해한다는 말은 반만 맞습니다.
핵심은 운동 강도와 마치는 시각입니다.
취침 최소 2시간 전에 중강도 운동이나 스트레칭으로 마무리하면 오히려 숙면에 큰 도움이 됩니다.
오늘부터 밤 운동 골든타임을 지켜보세요!

💾 나중에 실천할 수 있게 저장해두세요!
📌 매일 놓치기 쉬운 건강 정보 받고 싶다면 @glend_economy 팔로우!

#밤운동 #숙면꿀팁 #수면질향상 #건강습관 #GLEND건강",11,0,0,33,0,0,0,,
18144939064552863,2026-07-28T06:46:18+0000,FEED,CAROUSEL_ALBUM,https://www.instagram.com/p/DbU7ZBQG9hl/,1,0,"오른발이 꺾인 채 걷는 이 남성을 보셨나요?

통영 살인사건 용의자의 CCTV 모습이 47일 만에 전격 공개됐습니다.
모자와 복면을 쓴 채 오른발을 특이하게 꺾으며 걷는 특징이 있습니다.
결정적 제보를 제공한 사람에게는 현상금 1억 원이 지급됩니다.
주변에 유사한 걸음걸이를 가진 사람이 있다면 즉시 112로 신고해주세요.

📤 같이 얘기하고 싶은 친구에게 공유해주세요!
📌 매일 화제의 이슈 카드 받고 싶다면 @glend_economy 팔로우!

#통영살인사건 #공개수배 #현상금1억 #사건사고 #이슈",866,0,5,77,7,1,0,,
17884408776459045,2026-07-28T05:39:07+0000,FEED,CAROUSEL_ALBUM,https://www.instagram.com/p/DbUzs_gG9NG/,0,0,"서울 청년이라면 10만 원 상당 1:1 재무상담을 공짜로 받을 수 있다는 사실, 알고 계셨나요?

서울시에서 운영하는 '서울 영테크'는 청년 맞춤 재무 컨설팅 지원 제도입니다.
자산관리 전문가가 1:1로 저축, 투자, 내 집 마련 플랜까지 무료로 상담해 줍니다.
만 19~39세 서울시 청년이라면 누구나 신청할 수 있으니 꼭 혜택 챙기세요!

💾 기한 놓치기 전에 저장해두세요!
📌 매일 놓치기 쉬운 재테크 정보 받고 싶다면 @glend_economy 팔로우!

#서울영테크 #무료재무상담 #청년재테크 #서울시청년지원 #재무컨설팅",11,1,0,30,1,0,0,,
17977106151118136,2026-07-27T11:21:19+0000,REELS,VIDEO,https://www.instagram.com/reel/DbS2C-jE7ag/,3,0,"원숭이도 위험했던 실험을 6세 아이에게 강행한 사건 😱

원숭이 임상 단계에서 심각한 부작용이 확인됐음에도, 중국 연구진이 6세 아동에게 투여를 강행해 결국 숨지는 사건이 발생했습니다.
치명적인 위험을 알고도 부모에게는 제대로 설명조차 하지 않았는데요.
더 충격적인 건, 아이의 사망 사실을 숨긴 채 성공 사례로 포장해 세계적 학술지 '네이처'에 논문까지 발표했다는 점입니다.
비윤리적 실태가 폭로되자 학계의 거센 비판과 함께 조사가 시작되었지만, 인간의 존엄성을 저버린 실태에 공분이 커지고 있습니다.

매일 터지는 최신 이슈가 궁금하다면? 저장하고 @GLEND 팔로우하세요!

#중국논란 #의료윤리 #임상실험 #충격사건 #GLEND

🎵 Music: Inspired – Kevin MacLeod (incompetech.com), CC BY 4.0",1191,0,0,1318,3,,,20961,24839791
18611552830028084,2026-07-27T08:19:40+0000,FEED,CAROUSEL_ALBUM,https://www.instagram.com/p/DbShSC2m6Zx/,0,0,"다이어트 성공의 핵심은 의지가 아니라 '주방 환경'입니다!

식탁 위 과자나 음료수가 눈에 보이면 뇌가 자극을 받아 섭취량이 최대 3배까지 늘어납니다.
다이어트를 망치는 가장 큰 원인은 눈에 보이는 위치에 있는 초가공식품입니다.
오늘 당장 눈에 보이는 간식거리를 서랍 속으로 숨기고, 눈앞엔 신선한 과일과 견과류를 두세요.

💾 나중에 실천할 수 있게 저장해두세요!
📌 매일 놓치기 쉬운 건강 정보 받고 싶다면 @glend_economy 팔로우!

#다이어트꿀팁 #식단관리 #건강습관 #다이어트식단 #GLEND건강",10,0,0,42,0,1,0,,
17899569900546124,2026-07-27T07:01:50+0000,FEED,CAROUSEL_ALBUM,https://www.instagram.com/p/DbSYX8SG-BJ/,0,0,"성수대교 참사 재현될까? 동작대교에서 8cm 단차가 발견되어 충격을 주고 있습니다.

아스팔트 상판 균열로 위험천만한 단차가 생겨 사고 우려가 높습니다.
평소 자주 이용하는 교량인 만큼 운전자들의 주의가 절실한 상황입니다.
이상 징후 발견 시 지체 없이 120 다산콜센터로 신고하시기 바랍니다.

💾 나중에 다시 볼 수 있게 저장해두세요!

📌 매일 화제의 이슈 카드 받고 싶다면 @glend_economy 팔로우!

#동작대교 #교통사고 #안전주의 #뉴스이슈 #GLEND",7,0,0,18,0,0,0,,
18083476175410322,2026-07-27T05:55:40+0000,FEED,CAROUSEL_ALBUM,https://www.instagram.com/p/DbSQzTiFt-k/,0,0,"7월 재산세 고지서 받으셨나요? 그냥 납부하면 무조건 손해입니다!

주요 카드사에서 재산세 납부 시 무이자할부 및 캐시백 혜택을 제공하고 있습니다.
또한, 공시가격 오류로 재산세가 터무니없이 올랐다면 이의신청을 통해 환급받을 수 있습니다.
납부기한인 7월 31일이 지나면 3%의 가산세가 부과되니 반드시 기한 내 혜택받고 납부하세요.

💾 기한 놓치기 전에 저장해두세요!

📌 매일 놓치기 쉬운 재테크 정보 받고 싶다면 @glend_economy 팔로우!

#재산세 #세테크 #카드사혜택 #절세꿀팁 #GLEND",10,0,0,29,0,0,0,,
18259777156306261,2026-07-26T10:00:33+0000,REELS,VIDEO,https://www.instagram.com/reel/DbQIAj8iRLP/,1,0,"자녀 있는 부모님들 필독! 최고 연 8.0% 적금 등장🔥

케이뱅크에서 역대급 금리의 '마이키즈 적금'을 출시했습니다!

▪ 최고 금리: 연 8.0% (기본 3.0% + 우대 최대 5.0%p)
▪ 가입 대상: 만 14세 미만 자녀를 둔 부모님
▪ 월 납입 limit: 최대 20만 원 (12개월/24개월)
▪ 신청 방법: 케이뱅크 앱에서 서류 없이 바로 신청!

아이 용돈이나 아동수당 차곡차곡 모아주기 정말 좋은 기회예요.

📌 더 빠르고 정확한 재테크 꿀팁을 받고 싶다면? @GLEND 팔로우 & 저장하기!

🎵 Music: Inspired – Kevin MacLeod (incompetech.com), CC BY 4.0",114,0,0,130,1,,,1966,228131
18173005429430082,2026-07-26T07:50:54+0000,FEED,CAROUSEL_ALBUM,https://www.instagram.com/p/DbP5MWpG6W4/,0,0,"1번 비싼 계란만 고집했다면 주목하세요!
계란 끝에 적힌 번호(1~4번)는 영양 차이가 아니라 닭의 사육 환경을 뜻합니다.
비싼 1번이나 저렴한 4번이나 단백질과 핵심 영양 성분은 똑같습니다.
비싼 번호보다 훨씬 중요한 건 바로 최신 '산란일자'입니다.
앞으로는 번호보다 산란일자를 확인해서 신선하고 알뜰하게 골라보세요.

💾 나중에 실천할 수 있게 저장해두세요!
📌 매일 놓치기 쉬운 건강 정보 받고 싶다면 @glend_economy 팔로우!

#계란 #건강꿀팁 #다이어트식단 #장보기팁 #식단관리",12,0,0,27,0,0,0,,
18095350058458378,2026-07-26T06:33:28+0000,FEED,CAROUSEL_ALBUM,https://www.instagram.com/p/DbPwVK0n4CC/,0,0,"노원역 한복판에서 6중 추돌 사고가 발생해 9명이 다쳤습니다.

60대 운전자는 차량 급발진을 강력하게 주장하고 있습니다.
경찰관을 포함해 9명이 병원으로 이송되는 대형 사고였습니다.
최근 잇따르는 급발진 주장 사고에 대중의 불안감이 커지고 있습니다.

💾 나중에 다시 볼 수 있게 저장해두세요!
📌 매일 화제의 이슈 카드 받고 싶다면 @glend_economy 팔로우!

#노원역사고 #급발진논란 #교통사고 #급발진대처 #이슈이슈",19,0,0,45,0,0,0,,
17972818854085662,2026-07-26T05:20:46+0000,FEED,CAROUSEL_ALBUM,https://www.instagram.com/p/DbPoA1qDd-s/,0,0,"연 8.0% 역대급 고금리 적금, 아이 있다면 지금 바로 확인하세요!

케이뱅크에서 최고 연 8.0% 금리를 제공하는 '마이키즈 적금'을 출시했습니다.
만 12세 이하 자녀가 있다면 누구나 가입할 수 있고, 월 최대 100만 원까지 납입이 가능합니다.
신규 가입 기본 금리부터 우대 조건까지 알차게 챙겨서 이자 수익 놓치지 마세요!

💾 기한 놓치기 전에 저장해두세요!

📌 매일 놓치기 쉬운 재테크 정보 받고 싶다면 @glend_economy 팔로우!

#케이뱅크 #적금추천 #고금리적금 #마이키즈적금 #재테크꿀팁",13,0,0,45,0,0,0,,
17930043789358760,2026-07-25T09:47:05+0000,REELS,VIDEO,https://www.instagram.com/reel/DbNhq5UjIL9/,1,0,"밥 먹고 바로 마시는 아이스 아메리카노, 혹시 여러분의 매일 습관인가요?☕

식사 직후 마시는 커피는 카페인 성분이 인슐린 민감성을 떨어뜨려 식후 혈당을 최대 50%까지 급상승시킵니다.
게다가 음식을 통해 섭취한 철분과 칼슘의 흡수를 방해해 만성 피로와 영양 결핍을 유발할 수 있어요.
특히 당뇨 위험이 있거나 빈혈이 있으신 분들은 식후 커피 습관을 반드시 바꿔야 합니다.
커피는 식사가 소화될 수 있도록 최소 30분에서 1시간 뒤에 마시는 것이 가장 좋습니다.
오늘부터 식후 입가심은 커피 대신 따뜻한 보리차나 물 한 잔으로 바꿔보세요!

나와 가족의 건강을 위해 이 영상 저장해두고 공유해보세요!❤️
매일 알찬 건강 실전 팁을 받아보려면 @GLEND 팔로우!

#건강꿀팁 #식후커피 #혈당스파이크 #당뇨예방 #건강습관

🎵 Music: Inspired – Kevin MacLeod (incompetech.com), CC BY 4.0",126,0,0,140,1,,,5314,669647
18466884202105539,2026-07-25T08:14:38+0000,FEED,CAROUSEL_ALBUM,https://www.instagram.com/p/DbNXHbnFoPJ/,0,0,"여름철 열대야 때문에 창문 열어두고 주무시나요? 😱

창문을 열고 자면 밤새 미세 소음으로 미세 수면 장애가 발생합니다.
새벽의 급격한 체온 변화는 면역 체계를 교란해 감기 원인이 됩니다.
창문을 꼭 닫고 에어컨 예약 타이머 2시간을 설정해 보세요.
수면에 가장 이상적인 실내 적정 온도는 24~26도입니다.

💾 나중에 실천할 수 있게 저장해두세요!

📌 매일 놓치기 쉬운 건강 정보 받고 싶다면 @glend_economy 팔로우!

#수면건강 #숙면팁 #열대야 #건강습관 #수면장애",19,0,0,57,0,0,0,,
18020854964892398,2026-07-25T06:44:33+0000,FEED,CAROUSEL_ALBUM,https://www.instagram.com/p/DbNMzqrFh3s/,0,0,"인도에서 갑자기 덮치는 전동 킥보드, 여러분은 안 무서우신가요?

보행자 겸용 도로에서 킥보드 충돌 사고가 잇따르고 있습니다.
헬멧 미착용과 과속 운전으로 보행자의 안전이 위협받고 있죠.
인도 수시 침범과 단속 미비가 피해를 더욱 키우는 상황입니다.

📤 같이 얘기하고 싶은 친구에게 공유해주세요!
📌 매일 화제의 이슈 카드 받고 싶다면 @glend_economy 팔로우!

#전동킥보드 #킥보드사고 #보행자안전 #도로교통법 #이슈뉴스",16,0,0,44,0,0,0,,
18218784304333148,2026-07-25T05:32:07+0000,FEED,CAROUSEL_ALBUM,https://www.instagram.com/p/DbNEhKult50/,0,0,"여행 비용 절반 돌려주는 정부 지원금 혜택 알고 계셨나요?

지역사랑 휴가지원 사업으로 여행비의 50%를 환급받을 수 있습니다.
1인당 최대 10만 원까지 현금성 포인트나 지역화폐로 지급됩니다.
여행 전 지자체 누리집에서 사전 신청 후 영수증만 제출하면 끝!

💾 기한 놓치기 전에 저장해두세요!
📌 매일 놓치기 쉬운 재테크 정보 받고 싶다면 @glend_economy 팔로우!

#지역사랑휴가지원 #여행비환급 #정부지원금 #재테크꿀팁 #반값여행",9,0,0,34,0,0,0,,
18115261370301289,2026-07-24T10:17:46+0000,REELS,VIDEO,https://www.instagram.com/reel/DbLAYl7gHHl/,0,0,"😱 유명 브랜드 티셔츠에 태극기가 거꾸로?!

유명 스포츠 브랜드 뉴발란스의 신상 티셔츠에서 태극 문양이 뒤집혀 인쇄되는 황당한 사고가 발생했습니다.

건곤감리는 올바르게 들어갔지만, 중앙의 태극 문양 아래위가 반대로 찍힌 것인데요.

소비자들의 지적이 쏟아지자 브랜드 측은 즉시 판매를 중단하고 전량 회수 조치에 나섰습니다.

구매 고객에게는 전액 환불을 진행 중이라고 하네요.

국가 상징 디자인에 최소한의 확인도 없었다는 아쉬운 목소리가 나오고 있습니다.

더 빠른 트렌드 이슈 소식은 @GLEND 저장 및 팔로우 누르고 매일 확인해보세요! 📌

#뉴발란스 #태극기논란 #뉴발란스티셔츠 #이슈뉴스 #GLEND

🎵 Music: Inspired – Kevin MacLeod (incompetech.com), CC BY 4.0",270,0,1,298,1,,,7107,1904757
18099775160621707,2026-07-24T08:13:27+0000,FEED,CAROUSEL_ALBUM,https://www.instagram.com/p/DbKyL1NFtOk/,0,0,"식물성 단백질, 하나만 먹으면 영양 결핍 위험하다는 사실 알고 계셨나요?

식물성 단백질은 동물성과 달리 특정 필수 아미노산이 부족합니다.
콩에는 메티오닌이 부족하고, 쌀에는 리신이 부족해 단독으로 먹으면 체내 합성률이 떨어져요.
따라서 쌀밥에 콩을 섞어 먹거나, 통곡물에 견과류를 곁들여 서로 부족한 아미노산을 채워줘야 합니다.

💾 나중에 실천할 수 있게 저장해두세요!

📌 매일 놓치기 쉬운 건강 정보 받고 싶다면 @glend_economy 팔로우!

#식물성단백질 #단백질섭취법 #건강꿀팁 #다이어트식단 #영양결핍예방",11,0,0,24,0,0,0,,
18097399142205496,2026-07-24T06:58:11+0000,FEED,CAROUSEL_ALBUM,https://www.instagram.com/p/DbKpkrilrMZ/,0,0,"포르쉐 선물하고 남녀 3명과 숨진 아내 사건의 충격적 전말...

40대 아내가 남녀 3명과 함께 숨진 채 발견되었습니다.
현장에는 배신감과 비극적 내용이 담긴 유서가 남겨졌는데요.
재산과 관계 속 극단적 갈등에 대한 파장이 일고 있습니다.

📤 같이 얘기하고 싶은 친구에게 공유해주세요!
📌 매일 화제의 이슈 카드 받고 싶다면 @glend_economy 팔로우!

#포르쉐사건 #아내유서 #충격사건 #사건사고 #이슈이슈",30,0,0,69,0,2,0,,
18615439357035742,2026-07-24T05:31:39+0000,FEED,CAROUSEL_ALBUM,https://www.instagram.com/p/DbKfq4zFnYJ/,0,0,"전기요금 절약하고 정부에서 현금 10만원 환급받는 법 알려드립니다!

탄소중립포인트(에너지)제도는 전기·가스·수도를 아끼면 현금을 주는 정부 제도입니다.
과거 2년 평균 사용량 대비 5% 이상 절약하면 연간 최대 10만원 이상을 환급받을 수 있어요.
한 번 가입해두면 지정한 계좌로 매년 6월과 12월에 알아서 현금이 지급됩니다.
탄소중립포인트 에너지 공식 누리집에서 3분 만에 신청하고 혜택 챙기세요!

💾 기한 놓치기 전에 저장해두세요!
📌 매일 놓치기 쉬운 재테크 정보 받고 싶다면 @glend_economy 팔로우!

#탄소중립포인트 #에너지절약 #정부지원금 #재테크꿀팁 #전기세절약",12,0,0,28,0,0,0,,
18101756921176485,2026-07-23T10:24:51+0000,REELS,VIDEO,https://www.instagram.com/reel/DbIcZk-CZf5/,0,0,"대출 이자 할인받으려고 카드 실적 채웠는데, 실적 미달이라고 나온 적 있으신가요? 😱

금융감독원과 주요 은행들이 이 숨어있던 카드 실적 조건을 전면 개선합니다!

- 기존: 무이자 할부, 국세, 상품권 결제 등 실적 대거 제외
- 변경: 카드 실적 제외 항목을 0~1개로 대폭 축소 (할부액도 실적 인정)
- 대상: 신한, 우리, 하나은행 등 대출 우대금리 적용 차주
- 효과: 실적 채우기가 대폭 쉬워져 대출 이자 감면 혜택 유지 용이

지금 거래 중인 은행 앱에 들어가서 내 우대금리 실적 인정 기준을 다시 한번 점검해 보세요!

💡 매일 가장 빠르게 전달되는 실전 재테크 꿀팁, 'GLEND' 팔로우하고 아까운 내 돈 지키세요!

#대출금리 #우대금리 #카드실적 #대출이자절감 #재테크꿀팁

🎵 Music: Inspired – Kevin MacLeod (incompetech.com), CC BY 4.0",111,0,0,120,0,,,2178,243952
17943325557260629,2026-07-23T08:47:03+0000,FEED,CAROUSEL_ALBUM,https://www.instagram.com/p/DbIRPFbG_4Z/,0,0,"급하게 살 뺐다가 피부 탄력 다 무너지고 늙어 보인 적 없으신가요?😱

단기간 무리한 다이어트는 지방보다 근육과 콜라겐을 먼저 파괴시킵니다.
월 2kg 이하로 천천히 감량해야 피부 늘어짐을 예방할 수 있습니다.
매일 체중(kg)당 단백질 1g 섭취와 수분 2L 보충을 꼭 병행하세요!
주 3회 근력 운동으로 피부 아래 바탕 근육을 단단히 채워줘야 합니다.

💾 나중에 실천할 수 있게 저장해두세요!

📌 매일 놓치기 쉬운 건강 정보 받고 싶다면 @glend_economy 팔로우!

#다이어트꿀팁 #피부탄력 #체중감량 #건강습관 #GLEND",12,0,0,32,0,0,0,,
18336338059187074,2026-07-23T07:28:31+0000,FEED,CAROUSEL_ALBUM,https://www.instagram.com/p/DbIIP9gGxzI/,0,0,"가족에게 카드 빌려줬다가 분실하면 1원도 보상 못 받는다는 사실, 알고 계셨나요?

여신전문금융업법상 신용카드는 본인 외 양도나 대여가 엄격히 금지됩니다.
부모나 배우자에게 빌려준 카드라도 타인 대여로 간주해 보상 대상에서 제외됩니다.
안전한 사용을 위해 정식 '가족카드'를 발급받아 사용하는 것이 최선입니다.
사고 발생 시에는 카드사 및 금융감독원(1332)에 즉시 신고해야 합니다.

📤 같이 얘기하고 싶은 친구에게 공유해주세요!

📌 매일 화제의 이슈 카드 받고 싶다면 @glend_economy 팔로우!

#신용카드 #가족카드 #재테크팁 #금융상식 #카드분실",8,0,0,19,0,0,0,,
18217198189335215,2026-07-23T06:02:27+0000,FEED,CAROUSEL_ALBUM,https://www.instagram.com/p/DbH-Zjmm7qd/,0,0,"전기·가스 요금 절약하고 매년 현금으로 돌려받는 법 아시나요?

탄소중립포인트(에너지) 제도는 전기, 수도, 가스 사용량을 줄이면 현금이나 상품권으로 인센티브를 주는 정부 지원 제도입니다.
지난 2년 평균 사용량 대비 5% 이상 절감하면 연간 최대 10만 원까지 계좌로 지급받을 수 있습니다.
한 번만 가입해두면 매년 정산되어 알아서 입금되니 아직 안 하셨다면 지금 바로 신청하세요!

💾 기한 놓치기 전에 저장해두세요!

📌 매일 놓치기 쉬운 재테크 정보 받고 싶다면 @glend_economy 팔로우!

#탄소중립포인트 #에너지절약 #전기세절약 #정부지원금 #재테크꿀팁",16,0,0,43,0,1,0,,
18008137913755204,2026-07-22T10:26:17+0000,REELS,VIDEO,https://www.instagram.com/reel/DbF3xl9AK8P/,1,0,"🚨 저녁 6시에 숟가락 내려놓아야 하는 이유!

밤늦게 먹는 저녁 식사가 뇌혈관 건강을 위협한다는 사실, 알고 계셨나요?

최근 연구에 따르면 저녁 식사를 6시에 마치면 수면의 질이 획기적으로 올라가고, 뇌혈관 질환 위험도 28%나 감소합니다.

잠들기 최소 4시간 전 식사를 마쳐야 우리 장기도 밤새 휴식을 취할 수 있어요.

오늘부터 저녁 식사 시간을 조금만 당겨보세요! 내 몸이 달라집니다.

건강한 생활 꿀팁이 더 궁금하다면? @GLEND 팔로우 & 저장해두고 매일 챙겨보세요! 💡

#저녁식사시간 #뇌혈관건강 #수면의질 #건강습관 #GLEND건강팁

🎵 Music: Inspired – Kevin MacLeod (incompetech.com), CC BY 4.0",112,1,0,126,2,,,4482,506546
18065787467487517,2026-07-22T08:13:36+0000,FEED,CAROUSEL_ALBUM,https://www.instagram.com/p/DbFonPElNOS/,0,0,"밤늦게 먹는 습관, 뇌를 서서히 죽이고 있나요?
늦은 시간 식사는 수면의 질을 떨어뜨려 뇌 건강에 치명적입니다.
특히 저녁 6시 이후 음식 섭취는 소화 기관과 뇌에 과부하를 줍니다.
뇌혈관 질환 위험을 최대 28%까지 낮춘 연구 결과도 있어요.
자기 전 4시간 공복을 유지하여 뇌 휴식 시간을 확보해 주세요.
💾 나중에 실천할 수 있게 저장해두세요!
📌 매일 놓치기 쉬운 건강 정보 받고 싶다면 @glend_economy 팔로우!
#야간금식 #저녁식사 #뇌건강 #수면개선 #GLEND",11,0,0,36,0,0,0,,
18088227149647643,2026-07-22T06:50:38+0000,FEED,CAROUSEL_ALBUM,https://www.instagram.com/p/DbFfHdqFVZL/,0,0,"꽃다운 18세, '고질라' 배우 비극... 당신도 예외 아닙니다.
영화 '고질라' 배우의
18세 갑작스런 사망
과속이 원인이라니!
도로 위 안전은 필수
💾 나중에 다시 볼 수 있게 저장해두세요!
📌 매일 화제의 이슈 카드 받고 싶다면 @glend_economy 팔로우!
#고질라 #교통사고 #안전운전 #비극 #젊은삶",12,0,0,36,0,0,0,,
18541553293077907,2026-07-22T05:22:28+0000,FEED,CAROUSEL_ALBUM,https://www.instagram.com/p/DbFVBu4lXzg/,0,0,"월 10만원씩 절약하고 현금으로 돌려받는 방법, 몰랐다면 손해!
전기, 수도, 가스를 아껴 쓰면 정부가 최대 10만원을 줍니다.
에코마일리지 프로그램은 절약한 에너지 양에 따라 현금 또는 상품권으로 돌려받을 수 있어요.
지금 바로 에코마일리지 홈페이지나 거주지 주민센터에서 신청하세요!
여름철 폭탄 요금 걱정 없이 똑똑하게 절약하고 돈 벌어요!
💾 기한 놓치기 전에 저장해두세요!
📌 매일 놓치기 쉬운 재테크 정보 받고 싶다면 @glend_economy 팔로우!
#에코마일리지 #에너지절약 #생활비절약 #재테크꿀팁 #정부지원금",10,0,0,30,0,0,0,,
18100754702237346,2026-07-21T23:22:40+0000,REELS,VIDEO,https://www.instagram.com/reel/DbEr0s4FeL9/,1,0,"모르면 70만원 손해 보는 운전면허 지원금?! 😱

✅ 2026년 하반기부터 운전면허 취득 비용을 지원하는 새로운 제도가 도입될 예정이에요.
✅ 최대 70만원 상당의 바우처나 현금으로 학원비 부담을 확 줄일 수 있답니다!
✅ 주로 청년층이나 특정 소득 기준에 맞춰 지원될 것으로 보여요.
✅ 아직 구체적인 내용은 미정이라, 공고가 나오면 바로 GLEND에서 알려드릴게요!
✅ 면허 취득 계획 있다면, 70만원 혜택 꼭 챙겨가세요!

#GLEND 팔로우하고, 돈 되는 정보 놓치지 마세요!
#운전면허 #면허지원금 #재테크 #경제상식 #꿀팁

🎵 Music: Inspired – Kevin MacLeod (incompetech.com), CC BY 4.0",207,0,2,226,3,,,3195,642365
18424576405177826,2026-07-21T09:14:11+0000,REELS,VIDEO,https://www.instagram.com/reel/DbDKt8LjRzy/,1,0,"모르면 70만원 손해 보는 운전면허 지원금!

🚘 2026년 하반기부터 시행될 운전면허 지원금 소식, 알고 계셨나요?
💸 신규 운전면허 취득 시 학원비와 응시료 등 최대 70만원까지 돌려받을 수 있는 기회입니다!
👨‍🎓 지원 대상은 만 18~34세 청년 구직자 및 사회초년생, 저소득층 등으로 확대될 예정이에요.
💻 신청은 각 지자체 고용센터를 통해 온라인 또는 방문 접수로 가능하니 미리 확인하세요.
💰 아직 예산 확보와 조례 제정 과정이 남아있으니, 관련 소식을 꾸준히 지켜보는 것이 중요합니다.

미리 준비해서 70만원 꼭 챙겨가세요! 잊지 않게 저장하고, 친구에게도 알려주세요!
#운전면허지원금 #재테크 #경제꿀팁 #청년지원 #GLEND",132,0,1,146,2,,,2530,328924
18354738406246450,2026-07-20T08:12:00+0000,FEED,CAROUSEL_ALBUM,https://www.instagram.com/p/DbAe1qfm1wZ/,0,0,"당신의 몸속 영양 시한폭탄, 혹시 모르고 계셨나요?
한국인 3명 중 1명이 겪는다는 영양 불균형!
무기력감, 푸석한 피부, 잦은 잔병치레가 그 신호일 수 있어요.
지금 바로 내 식단을 점검하고, 통곡물과 오색 채소로 균형을 되찾으세요.
오늘부터 작은 습관 변화가 큰 건강으로 이어집니다!
💾 나중에 실천할 수 있게 저장해두세요!
📌 매일 놓치기 쉬운 건강 정보 받고 싶다면 @glend_economy 팔로우!
#영양불균형 #건강식단 #다이어트식단 #건강관리 #글렌드",9,0,0,28,0,0,0,,
18111167588318859,2026-07-20T07:00:53+0000,FEED,CAROUSEL_ALBUM,https://www.instagram.com/p/DbAWs5Mm3aS/,0,0,"만삭의 산모가 교통사고 후 병원에서 5시간 넘게 거부당했다면 믿으시겠어요?
최근 임신 31주차 산모가 교통사고로 중상을 입었지만, 경북 지역 내 여러 병원에서 응급 수용을 거부당하는 충격적인 사건이 발생했어요.
산모는 결국 5시간 넘게 이송된 대전에서 무사히 분만했지만, 이러한 '응급실 뺑뺑이' 논란은 잊을만하면 반복되고 있습니다.
특히 필수의료 인력 부족과 지역 의료 붕괴 문제가 심화되며, 긴급한 상황에 처한 환자들이 생명을 위협받는 일이 잦아지고 있어요.
과연 우리 사회는 모두가 안전하게 치료받을 권리를 보장하고 있을까요?
💾 나중에 다시 볼 수 있게 저장해두세요!
📌 매일 화제의 이슈 카드 받고 싶다면 @glend_economy 팔로우!
#응급실뺑뺑이 #지역의료붕괴 #산모안전 #의료시스템 #사회이슈",10,0,0,26,0,0,0,,
17894247177565327,2026-07-20T05:38:38+0000,FEED,CAROUSEL_ALBUM,https://www.instagram.com/p/DbANSbqGyHD/,0,0,"N잡러라고 세금 신경 안 쓰면 큰코다칩니다!
이번 부가세는 27일 마감!
간이과세자 4,800만 초과 시
일반과세로 신고해야 해요.
홈택스에서 지금 바로 확인!
💾 기한 놓치기 전에 저장해두세요!
📌 매일 놓치기 쉬운 재테크 정보 받고 싶다면 @glend_economy 팔로우!
#N잡러 #부가세 #세금 #재테크 #절세",7,0,0,19,0,0,0,,
17935507944093346,2026-07-19T07:39:38+0000,FEED,CAROUSEL_ALBUM,https://www.instagram.com/p/Da92VtXm5RQ/,0,0,"잠만 잘 자도 살 빠진다는 사실, 알고 계셨나요?
적게 먹는데도 살이 찌는 것 같다고요?
충분한 수면이 부족하면 식욕 호르몬이 과다 분비돼요.
이로 인해 식욕이 늘고 지방 축적이 쉬워집니다.
오늘부터 하루 7~8시간 숙면으로 건강한 다이어트 시작하세요!
💾 나중에 실천할 수 있게 저장해두세요!
📌 매일 놓치기 쉬운 건강 정보 받고 싶다면 @glend_economy 팔로우!
#꿀잠다이어트 #수면다이어트 #다이어트꿀팁 #건강한습관 #글렌드",17,0,2,46,2,0,0,,
18166509622448819,2026-07-19T06:31:36+0000,FEED,CAROUSEL_ALBUM,https://www.instagram.com/p/Da9ujgjliVJ/,0,0,"연 10% 특판, 혹해서 가입했다가 이자 1% 받을 수도 있어요!
은행들이 고객을 유치하려고 고금리 특판 상품을 쏟아내고 있어요.
하지만 대부분 우대금리 조건이 까다롭거나 가입 기간이 짧죠.
급여 이체, 카드 실적, 자동이체 등 숨겨진 조건을 꼼꼼히 확인해야 손해 보지 않아요.
중도 해지 시 이자율도 반드시 따져보고 가입하세요!

💾 기한 놓치기 전에 저장해두세요!
📌 매일 놓치기 쉬운 재테크 정보 받고 싶다면 @glend_economy 팔로우!
#고금리적금 #특판예금 #은행금리 #재테크꿀팁 #GLEND",11,0,0,49,0,1,0,,
18124970596674832,2026-07-19T05:05:33+0000,FEED,CAROUSEL_ALBUM,https://www.instagram.com/p/Da9ktUmlqzn/,0,0,"최대 300만원 상금, 모두의카드 쓰면 누구나 도전 가능!
'모두의카드' 600만 달성 이벤트로 수기 공모전이 진행됩니다.
본인의 카드 사용 경험을 제출하고 총 상금 600만원에 도전하세요.
5월 31일까지 모두의카드 앱/사이트에서 신청할 수 있습니다.
💾 기한 놓치기 전에 저장해두세요!
📌 매일 놓치기 쉬운 재테크 정보 받고 싶다면 @glend_economy 팔로우!
#모두의카드 #카드이벤트 #수기공모전 #재테크꿀팁 #상금",16,0,0,49,0,1,0,,
17982268059052831,2026-07-18T06:48:36+0000,FEED,CAROUSEL_ALBUM,https://www.instagram.com/p/Da7LtInG5FZ/,0,0,"서울 아파트, 지금 안 사면 10년 후 후회할 지도 몰라요!
전세금을 활용한 갭투자가 핵심입니다.
4억대로 15억짜리 아파트를 살 수 있는 절호의 기회!
하락장에서 나오는 급매물을 노려 서울 외곽 전세가율 높은 곳을 집중 분석해야 해요.
💾 기한 놓치기 전에 저장해두세요!
📌 매일 놓치기 쉬운 재테크 정보 받고 싶다면 @glend_economy 팔로우!
#서울아파트 #갭투자 #부동산투자 #재테크 #아파트급매",15,0,0,43,0,1,0,,
18122334439837594,2026-07-17T08:37:19+0000,FEED,CAROUSEL_ALBUM,https://www.instagram.com/p/Da4zWg3G3Cj/,0,0,"삼성 가전 배송 지연? 가만히 있으면 손해! 지금 바로 환급/보상 받으세요!
✔️ 삼성 가전 배송이 7일 이상 지연되었다면,
✔️ 단순 취소를 넘어 환불 또는 지연 보상까지!
✔️ 삼성전자 서비스에 전화 상담으로
✔️ 본인 해당 여부를 지금 바로 확인해 보세요.
💾 기한 놓치기 전에 저장해두세요!
📌 매일 놓치기 쉬운 재테크 정보 받고 싶다면 @glend_economy 팔로우!
#삼성가전 #배송지연 #환급 #재테크꿀팁 #GLEND",98,0,1,182,1,2,0,,
17871494352688829,2026-07-16T05:11:14+0000,FEED,CAROUSEL_ALBUM,https://www.instagram.com/p/Da12-TAjjN8/,0,0,"구리시 무주택 신혼부부라면 최대 100만원 이자 지원 놓치지 마세요!
구리시 거주 무주택 신혼부부 대상
혼인 기간 7년 이내, 소득 기준 충족 시 가능
최대 100만원, 2년간 대출 이자 지원!
구리시청 홈페이지에서 상세 조건과 서류를 확인하세요.
💾 기한 놓치기 전에 저장해두세요!
📌 매일 놓치기 쉬운 재테크 정보 받고 싶다면 @glend_economy 팔로우!
#구리시 #신혼부부대출 #전세자금대출 #이자지원 #재테크꿀팁",13,0,0,34,0,0,0,,
18011319755925817,2026-07-15T05:23:01+0000,FEED,CAROUSEL_ALBUM,https://www.instagram.com/p/DazThrtkfSp/,0,0,"남해 여행 계획 중이라면, 이 혜택 놓치면 손해예요!
남해군 ‘반반남해’ 3차 사업, 8월 여행객 대상이에요.
일반 관광객은 여행경비 최대 50%, 청년은 최대 70% 환급!
남해군 관광포털에서 선착순 신청이니 서두르세요!
💾 기한 놓치기 전에 저장해두세요!
📌 매일 놓치기 쉬운 재테크 정보 받고 싶다면 @glend_economy 팔로우!
#남해여행 #여행할인 #여행경비환급 #반반남해 #여름휴가",15,0,0,51,0,0,0,,
18331692514265598,2026-07-14T06:11:31+0000,FEED,CAROUSEL_ALBUM,https://www.instagram.com/p/Daw0SEnHMLl/,0,0,"ISA 만기 자금, 그냥 두면 세액공제 혜택 못 받아요!
ISA 만기 후 60일 이내 연금계좌로 옮기세요.
이전 금액의 10%, 최대 300만원까지 추가 세액공제!
연말정산 환급금이 크게 늘어나는 절호의 기회예요.
💾 기한 놓치기 전에 저장해두세요!
📌 매일 놓치기 쉬운 재테크 정보 받고 싶다면 @glend_economy 팔로우!
#ISA #연말정산 #세액공제 #재테크 #GLEND",13,0,0,45,0,0,0,,
18099835331218900,2026-07-13T08:04:45+0000,FEED,CAROUSEL_ALBUM,https://www.instagram.com/p/DauccfGFg5-/,0,0,"괴롭힘 금지법 7년, 당신의 직장은 안전한가요?
직장 내 괴롭힘 금지법이 시행된 지 7년이 지났지만, 공무원 등 일부 직역은 여전히 보호의 사각지대에 놓여 있습니다.
일반 근로자와 달리 노동법 적용에 한계가 있어 권리 구제에 어려움이 많다는 지적입니다.
모두의 안전한 일터를 위해 사회적 관심과 제도적 개선이 절실합니다.
이 문제는 당신의 일일 수도 있습니다.
💾 나중에 꾼내볼 수 있게 저장해두세요!
📌 매일 경제 뉴스 카드 받고 싶다면 @glend_economy 팔로우!
#직장내괴롭힘 #공무원노조 #괴롭힘금지법 #노동인권 #GLEND이슈",15,0,0,43,0,1,0,,
18006104765944054,2026-07-12T07:23:21+0000,FEED,CAROUSEL_ALBUM,https://www.instagram.com/p/Dary6conCiR/,0,0,"4050세대, 혹시 '빚투'의 늪에 빠지셨나요?
현재 4050세대의 빚투가 심각한 수준이에요.
마이너스 통장 잔액의 3분의 2를 차지할 정도죠.
기준금리 인상이 유력한 지금, 이자 부담이 커지면서
자산 시장의 변동성에 철저한 대비가 필요합니다.
💾 나중에 꺼내볼 수 있게 저장해두세요!
📌 매일 경제 뉴스 카드 받고 싶다면 @glend_economy 팔로우!
#빚투 #4050세대 #금리인상 #자산관리 #경제뉴스",15,0,0,53,0,0,0,,
18122099122811916,2026-07-11T08:23:28+0000,FEED,CAROUSEL_ALBUM,https://www.instagram.com/p/DapU_5ElkpL/,0,0,"🚨 3년 6개월 만의 금리 인상, 우리 삶에 어떤 영향을 줄까요?

한국은행이 다음 주 기준금리 인상 여부를 결정합니다.
이는 가계대출 이자 부담을 늘리고 부동산 시장에도 큰 영향을 미칠 수 있어요.
개인의 재정 계획 점검이 시급한 시점입니다.
예상되는 경제 파장을 미리 알고 대비해야 합니다.

💾 나중에 꺼내볼 수 있게 저장해두세요!
📌 매일 경제 뉴스 카드 받고 싶다면 @glend_economy 팔로우!
#금리인상 #한국은행 #가계부채 #부동산 #경제전망",14,0,0,41,0,1,0,,
18364015852236086,2026-07-10T06:43:16+0000,FEED,CAROUSEL_ALBUM,https://www.instagram.com/p/DamkvGuILGw/,0,0,"어린 자매를 죽음으로 내몬 만취 운전, 당신이라면 믿겠습니까?
엄마의 끔찍한 선택이 어린 두 딸의 생명을 앗아갔습니다.
음주운전 사고는 단순한 실수가 아닌, 살인 행위와 같습니다.
솜방망이 처벌 논란 속, 우리 사회의 안전 불감증은 어디까지일까요?
음주운전 근절을 위한 강력한 사회적 변화가 필요합니다.
💾 나중에 꺼내볼 수 있게 저장해두세요!
📌 매일 경제 뉴스 카드 받고 싶다면 @glend_economy 팔로우!
#음주운전 #교통사고 #사회문제 #안전운전 #GLEND",23,0,0,78,0,3,0,,
18088286309112580,2026-07-09T08:49:16+0000,FEED,CAROUSEL_ALBUM,https://www.instagram.com/p/DakOXBAHK1D/,0,0,"내 대출 이자, 또 오를까? 은행들이 대출 금리를 올리고 있어요!

최근 은행 조달 금리가 고공행진하며
가계 대출 금리도 함께 상승 중입니다.
변동금리 대출을 가진 분이라면,
곧 이자 부담이 커질 수 있습니다.

💾 나중에 꺼내볼 수 있게 저장해두세요!
📌 매일 경제 뉴스 카드 받고 싶다면 @glend_economy 팔로우!
#대출금리 #금리인상 #경제뉴스 #재테크 #가계부채",16,0,0,64,0,0,0,,
18048969119586854,2026-07-08T08:44:07+0000,FEED,CAROUSEL_ALBUM,https://www.instagram.com/p/Daho-bcls3b/,0,0,"혹시 회사에서 혼자 힘들어하고 있나요?
'태움'이라 불리던 관행은 이제 명백한 직장 내 괴롭힘입니다.
피해를 호소하다 안타깝게 세상을 떠난 방사선사 사건은 우리에게 큰 경종을 울립니다.
더 이상 침묵하지 않고 함께 목소리를 내야 할 때입니다.
우리의 관심이 변화를 만듭니다.
💾 나중에 꺼내볼 수 있게 저장해두세요!
📌 매일 경제 뉴스 카드 받고 싶다면 @glend_economy 팔로우!
#직장내괴롭힘 #태움 #노동인권 #사회문제 #직장생활",11,0,0,32,0,1,0,,
18166147540395609,2026-07-07T08:49:34+0000,FEED,CAROUSEL_ALBUM,https://www.instagram.com/p/DafEzdtlqiD/,0,0,"노년층이 겪는 부동산 양극화, 당신은 어떤 얼굴인가요?
나이 들어도 재정적으로 자유로울 줄 알았는데, 현실은 노년층의 소득 빈곤율이 역대 최고치를 기록하고 있어요.
특히 부동산 자산에서 극명하게 갈리는 자산가와 세입자 간의 격차는 우리 사회의 숨겨진 그림자입니다.
미리 준비하지 않으면 불안한 노후를 맞이할 수도 있습니다.
💾 나중에 꺼내볼 수 있게 저장해두세요!
📌 매일 경제 뉴스 카드 받고 싶다면 @glend_economy 팔로우!
#노년층양극화 #부동산양극화 #은퇴준비 #노후대비 #경제뉴스",15,0,0,54,0,0,0,,
17902095465459754,2026-07-06T10:02:40+0000,FEED,CAROUSEL_ALBUM,https://www.instagram.com/p/DacoX8DoOO0/,0,0,"국민을 분노케 한 장애인 특공 부정청약의 실체는?
장애인 특별 공급은 취약 계층의 주거 안정을 돕는 중요한 제도입니다.
그러나 이를 악용하는 사례가 속출하며 국민적 공분을 사고 있습니다.
정부는 제도 전반을 점검하고 강력한 처벌을 예고했습니다.
지금, 투명한 사회를 위한 우리의 관심이 필요할 때입니다.
💾 나중에 꺼내볼 수 있게 저장해두세요!
📌 매일 경제 뉴스 카드 받고 싶다면 @glend_economy 팔로우!
#부정청약 #장애인특공 #부동산 #주택정책 #사회문제",12,0,0,43,0,0,0,,
18152170021495905,2026-07-05T06:08:31+0000,FEED,CAROUSEL_ALBUM,https://www.instagram.com/p/DaZoyL1DCmc/,0,0,"AI 에이전트가 질문 하나에 챗봇의 136배 전력을 쓴다고?😮

똑똑해지는 AI, 과연 좋은 걸까요?
AI 에이전트의 엄청난 전력 소모는 
미래 환경에 큰 부담을 줄 수 있어요.
지금부터 지속가능한 AI에 관심을 가져야 할 때!

💾 나중에 꺼내볼 수 있게 저장해두세요!
📌 매일 경제 뉴스 카드 받고 싶다면 @glend_economy 팔로우!
#AI #전력소모 #에너지효율 #ESG #미래기술",11,0,0,22,0,0,0,,
17891078172567226,2026-07-04T05:48:59+0000,FEED,CAROUSEL_ALBUM,https://www.instagram.com/p/DaXBwJ9G491/,0,0,"당신은 혹시 직장 괴롭힘을 당하고 있나요?
매일 출근이 지옥 같고, 숨 막히는 압박감에 시달린다면
더는 혼자 감내하지 마세요.
법적 보호와 다양한 지원이 있습니다.
당신의 존엄은 지켜져야 할 소중한 가치입니다.
💾 나중에 꺼내볼 수 있게 저장해두세요!
📌 매일 경제 뉴스 카드 받고 싶다면 @glend_economy 팔로우!
#직장괴롭힘 #태움 #직장인 #회사생활 #사회문제",9,0,0,21,0,0,0,,
18065243249723249,2026-07-03T09:20:23+0000,FEED,CAROUSEL_ALBUM,https://www.instagram.com/p/DaU1J3IlG8Q/,0,0,"내 소중한 주식 자산, 정말 안전한가요?
최근 키움증권에서 잇따른 전산사고와 불완전 판매 의혹이 불거지며 투자자들의 불안감이 커지고 있어요.
증권사의 내부통제 시스템은 우리 자산 보호의 핵심입니다.
단순히 수익률만 볼 게 아니라, 회사의 안정성을 꼼꼼히 따져봐야 할 때입니다.
나의 투자금은 내가 지켜야 합니다.
💾 나중에 꺼내볼 수 있게 저장해두세요!
📌 매일 경제 뉴스 카드 받고 싶다면 @glend_economy 팔로우!
#키움증권 #증권사 #내부통제 #주식투자 #경제뉴스",7,0,0,27,0,0,0,,
18120063373830805,2026-07-03T03:05:03+0000,FEED,CAROUSEL_ALBUM,https://www.instagram.com/p/DaUKMjfoN_l/,0,0,"향후 1년 집값 55% 오른다? 정부 정책 신뢰도는 반토막!

최근 여론조사 결과, 집값 상승 전망은 커지고 
정부 부동산 정책에 대한 신뢰도는 급감했어요.
특히 2030 세대의 정책 부정 평가는 절반 이상으로 
불안정한 내집마련 심리를 잘 보여줍니다.

💾 나중에 꺼내볼 수 있게 저장해두세요!
📌 매일 경제 뉴스 카드 받고 싶다면 @glend_economy 팔로우!
#부동산전망 #집값상승 #부동산정책 #내집마련 #경제이슈",11,0,0,28,0,0,0,,
18406973242156773,2026-07-02T05:54:16+0000,FEED,CAROUSEL_ALBUM,https://www.instagram.com/p/DaR4xACEdon/,0,0,"입원만 해도 공짜 호캉스? 이 비상식적인 이야기가 현실이라고요?
일부 한방병원들이 교통사고 환자를 유치하기 위해
고급 숙박 시설, 피부 관리 등 ‘호캉스’를 제공하며
수십 배의 보험금을 청구하는 행태가 드러나 충격을 주고 있습니다.
결국 이 모든 비용은 우리 모두의 보험료 상승으로 이어집니다.
💾 나중에 꺼내볼 수 있게 저장해두세요!
📌 매일 경제 뉴스 카드 받고 싶다면 @glend_economy 팔로우!
#호캉스병원 #의료사기 #보험료인상 #경제뉴스 #GLEND",10,0,0,41,0,0,0,,
18081439151651755,2026-07-01T09:54:33+0000,FEED,CAROUSEL_ALBUM,https://www.instagram.com/p/DaPveOPm14U/,0,0,"아침 식사마저 포기해야 하는 서글픈 현실, 여러분도 겪고 있나요?
최근 고물가로 인해 직장인 절반 이상이 아침을 거르고 있다고 합니다.
식비는 가장 직접적으로 체감되는 지출이라 가장 먼저 줄이게 되는데요.
하지만 건강을 해치지 않으면서 식비를 절약하는 현명한 방법을 찾아야 합니다.
간편하고 저렴한 아침 메뉴나 도시락 활용을 고려해 보세요.

💾 나중에 꺼내볼 수 있게 저장해두세요!
📌 매일 경제 뉴스 카드 받고 싶다면 @glend_economy 팔로우!
#경제뉴스 #직장인삶 #물가상승 #아침식사 #식비절약",12,0,0,37,0,1,0,,
18114849500483130,2026-06-30T08:57:30+0000,FEED,CAROUSEL_ALBUM,https://www.instagram.com/p/DaNEJg-HDxf/,0,0,"5.18 비하에 AI 사과문까지? 이 사건, 대체 뭐죠?
배재고 학생들의 충격 발언에 이어 AI로 작성된 듯한 사과문이 논란입니다.
진정성 없는 대응은 오히려 더 큰 분노를 자아내고 있죠.
디지털 시대, 학교와 사회가 지켜야 할 윤리 의식은 무엇일까요?
이번 사태, 단순한 해프닝으로 넘길 수 없습니다.
💾 나중에 꺼내볼 수 있게 저장해두세요!
📌 매일 경제 뉴스 카드 받고 싶다면 @glend_economy 팔로우!
#배재고 #518 #AI사과문 #학교논란 #사회이슈",13,0,0,21,0,0,0,,
18054335570767615,2026-06-29T06:57:30+0000,FEED,CAROUSEL_ALBUM,https://www.instagram.com/p/DaKRnsHEZzJ/,0,0,"해외여행? 이제는 더 이상 낭만이 아닙니다!
최근 5년간 재외국민 사건·사고가 3배, 특히 납치·감금은 무려 20배나 폭증했습니다.
여행 전 철저한 현지 치안 정보 확인과 비상 연락망 구축이 그 어느 때보다 중요해졌습니다.
낯선 곳에서의 위험에 대비하는 것은 선택이 아닌 필수입니다.
💾 나중에 꺼내볼 수 있게 저장해두세요!
📌 매일 경제 뉴스 카드 받고 싶다면 @glend_economy 팔로우!
#해외여행 #안전여행 #재외국민 #여행주의 #GLEND",11,0,0,29,0,0,0,,
17995750958989822,2026-06-28T06:41:11+0000,FEED,CAROUSEL_ALBUM,https://www.instagram.com/p/DaHq9OvkVsC/,0,0,"일하다 쓰러져도 '산재 아님' 판결, 남일 같지 않나요?
업무 스트레스와 과로로 사망했지만, 법원은 업무상 재해로 인정하지 않았습니다.
이처럼 과로사 인정은 매우 복잡하며, 명확한 인과관계 증명이 필수적이죠.
직장인의 건강과 안전을 위한 사회적, 법적 제도 보완이 시급한 상황입니다.
스스로의 건강을 지키는 것이 최우선입니다.
💾 나중에 꺼내볼 수 있게 저장해두세요!
📌 매일 경제 뉴스 카드 받고 싶다면 @glend_economy 팔로우!
#과로사 #산재 #직장인 #업무스트레스 #워라밸",12,0,0,31,0,0,0,,
18104521043018339,2026-06-27T07:58:27+0000,FEED,CAROUSEL_ALBUM,https://www.instagram.com/p/DaFPAR-lkui/,1,0,"비트코인, 정말 닷컴버블처럼 사라질까요? 😱
억만장자 아서 헤이즈가 비트코인에 대한 충격적인 경고를 내놨습니다.
닷컴버블 붕괴에 비유하며 그 가치가 결국 소멸할 수 있다고 지적했는데요.
변동성이 큰 가상자산, 단순히 유행 따라 투자하기보다는 본질을 이해해야 할 때입니다.
이번 경고가 당신의 투자 방향에 어떤 영향을 줄까요?
💾 나중에 꺼내볼 수 있게 저장해두세요!
📌 매일 경제 뉴스 카드 받고 싶다면 @glend_economy 팔로우!
#비트코인 #가상자산 #닷컴버블 #투자경고 #경제뉴스",12,0,0,32,1,0,0,,
18105401009047095,2026-06-26T09:56:15+0000,FEED,CAROUSEL_ALBUM,https://www.instagram.com/p/DaC3sYKFd1F/,1,0,"""영끌족""이라면 주목! 주택담보대출 금리가 또 상승했습니다.
주요 은행의 변동형 주담대 금리가 한 달 만에 반등하며 가계 부담을 가중시키고 있습니다.
고신용자 마이너스 통장 금리까지 5%를 돌파해 빚투족에게 비상경보가 울리고 있어요.
현재 대출을 보유하고 있거나 계획 중이라면, 꼼꼼한 재정 점검이 필수적입니다.
미국의 물가 쇼크와 한국의 금리 인상 기조가 맞물려 당분간 금리 변동성이 클 수 있습니다.
💾 나중에 꺼내볼 수 있게 저장해두세요!
📌 매일 경제 뉴스 카드 받고 싶다면 @glend_economy 팔로우!
#금리인상 #주담대 #마이너스통장 #영끌족 #재테크",8,0,0,19,1,0,0,,
18084498182173285,2026-06-25T08:22:25+0000,FEED,CAROUSEL_ALBUM,https://www.instagram.com/p/DaAIKOglVhq/,0,0,"이거 진짜야? 요즘 이런 수법으로 돈 뜯는 사람들이 있다고?
교묘하게 연출된 허위 교통사고로
합의금을 요구하는 신종 수법이 발견됐어요.
20대 남성이 폰 수리비를 빌미로
1천만원 넘게 챙겼다니 충격적이죠?
💾 나중에 꺼내볼 수 있게 저장해두세요!
📌 매일 경제 뉴스 카드 받고 싶다면 @glend_economy 팔로우!
#교통사고 #보험사기 #블랙박스 #합의금 #경제사기",16,0,0,45,0,0,0,,
17967840111089254,2026-06-24T06:00:28+0000,FEED,CAROUSEL_ALBUM,https://www.instagram.com/p/DZ9THnvnGLn/,0,0,"집값 상승의 진짜 원인은 바로 이것?! 🏡
김용범 전 차관이 밝힌 부동산 위기의 핵심은
2~3년 전 부동산 PF 위축으로 인한
주택 공급 부족의 후과라는 점입니다.
지금이라도 빠른 공급 확대가 중요해요.

💾 나중에 꺼내볼 수 있게 저장해두세요!
📌 매일 경제 뉴스 카드 받고 싶다면 @glend_economy 팔로우!
#부동산 #집값 #주택공급 #PF대출 #경제뉴스",8,0,0,24,0,0,0,,
18136387765603967,2026-06-23T08:38:15+0000,FEED,CAROUSEL_ALBUM,https://www.instagram.com/p/DZ7AYKBCSXW/,0,0,"검은 화요일, 내 주식 계좌는 안전한가요?
어제 코스피 910포인트가 하루만에 증발했습니다.
미 기술주 차익실현 장세가 아시아 증시 전반에 영향을 미쳤죠.
금리 인상 전망과 과도한 빚투 우려로 변동성이 더욱 확대될 수 있습니다.
불확실한 시장에 대비해 철저한 리스크 관리가 필요해요.
💾 나중에 꺼내볼 수 있게 저장해두세요!
📌 매일 경제 뉴스 카드 받고 싶다면 @glend_economy 팔로우!
#GLEND #글렌드 #주식 #코스피 #증시폭락 #검은화요일 #경제뉴스",9,0,0,30,0,0,0,,
17939074002255879,2026-06-22T07:54:03+0000,FEED,CAROUSEL_ALBUM,https://www.instagram.com/p/DZ4WhJylUJ3/,0,0,"서울 집값, 다시 뛸 준비 완료? 📈
지난 1년간 서울 아파트 실거래가가 12.9%나 급등했습니다.
전세가도 10.5% 오르며 주거비 부담이 커지고 있어요.
고금리에도 불구하고 집값이 오르는 이유는 무엇일까요?
하반기에도 상승세는 이어질지, 어떻게 대응해야 할지 GLEND가 분석합니다!
💾 나중에 꺼내볼 수 있게 저장해두세요!
📌 매일 경제 뉴스 카드 받고 싶다면 @glend_economy 팔로우!
#서울집값 #아파트값 #부동산투자 #전세가 #내집마련",12,0,0,41,0,0,0,,
18473887204098447,2026-06-20T08:45:31+0000,FEED,CAROUSEL_ALBUM,https://www.instagram.com/p/DZzS1JPFihY/,0,0,"🔥 지금, 부동산 세금 개편이 임박했습니다!
김용범 정책실장은 반도체 호황으로 유입된 국부가 부동산 불로소득으로 흡수될까 우려했습니다.
이를 막기 위해 보유세와 양도세 등 부동산 과세의 합리적 조정을 강조했죠.
투기 수요를 억제하고 경제의 선순환을 유도하겠다는 정부의 의지가 엿보입니다.
과연 이번 조정이 부동산 시장에 어떤 파장을 가져올지 주목됩니다.

💾 나중에 꺼내볼 수 있게 저장해두세요!
📌 매일 경제 뉴스 카드 받고 싶다면 @glend_economy 팔로우!
#부동산 #세금개편 #경제뉴스 #김용범 #재테크",8,0,0,23,0,0,0,,
18049023335789172,2026-06-19T09:22:24+0000,FEED,CAROUSEL_ALBUM,https://www.instagram.com/p/DZwyQX4FYDW/,0,0,"코스피 9천선 돌파! 상승세 계속될까요?
한국 증시가 역사적인 9천선 돌파를 기록했어요.
하지만 외국인 매수세에도 기관은 차익 실현에 나섰죠.
고금리 시대, 시장의 변동성에 대비하는 전략이 중요해요.
과연 이 상승세는 어디까지 이어질까요?
💾 나중에 꺼내볼 수 있게 저장해두세요!
📌 매일 경제 뉴스 카드 받고 싶다면 @glend_economy 팔로우!
#코스피 #주식시장 #증시전망 #투자전략 #경제정보",12,0,0,28,0,0,0,,
18085159859421237,2026-06-18T07:24:31+0000,FEED,CAROUSEL_ALBUM,https://www.instagram.com/p/DZt_-BmFgc7/,0,0,"안녕하세요 GLEND입니다!
지난주, 미 연준이 기준금리를 동결했지만
""연내 인상 가능성""을 시사하면서 시장이 출렁였죠.
겉으론 동결이지만, 속은 매파적이었다는 분석인데요.
미국뿐 아니라 일본 등 주요국들의 긴축 전환 움직임 속에서
우리나라 한국은행도 기준금리 인상이 불가피하다는 전망이 커지고 있습니다.
과연 이러한 글로벌 긴축 흐름이 한국 경제에 어떤 영향을 미칠까요?
환율, 부동산, 주식 시장의 변동성에 대비하며
우리의 투자 전략을 다시 점검해봐야 할 시점입니다.
#GLEND #경제뉴스 #미연준 #기준금리 #한국경제 #부동산 #주식 #환율",10,0,0,32,0,0,0,,
18146883103509969,2026-06-17T10:37:35+0000,FEED,CAROUSEL_ALBUM,https://www.instagram.com/p/DZrxRGvkSSC/,1,0,"📢 이번 주, 전 세계 경제가 주목하는 미국 FOMC 회의가 열립니다!

미국 중앙은행의 기준금리 결정은 단순히 미국만의 이슈가 아닙니다.

글로벌 경제의 향방을 가늠하는 중요한 지표가 되죠.

특히, 금리 동결 혹은 인상 여부에 따라 국내 증시의 흐름은 물론,

은행주, 보험주, 증권주 등 주요 섹터의 희비가 엇갈릴 수 있습니다.

가계 대출 금리에도 영향을 미치니, 모두의 관심이 집중될 수밖에 없겠죠?

글렌드가 알려드린 이번 FOMC 소식으로 현명한 투자 전략을 세워보세요!

#GLEND #FOMC #금리인상 #금리동결 #경제전망 #주식시장",14,0,0,33,1,0,0,,
17884322265595619,2026-06-16T09:43:18+0000,FEED,CAROUSEL_ALBUM,https://www.instagram.com/p/DZpGQnDkblZ/,0,0,"🚨 속보! 일본이 31년 만에 기준금리를 인상했습니다. 🚨

그동안 초저금리를 유지해오던 일본은행(BOJ)의 파격적인 행보인데요.
무려 0.75%에서 1%로 올렸다고 해요.

이는 물가 상승 압력에 대응하려는 강력한 의지로 풀이됩니다.
과연 이번 인상이 글로벌 경제에 어떤 파장을 불러올까요? 🤔

아직까지는 엔 캐리 트레이드 청산 등 큰 충격은 제한적일 것으로 보이지만,
다른 중앙은행들의 움직임에도 영향을 줄 수 있어 예의주시해야 할 것 같습니다.

GLEND가 계속해서 최신 경제 소식을 전해드릴게요!

#일본금리인상 #BOJ #기준금리 #글로벌경제 #엔캐리트레이드",12,0,0,40,0,0,0,,
18098029198916963,2026-06-15T07:09:51+0000,FEED,CAROUSEL_ALBUM,https://www.instagram.com/p/DZmP59Tkdgi/,0,0,"주담대 금리가 또 올랐다는 소식에 많은 분들이 걱정하고 계실 텐데요.
5월 코픽스가 두 달 연속 상승하며 변동금리 대출자들의 부담이 커지고 있습니다.
일부 지역에서는 주담대 금리가 7.5%까지 치솟아 부동산 시장에도 큰 영향을 미치고 있어요.

서울은 집값과 전세가가 오르는 반면, 지방은 거래 절벽이 이어지는 등 지역별로 엇갈린 흐름을 보입니다.
이런 시기일수록 대출 상환 계획을 꼼꼼히 점검하고, 금리 변동에 대비한 현명한 재테크 전략이 중요합니다.
GLEND와 함께 변화하는 경제 흐름을 파악하고 현명하게 대처해 나가요!

#주담대 #금리인상 #부동산시장 #경제뉴스 #GLEND",11,0,0,34,0,1,0,,
18121583641690348,2026-06-14T06:29:09+0000,FEED,CAROUSEL_ALBUM,https://www.instagram.com/p/DZjmc3tkQch/,1,0,"GLEND 독자 여러분! 📢

최근 은행 예금금리가 다시 3%대로 진입했다는 소식, 들으셨나요?

한국은행의 기준금리 인상 가능성과 시장금리 상승이 맞물리면서, 시중은행들이 고객과 기업 자금을 유치하기 위해 예금금리를 올리고 있어요. 💰

이제 예금만으로도 쏠쏠한 이자 수익을 기대할 수 있게 되었지만, 동시에 기업들의 자금 조달에는 부담이 될 수 있죠.

과연 나의 자산 포트폴리오에는 어떤 변화를 줄지, 현명한 금융 전략이 필요한 시점입니다! ✨

자세한 내용은 GLEND 카드뉴스에서 확인하세요! 😉

#GLEND #경제뉴스 #예금금리 #재테크 #금융상식",14,0,0,49,1,3,1,,
18076923194280186,2026-06-13T09:15:06+0000,FEED,CAROUSEL_ALBUM,https://www.instagram.com/p/DZhUpovlThF/,1,0,"안녕하세요, GLEND입니다! 🏠
오늘 GLEND의 선택은 바로 '부동산감독원' 설립 소식입니다.
정부가 투기 근절을 위해 금융, 세무, 출입국 기록까지 들여다볼 수 있는 강력한 기구를 추진 중인데요.
과연 이 카드는 우리 부동산 시장에 어떤 파장을 가져올까요?
카드뉴스를 통해 자세히 알아보세요!
선량한 투자자에게는 어떤 영향을 미치고, 개인정보 보호 문제는 어떻게 해결될지, 여러분의 생각도 궁금합니다.
#GLEND #경제뉴스 #부동산 #부동산감독원 #투기근절 #경제상식",13,0,0,51,1,2,0,,
18022256051674532,2026-06-11T16:55:33+0000,FEED,CAROUSEL_ALBUM,https://www.instagram.com/p/DZc_wOck-7W/,1,0,"🚨유럽중앙은행(ECB)이 3년 만에 금리를 인상했습니다.
중동 사태로 인한 물가 압박에 대응하기 위한 조치인데요.
이번 인상으로 예금금리가 0.25%p 오르고, 주요국 중 처음으로 긴축에 나선 사례입니다.
앞으로 유럽 경제는 물론, 글로벌 시장에 어떤 영향을 미칠지 관심이 집중됩니다.
투자를 고민 중이라면, 유럽 발 경제 소식에 더욱 주목해야겠죠?
#ECB #금리인상 #유럽경제 #글렌드 #경제뉴스",16,0,0,47,1,1,0,,
18074529563330412,2026-06-11T13:23:48+0000,FEED,CAROUSEL_ALBUM,https://www.instagram.com/p/DZcnhSqk8iO/,1,0,"고금리 시대인데, 왜 특정 지역 부동산은 오를까요? 📈
최근 경기 남부 아파트값이 심상치 않다고 해요!
특히 동탄은 역대급 상승세를 기록하며 화제인데요.
반도체 훈풍이 지역 부동산 시장에 큰 영향을 미친 것 같아요.
하지만 한국은행은 이런 현상을 '복합 양극화'로 보고 있어요.
부동산 없이는 자산 형성이 더 어려워지는 자산 사다리 문제가 심화될 수 있다는 경고입니다.
과연 이 과열, 어떻게 봐야 할까요?
여러분은 어떻게 생각하시나요?
#부동산 #고금리 #동탄 #경기남부 #양극화",12,0,1,58,2,1,0,,
18370905808225694,2026-06-11T03:07:57+0000,FEED,CAROUSEL_ALBUM,https://www.instagram.com/p/DZbhDhdksmD/,1,0,"콜레스테롤 관리, 혹시 미루고 계신가요? 사소하게 여길 수 있는 고지혈증이 심근경색, 뇌졸중과 같은 심각한 질환으로 이어질 수 있다는 사실, 알고 계셨나요? 최근 연구들은 스타틴 치료의 중요성을 다시 한번 강조하고 있습니다.

특히, 스타틴 치료를 주저하거나 지연할 경우 심혈관 질환 발생 위험이 급격히 높아진다고 경고합니다. 스타틴은 단순히 콜레스테롤 수치를 낮추는 것을 넘어, 혈관을 보호하고 염증을 줄이는 등 다양한 긍정적 효과를 가져옵니다.

따라서 자신의 심혈관 건강 상태를 정확히 인지하고, 전문 의료진과 상의하여 적절한 스타틴 치료 전략을 수립하는 것이 매우 중요합니다. 임의로 약물 복용을 중단하거나 미루지 말고, 꾸준한 관리를 통해 건강한 미래를 지켜나가세요. 이는 개인의 삶의 질은 물론, 장기적인 의료비 부담 경감에도 기여할 수 있습니다.
#스타틴 #고지혈증 #심혈관질환",13,0,0,56,1,0,0,,
18100819562032968,2026-06-10T17:47:40+0000,FEED,CAROUSEL_ALBUM,https://www.instagram.com/p/DZag6uDEwNq/,1,0,"오늘 코스피 지수가 장중 5% 넘게 급락하며 매도 사이드카가 발동되는 초유의 사태가 발생했습니다. 이는 투자자들의 매도세가 극심해질 때 시장 안정을 위해 취하는 조치입니다.

이번 급락은 글로벌 경제의 불확실성 증대와 국내 주요 기업들의 실적 우려가 복합적으로 작용한 결과로 풀이됩니다. 특히 반도체 등 핵심 대형주들이 하락을 주도하며 시장 전반에 불안감을 확산시켰습니다.

개인 투자자들은 물론 기관과 외국인 투자자들까지 관망세로 돌아서면서, 당분간 시장 변동성이 크게 확대될 것으로 예상됩니다. 투자자들은 신중한 접근과 함께 시장 흐름을 예의주시해야 할 때입니다.

#코스피급락 #주식시장 #매도사이드카",11,0,0,30,1,2,0,,
18053439392524296,2026-06-08T03:07:56+0000,FEED,CAROUSEL_ALBUM,https://www.instagram.com/p/DZTyq2NEgyF/,2,0,"심장 건강은 우리의 전반적인 삶의 질과 직결됩니다.

특히, 하루를 시작하는 아침 습관이 심장에 예상보다 큰 영향을 미칠 수 있다는 사실, 알고 계셨나요? 심장 전문의들은 심장마비 위험을 높일 수 있는 아침 행동에 대해 경고합니다.

아침 식사를 거르는 것은 물론, 탄수화물 위주의 식단은 혈당을 급격히 올려 심장에 부담을 줍니다. 또한 잠에서 깨어나자마자 마시는 커피나 에너지 드링크는 순간적으로 혈압을 높여 심장 건강에 해로울 수 있습니다. 이러한 습관들은 장기적으로 심혈관 질환의 위험을 증가시키는 요인으로 작용합니다.

글렌드는 아침 건강 습관의 중요성을 강조합니다. 단백질과 섬유질이 풍부한 식단으로 혈당을 안정시키고, 충분한 수분 섭취로 혈액 순환을 원활하게 하세요. 규칙적인 운동과 스트레스 관리 역시 튼튼한 심장을 위한 필수적인 요소입니다. 작은 아침 습관의 변화가 당신의 심장 건강을 크게 개선할 수 있습니다.

#심장건강 #아침습관 #건강정보",15,1,0,44,3,1,0,,
18091988300196742,2026-06-07T03:08:08+0000,FEED,CAROUSEL_ALBUM,https://www.instagram.com/p/DZRN4NnkyCx/,2,0,"고대하던 삼성 갤럭시 S27 울트라 모델의 혁신적 변화가 예고되었습니다.

이번 모델은 특히 배터리와 카메라 성능에서 역대급 업그레이드를 선보일 것으로 기대를 모으고 있습니다.

적층형 배터리 기술 도입은 더 긴 사용 시간을 가능하게 하여, 하루 종일 충전 걱정 없이 스마트폰을 활용할 수 있는 환경을 제공할 것입니다.

또한, 진화된 이미지 센서와 AI 기반 처리 기술이 탑재된 카메라는 어두운 환경에서도 탁월한 결과물을 만들어내, 사용자들에게 전문가 수준의 사진 경험을 선사할 것으로 전망됩니다.

이러한 기술적 진보는 단순히 하드웨어 스펙의 향상을 넘어, 스마트폰 사용 경험의 질적 도약을 의미합니다.

소비자들의 기대를 충족시킬 삼성의 차세대 플래그십 모델이 어떤 모습으로 공개될지 귀추가 주목됩니다.
#갤럭시S27울트라 #스마트폰 #혁신기술",29,1,0,74,3,2,0,,
17967053499080779,2026-06-06T03:08:07+0000,FEED,CAROUSEL_ALBUM,https://www.instagram.com/p/DZOpFOGlqE-/,1,0,"코스피가 오늘 하루에만 6% 넘게 급락하며 투자자들에게 큰 충격을 안겼습니다.

이는 장중 '매도 사이드카' 발동이라는 이례적인 상황까지 초래했는데요. 주요 원인으로는 전날 미국 기술주, 특히 반도체 관련주들의 급락세가 지목됩니다. 필라델피아 반도체 지수가 크게 하락하면서 국내 증시의 투자 심리에도 직격탄을 날린 것입니다.

여기에 미 연방준비제도(Fed)의 금리 인하 기대감이 후퇴하고 있다는 점도 시장의 불안감을 가중시키는 요인으로 작용했습니다. 고금리 장기화 우려가 커지면서 성장주 중심의 국내 증시에 부담으로 작용하고 있는 것이죠.

이번 사태는 단기적으로 국내 반도체 기업들의 주가뿐만 아니라 전체 시장의 변동성을 키울 것으로 예상됩니다. 글로벌 경기 둔화와 고금리 기조 속에서 국내 증시의 불확실성이 당분간 지속될 수 있다는 전문가들의 분석도 나오고 있습니다. 투자자들은 당분간 신중한 자세를 유지하며 시장 동향을 예의주시할 필요가 있습니다.

#코스피급락 #주식시장 #경제속보",15,0,0,49,1,0,0,,
18127718515718283,2026-06-04T03:08:20+0000,FEED,CAROUSEL_ALBUM,https://www.instagram.com/p/DZJfg-ukkDB/,2,0,"미국이 '강제노동 제품 수입'을 빌미로 한국산 제품에 최대 12.5% 관세를 예고하며 한국 경제에 적신호가 켜졌습니다.

이는 한국 수출 기업, 특히 저가 소비재 산업에 즉각적인 타격이 예상됩니다.

더 큰 문제는 이러한 조치가 향후 반도체, 배터리 등 핵심 산업으로 확대될 가능성입니다.

이는 미국 정부가 자국 생산 강화 및 공급망 의존도를 낮추려는 전략의 일환으로 해석됩니다.

한국 정부는 불확실한 통상 환경에 선제적으로 대응하고, 국제 협력을 통해 명확한 기준 마련이 시급합니다.

기업들은 공급망 내 강제노동 리스크를 철저히 점검하고 ESG 경영을 강화해야 합니다.

이번 사태는 글로벌 공급망 재편의 중대한 신호탄이 될 수 있습니다.

#한국경제 #미국관세 #글로벌공급망",15,0,0,44,2,0,0,,
18083817389420016,2026-06-03T03:08:09+0000,FEED,CAROUSEL_ALBUM,https://www.instagram.com/p/DZG6so1Evf3/,1,0,"새벽을 덮친 충격적인 붕괴 사고로 인해 지역 사회 전체가 깊은 슬픔에 잠겼습니다. 아파트와 유치원 건물이 무너지며 발생한 인명 피해는 이루 말할 수 없는 비극입니다.

현재 수많은 인력이 투입되어 밤샘 구조 작업이 진행 중이며, 추가 인명 피해를 막기 위한 노력이 이어지고 있습니다. 사고 현장은 순식간에 아비규환으로 변했고, 아직도 실종자 수색이 절실한 상황입니다.

이번 사고는 단순한 재난을 넘어 우리 사회의 안전 시스템 전반을 되돌아보게 합니다. 건물의 안전 관리 실태, 재난 대응 체계, 그리고 국민의 안전 의식까지 심도 있는 성찰이 필요합니다. 다시는 이런 참사가 발생하지 않도록 정부와 지자체는 물론 우리 모두의 각별한 관심과 노력이 요구됩니다.

사고로 인해 유명을 달리하신 분들의 명복을 빌며, 유가족분들께 깊은 애도와 위로의 말씀을 전합니다. 부상당하신 모든 분들의 조속한 쾌유를 기원합니다.

#안전사고 #건물붕괴 #속보",22,0,0,83,1,1,0,,
18123073423653235,2026-06-02T03:08:16+0000,FEED,CAROUSEL_ALBUM,https://www.instagram.com/p/DZEV6vck5q7/,1,0,"글렌드 속보: 어제 한화 방산 공장에서 발생한 폭발 사고로 5명의 귀한 생명이 희생되었습니다. 작업 중이던 근로자들이 갑작스러운 사고로 목숨을 잃고, 3명은 중상을 입어 안타까움을 더하고 있습니다.

현재 경찰과 소방 당국은 합동 감식을 통해 정확한 사고 원인을 규명하는 데 주력하고 있습니다. 화약 취급 부주의 또는 시설 결함 등 다양한 가능성을 열어두고 조사 중입니다. 이번 사고가 단순히 우발적인 사고를 넘어, 잠재된 위험 요소와 안전 관리 부실에서 비롯된 것은 아닌지 철저한 진상 조사가 필요합니다.

반복되는 산업 현장의 참사는 우리 사회에 깊은 질문을 던집니다. 경제 성장의 이면에 가려진 근로자들의 안전 문제는 더 이상 외면할 수 없는 중대한 사안입니다. 이번 사고를 계기로 모든 산업 현장의 안전 시스템을 전면 재점검하고, 실질적인 예방책 마련이 시급합니다. 더 이상 안타까운 희생이 발생하지 않도록 모두의 관심과 노력이 절실합니다.

#한화공장폭발 #산업재해 #안전불감증",24,0,0,75,1,2,0,,
18318524134275020,2026-06-01T03:08:00+0000,FEED,CAROUSEL_ALBUM,https://www.instagram.com/p/DZBxHLSlv_7/,1,0,"국내 대기업 롯데 시설에서 최근 안전사고가 잇따라 발생하며 국민적 우려가 커지고 있습니다. 롯데월드의 놀이기구 운행 중단, 롯데백화점 천장 마감재 추락 등 다수의 사건이 보고되며 안전 관리 시스템 전반에 대한 의문이 제기되고 있습니다.

전문가들은 이러한 반복되는 사고의 근본적인 원인으로 '안전 불감증'과 미흡한 시설 관리를 지적합니다. 기업의 이윤 추구만큼이나 중요한 것이 바로 이용객과 임직원의 안전 보장이라는 점을 망각해서는 안 됩니다.

이제는 형식적인 점검을 넘어 실질적인 안전 강화 대책 마련이 시급합니다. 정기적인 시설 점검 강화, 안전 교육 의무화, 그리고 사고 발생 시 투명하고 신속한 대응 시스템 구축이 절실합니다. 롯데는 국민의 신뢰를 회복하기 위해 안전을 최우선 가치로 삼고, 철저한 개선 노력을 보여야 할 것입니다.

#롯데안전사고 #안전불감증 #시설관리",15,0,0,32,1,0,0,,
18091204439599616,2026-05-31T03:08:13+0000,FEED,CAROUSEL_ALBUM,https://www.instagram.com/p/DY_MUTZjLUJ/,1,0,"최근 방송인 도경완 씨가 자신의 주식 투자 실패 경험을 솔직하게 고백하며 대중에게 큰 울림을 주고 있습니다. '도장TV'를 통해 공개된 그의 이야기는 주식 시장에 대한 막연한 환상을 경계하고 현명한 투자 자세를 촉구하는 메시지로 다가옵니다.

도경완 씨는 한때 주식 열풍에 휩쓸려 뒤늦게 투자에 참여했지만, 결국 대폭락을 경험하며 큰 손실을 입었다고 밝혔습니다. 이는 개인 투자자들이 시장의 변동성과 위험성을 충분히 인지하지 못한 채 뛰어들었을 때 겪을 수 있는 현실적인 문제점을 여실히 보여줍니다. 단기적인 수익률에만 집중하거나 주변의 추천에 맹목적으로 따르는 투자는 위험한 결과를 초래할 수 있음을 상기시킵니다.

전문가들은 주식 시장이 언제든 예측 불가능한 변동성을 보일 수 있음을 강조하며, 투자 전 충분한 학습과 분석의 중요성을 역설합니다. 자신의 투자 성향과 목표를 명확히 설정하고, 분산 투자 등 위험 관리 전략을 세우는 것이 필수적입니다. 또한, 여유 자금으로 투자하고 감정적인 판단을 배제하는 원칙을 지키는 것이 장기적인 성공의 열쇠가 될 수 있습니다.

도경완 씨의 고백은 단순히 한 개인의 실패담을 넘어, 건강하고 지속 가능한 투자 문화를 정착시키는 데 필요한 경고등 역할을 하고 있습니다. 무모한 '묻지마 투자'가 아닌, 신중하고 현명한 투자 습관을 통해 개인의 자산을 지키고 성장시킬 수 있도록 지혜로운 접근이 필요한 시점입니다.

#주식투자 #도경완주식 #생활경제",15,0,0,52,1,1,0,,
18057296996711108,2026-05-30T03:08:07+0000,FEED,CAROUSEL_ALBUM,https://www.instagram.com/p/DY8nhFpFAH0/,1,0,"건선은 단순한 피부 질환을 넘어, 심혈관 건강까지 위협하는 전신 염증성 질환입니다. 최근 연구에 따르면, 건선이 심할수록 고혈압, 당뇨병, 고지혈증 등을 포함하는 대사증후군 발생 위험이 크게 증가하는 것으로 나타났습니다.

특히, 중증 건선 환자의 경우 대사증후군 위험이 비건선인에 비해 1.5배 이상 높다는 분석도 있습니다. 이는 건선으로 인한 만성 염증이 인슐린 저항성을 유발하고, 지방 조직의 변화를 촉진하여 전신 대사 기능에 부정적인 영향을 미치기 때문으로 풀이됩니다.

따라서 건선 환자들은 피부 증상 치료와 함께 혈압, 혈당, 콜레스테롤 등 대사 지표를 정기적으로 점검하고 관리하는 것이 매우 중요합니다. 규칙적인 운동, 균형 잡힌 식단, 금연 및 절주 등 건강한 생활 습관을 유지하며 전문 의료진과 상의하여 맞춤형 관리 계획을 세워야 합니다. 피부 건강뿐 아니라 전신 건강을 위한 적극적인 관심과 조기 관리가 심혈관 질환 예방의 핵심입니다.

#건선 #대사증후군 #피부건강",13,0,0,33,1,0,0,,
18101457068011062,2026-05-28T03:08:04+0000,FEED,CAROUSEL_ALBUM,https://www.instagram.com/p/DY3d8AXk05V/,1,0,"똑같이 앉아만 있어도 치매 위험을 낮출 수 있는 비법이 있다면 어떠신가요? 최근 연구에 따르면 앉아있는 자세 자체보다, 그 시간 동안 어떤 뇌 활동을 하는지가 치매 예방에 더욱 중요하다고 합니다.

단순히 앉아서 TV를 보는 것보다, 퍼즐 맞추기, 독서, 뜨개질 등 뇌를 활성화하는 활동에 참여하는 것이 인지 기능을 유지하는 데 큰 영향을 미칩니다. 적극적인 사회 활동과 새로운 학습을 지속하는 것도 필수적입니다.

더불어, 규칙적인 신체 활동과 균형 잡힌 식단(특히 지중해식), 충분한 수면은 뇌 건강의 기본입니다. 스트레스 관리 또한 뇌 기능 저하를 막는 중요한 요소입니다. 일상 속 작은 습관 변화로 우리의 뇌 건강을 지켜나갈 수 있습니다.

#치매예방 #건강정보 #뇌건강",9,0,0,28,1,0,0,,
18024172367653933,2026-05-27T03:08:11+0000,FEED,CAROUSEL_ALBUM,https://www.instagram.com/p/DY05I87FvAA/,2,0,"오늘 새벽 고가도로 상판 일부가 주저앉아 발견된 후, 안전진단 작업 중 비극적인 붕괴 참사가 발생했습니다. 이 사고로 인해 무고한 인명 피해가 발생하여 전 국민의 안타까움을 자아내고 있습니다.

이번 참사는 노후 시설물의 안전 관리 실태와 긴급 상황 대처 시스템에 대한 근본적인 의문을 제기합니다. 단순한 사고를 넘어선 사회 전반의 안전 불감증에 대한 경종을 울리는 사건입니다.

현재 정부와 관계 당국은 정확한 사고 원인 규명을 위한 철저한 조사를 진행 중입니다. 동시에 유사 사고 재발 방지를 위한 전면적인 시설물 안전 점검 및 대책 마련이 시급한 과제로 떠오르고 있습니다. 글렌드는 이번 참사의 진상 규명과 안전 강화 대책 마련 과정을 면밀히 추적하며, 국민 여러분께 가장 정확하고 신속한 정보를 전달하겠습니다.
#구조물붕괴 #안전불감증 #시설물안전",18,0,0,48,2,0,0,,
18114578524873410,2026-05-26T03:07:59+0000,FEED,CAROUSEL_ALBUM,https://www.instagram.com/p/DYyUV3Bjzbp/,1,0,"내일, 국내 반도체 대장주인 삼성전자와 SK하이닉스 주가를 2배로 추종하는 ETF 상품이 출시됩니다. '삼전닉스 2배 추종'이라는 이름으로 투자자들의 큰 관심을 모으고 있지만, 전문가들은 이 상품의 '고위험성'에 대해 강력한 경고를 보내고 있습니다.  이 상품은 반도체 시장의 상승세에 베팅하며 높은 수익을 기대할 수 있다는 매력이 있습니다. 하지만 그만큼 지수가 하락할 경우 손실 폭 또한 2배로 커진다는 점을 간과해서는 안 됩니다. 특히 복리 효과로 인해 장기 투자 시 예상치 못한 큰 손실을 입을 가능성이 있어, 일반 개인 투자자들에게는 더욱 신중한 접근이 필요합니다.  금융 전문가들은 레버리지 ETF의 특성상 일간 수익률을 추종하기 때문에 단기 트레이딩에 더 적합하며, 장기 보유 시에는 누적 손실 위험이 매우 높다고 지적합니다. 투자자 본인의 명확한 투자 목표와 위험 감수 능력에 대한 철저한 분석 없이 무작정 투자에 나서는 것은 위험천만한 일입니다. '글렌드'는 투자 전 상품의 메커니즘을 충분히 이해하고, 최악의 시나리오까지 고려하는 신중한 투자를 당부드립니다. 급등락의 가능성이 큰 고위험 상품인 만큼, 개인의 판단과 책임 하에 현명한 결정을 내리시길 바랍니다.  #삼전닉스 #레버리지ETF #고위험투자",24,0,0,70,1,0,0,,
18126719209620480,2026-05-25T03:08:06+0000,FEED,CAROUSEL_ALBUM,https://www.instagram.com/p/DYvvim1lsvu/,1,0,"대한민국 정부가 인유두종 바이러스(HPV) 국가예방접종 대상을 남성으로 확대하는 방안을 추진합니다.

현재는 여성 청소년에게만 지원되던 HPV 백신이 내년부터 남성에게도 확대 적용될 예정인데요. 이는 HPV가 자궁경부암뿐 아니라 구강암, 항문암 등 다양한 암을 남녀 모두에게 유발할 수 있기 때문입니다. 특히 성 접촉을 통해 쉽게 감염되는 만큼, 사회 전반의 감염관리를 강화하고 질병 부담을 낮추기 위한 선제적인 조치로 풀이됩니다.

이번 정책 확대는 국민 건강 증진에 크게 기여할 것으로 보이며, 구체적인 대상 연령과 지원 범위는 보건당국의 추가 발표를 기다려야 합니다. 남성 HPV 접종 확대는 감염병 예방에 대한 새로운 인식을 심어주고, 성별과 관계없이 모두의 건강을 지키는 중요한 발걸음이 될 것입니다.

#HPV국가접성 #남성건강 #보건정책",15,0,0,38,1,0,0,,
18090380531360381,2026-05-24T03:08:01+0000,FEED,CAROUSEL_ALBUM,https://www.instagram.com/p/DYtKwWTmCHR/,2,0,"최근 중년 남녀의 HPV 백신 접종에 대한 관심이 높아지고 있습니다.

기존에는 주로 젊은 여성들에게 권장되었던 HPV 백신이 이제는 성별과 나이를 불문하고 중요한 건강 예방책으로 부상하고 있기 때문입니다.

HPV(인유두종 바이러스)는 자궁경부암 외에도 구강인두암, 항문암 등 다양한 암의 원인이 되며, 성 접촉을 통해 쉽게 전파됩니다.
특히 40대 이상 중년층도 HPV 감염 위험에서 자유롭지 않으며, 한 번 감염되면 완치가 어려운 경우가 많아 사전 예방이 더욱 강조됩니다.

전문가들은 중년층의 백신 접종이 새로운 HPV 유형에 대한 감염을 막고, 기존 감염 유형에 대한 재감염 방지에도 도움을 줄 수 있다고 조언합니다.

다만, 이미 HPV에 노출되었을 가능성이 있으므로 접종 전 반드시 전문의와 상담하여 본인의 건강 상태와 접종의 득실을 면밀히 따져보는 것이 중요합니다.

예방은 건강한 삶을 위한 가장 기본적인 투자입니다.

#HPV백신 #성인백신 #건강정보",15,0,0,35,2,1,0,,
18125231734722737,2026-05-23T03:08:10+0000,FEED,CAROUSEL_ALBUM,https://www.instagram.com/p/DYql-cKnRaj/,3,0,"국민성장펀드가 출시와 동시에 '오픈런'을 기록하며 뜨거운 관심을 받고 있습니다. 이는 고금리 시대에 마땅한 투자처를 찾지 못하던 개인 투자자들의 투자 갈증과 더불어, 최대 3천만원까지 소득공제 100%라는 파격적인 세금 혜택이 강력하게 작용한 결과로 분석됩니다.

국민들이 혁신 스타트업에 간접 투자하여 국가 경제 성장에 기여하고 수익도 얻는다는 취지는 매우 긍정적입니다. 그러나 모든 투자가 그러하듯, 국민성장펀드 역시 원금 손실 가능성이 있는 고위험 상품이라는 점을 간과해서는 안 됩니다.

무리한 '오픈런' 분위기에 휩쓸리기보다는, 상품의 특성과 본인의 투자 성향을 면밀히 분석하고 전문가의 조언을 구하는 신중한 접근이 필요합니다. 세금 혜택에만 집중하여 위험을 과소평가하지 않도록 현명한 투자를 하시길 바랍니다.
#국민성장펀드 #재테크정보 #세금혜택",13,0,0,33,3,0,0,,
18054781625724093,2026-05-22T03:07:58+0000,FEED,CAROUSEL_ALBUM,https://www.instagram.com/p/DYoBKOmADrr/,2,0,"최근 북한 연계 해킹조직이 탈북민을 표적으로 한 충격적인 사이버 공격을 감행했습니다. 중국 연변 지역에서 유통되는 카드게임 앱에 악성코드를 심어 개인정보를 탈취하고 추적한 것으로 드러났습니다.

이는 단순한 해킹을 넘어 인권을 유린하는 행위로, 탈북민들의 안전과 자유를 심각하게 위협하는 사안입니다. 일반적인 게임 앱으로 위장한 점은 더욱 경계해야 할 부분이며, 누구든지 표적이 될 수 있음을 시사합니다.

스마트폰 사용 시 알 수 없는 출처의 앱 설치를 극도로 자제하고, 항상 최신 보안 업데이트를 유지하는 것이 중요합니다. 또한, VPN 사용과 주기적인 비밀번호 변경 등 기본적인 보안 수칙을 생활화해야 합니다.

정부와 관계 기관은 이러한 사이버 위협에 대한 경고와 예방책을 적극적으로 홍보하고, 취약계층에 대한 사이버 보안 교육을 강화해야 할 것입니다. 개인의 주의와 더불어 국가 차원의 철저한 대비가 절실합니다.

#북한해킹 #사이버보안 #개인정보유출",12,0,0,40,2,0,0,,
18059385386711340,2026-05-21T03:08:02+0000,FEED,CAROUSEL_ALBUM,https://www.instagram.com/p/DYlcXzkkWLt/,2,0,"최근 해외 호텔 예약 과정에서 30대 직장인이 150만원을 사기당하는 충격적인 사건이 발생했습니다. 이 사건은 단순한 개인 피해를 넘어, 온라인 예약 사기가 얼마나 교묘하고 광범위하게 확산되고 있는지를 보여줍니다.

사기범들은 정교하게 위조된 예약 사이트와 결제 링크를 활용해 피해자를 속였습니다. 피해자는 실제 호텔을 예약한 것으로 착각하고 돈을 송금했지만, 결국 예약은 존재하지 않았고 돈은 사라졌습니다. 이는 특히 해외여행 수요가 급증하는 시기에 더욱 기승을 부릴 수 있는 수법입니다.

글렌드는 국민 여러분의 안전한 여행을 위해 몇 가지 예방 수칙을 강조합니다. 첫째, 의심스러운 문자나 이메일의 링크는 절대 클릭하지 마세요. 둘째, 호텔 예약은 반드시 공식 홈페이지나 검증된 여행 플랫폼을 통해서만 진행해야 합니다. 셋째, 예약 후에는 해당 호텔에 직접 전화하여 예약 내역을 확인하는 이중 체크가 필수입니다. 만약 피해가 발생했다면, 즉시 경찰 또는 금융기관에 신고하여 추가 피해를 막고 신속한 조치를 취해야 합니다. 안전한 온라인 환경 조성을 위해 우리 모두의 주의와 경각심이 필요합니다.

#호텔사기 #예약주의 #여행안전",16,0,0,52,2,0,0,,
17988518798806190,2026-05-20T03:08:14+0000,FEED,CAROUSEL_ALBUM,https://www.instagram.com/p/DYi3lLTloz9/,2,0,"방송인 박수홍 씨의 19개월 된 조카에게 억대 세금 고지서가 발부되며 충격을 주었습니다. 이는 친형 부부가 박수홍 씨의 출연료 등을 횡령한 금액에 대해 세무 당국이 조카 소득으로 간주하여 세금을 부과한 결과입니다.

수십 년간 이어진 가족 재산 분쟁은 최근 법원의 친형 부부 횡령 인정 판결로 일단락되는 듯했습니다. 하지만 이번 세금 고지서는 복잡하게 얽힌 가족 재산 문제의 후폭풍이 여전히 남아있음을 보여줍니다.

이번 사건은 가족 간 재산 관리에서도 명확한 계약과 투명한 절차가 얼마나 중요한지 일깨워줍니다. 타인의 재산을 부당하게 유용하는 행위는 결국 법적 책임으로 돌아온다는 교훈을 남겼습니다. 어린 조카에게까지 세금이 부과되는 상황은 안타까움을 더하며, 재산 관리의 투명성과 법적 보호의 필요성을 다시 한번 생각하게 합니다.

#박수홍 #가족횡령 #세금문제",21,0,0,50,2,1,0,,
17968144086110045,2026-05-18T03:08:05+0000,FEED,CAROUSEL_ALBUM,https://www.instagram.com/p/DYdt-YeEyYH/,2,0,"독감 백신, 단순히 어르신들만의 이야기라고 생각하셨나요?

최근 의료계에서는 젊은 층이라도 특정 고위험군에 속한다면 '고면역원성 독감 백신' 접종을 적극적으로 고려해야 한다는 목소리가 커지고 있습니다. 특히 장기 이식 환자와 같은 면역 저하자들은 일반 독감 백신으로는 충분한 면역 반응을 기대하기 어려워 더 강력한 보호가 필요합니다.

고면역원성 백신은 일반 백신보다 높은 면역원성으로 더 강력하고 지속적인 면역 반응을 유도하여, 면역력이 약한 환자들의 독감 감염 위험을 효과적으로 줄여줍니다. 단순히 연령으로만 백신 선택을 결정하기보다는, 자신의 건강 상태와 기저질환 유무를 면밀히 검토하고 전문가와 상담하는 것이 중요해진 시점입니다.

환절기 건강 관리, 독감 백신 선택에 대한 새로운 관점이 필요한 때입니다. 나와 내 가족의 건강을 위해 주치의와 상의하여 최적의 백신 접종 계획을 세우세요.

#독감백신 #건강정보 #고면역원성",16,0,0,41,2,0,0,,
17867223813620052,2026-05-17T03:08:03+0000,FEED,CAROUSEL_ALBUM,https://www.instagram.com/p/DYbJMZEoHFn/,2,0,"집을 팔려는 사람들이 많았던 것 같은데, 왜 아파트값은 오히려 올랐을까요? 최근 부동산 시장의 역설적인 흐름이 많은 이들의 궁금증을 자아내고 있습니다. 글렌드가 그 배경과 전망을 분석해봤습니다.

지난해 하반기부터 아파트 매도 물량이 눈에 띄게 늘었음에도 불구하고, 주요 지역의 아파트 매매 가격은 꾸준히 상승세를 보였습니다. 이는 단순한 수급 논리를 넘어선 복합적인 요인들이 작용한 결과입니다. 우선, 정부의 금융 완화 정책과 기준금리 인하 기대감은 매수 심리를 자극하는 주요 원인이 되었습니다. 시중 유동성이 부동산 시장으로 흘러들어갈 가능성을 키운 셈이죠.

또한, 인플레이션 헤지 수단으로서 부동산의 매력이 부각되면서 투자 수요가 유입된 측면도 있습니다. 여기에 더해, 일부 지역에서는 신규 주택 공급 부족에 대한 우려가 확산되면서 희소성 가치가 상승하고 있다는 인식이 강해졌습니다. 실수요자들은 급매물을 찾다가 매물 부족과 가격 상승에 직면하고, 다시 매수 심리가 위축되는 악순환을 겪기도 합니다.

전문가들은 이러한 불확실성이 당분간 지속될 것이라고 전망합니다. 지역별 양극화는 더욱 심화될 가능성이 크며, 정부의 추가적인 부동산 규제 또는 완화 정책이 시장의 주요 변수로 작용할 것입니다. 실수요자들은 섣부른 판단보다는 장기적인 주거 계획과 시장의 흐름을 면밀히 분석하는 신중한 접근이 필요합니다.

#부동산시장 #아파트값 #경제전망",15,0,0,34,2,0,0,,
18102200420095617,2026-05-16T03:08:02+0000,FEED,CAROUSEL_ALBUM,https://www.instagram.com/p/DYYkX_jkwiL/,2,0,"최근 자녀에게 서울 아파트를 물려주려다 상상 이상의 세금 폭탄을 맞은 사연이 화제입니다. 이는 단순히 부유층만의 문제가 아닌, 우리 주변에서 충분히 발생할 수 있는 현실적인 상황입니다. 특히 부동산 가치 상승과 복잡한 세법 구조가 맞물려 예측 불가능한 결과를 초래하곤 합니다.

상속세는 피할 수 없는 부분이지만, 현명한 사전 계획과 전문가의 조언을 통해 상당 부분 절감할 수 있습니다. 증여 시점, 증여 방식, 그리고 공시지가 변동 등을 면밀히 분석하고, 주기적으로 재산 현황을 점검하는 것이 중요합니다. 자칫 무심코 넘겼다가 엄청난 세금 부담으로 돌아올 수 있으므로, 미리 준비하는 자세가 필수적입니다.

#상속세 #부동산증여 #세금폭탄",12,0,0,31,2,0,0,,
18103804120982090,2026-05-15T03:08:08+0000,FEED,CAROUSEL_ALBUM,https://www.instagram.com/p/DYV_mCUlhxe/,3,0,"최근 학교 현장에서 정서적 어려움을 겪거나 문제 행동을 보이는 아이들이 급증하며, 교사들의 고충이 깊어지고 있습니다.

기존의 '혼내는 방식'으로는 더 이상 아이들의 문제를 해결하기 어렵다는 인식이 확산되면서, 새로운 교육적 접근의 필요성이 대두되고 있습니다.

전문가들은 아이들의 문제 행동을 단순히 통제하려 하기보다, 그 이면에 숨겨진 심리적 원인과 배경을 이해하는 것이 중요하다고 강조합니다.
공감과 소통을 기반으로 아이들의 감정을 읽어주고, 스스로 문제를 해결할 수 있는 능력을 키워주는 방향으로 교육 패러다임이 변화해야 한다는 분석입니다.

이를 위해 교사들은 감정 조절 훈련, 사회성 향상 프로그램 등 심층적인 교육을 받고 있으며, 아이들과의 긍정적인 관계 형성을 통해 긍정적인 변화를 이끌어내기 위해 노력하고 있습니다.
이번 기사는 위기의 아이들을 위한 새로운 해법을 모색하고, 교육 현장에 필요한 실질적인 지원 방안에 대한 중요한 시사점을 제공합니다.

#교육개혁 #교권강화 #정서행동지원",9,0,0,22,3,0,0,,
18099576845032420,2026-05-14T03:08:05+0000,FEED,CAROUSEL_ALBUM,https://www.instagram.com/p/DYTayxSkVLs/,2,0,"대한민국 부동산 시장이 극심한 양극화 현상을 겪고 있습니다.

서울 수도권 지역은 고분양가에도 불구하고 청약 경쟁률이 치솟으며 '완판 행진'을 이어가고 있습니다. 심지어 일부 단지에서는 초기 자금 부담을 낮추기 위해 '계약금 0원'이라는 파격적인 조건을 내세우기도 합니다. 이는 급등한 주택 가격에 대한 수요자들의 불안감과 동시에, '지금 아니면 내 집 마련 기회가 없다'는 조급함이 반영된 것으로 분석됩니다.

반면 지방 부동산 시장은 미분양 악성 재고와의 전쟁을 치르고 있습니다. 대규모 할인과 각종 혜택에도 불구하고 수요가 따라주지 않아 신규 분양은 물론 기존 주택 거래도 활기를 잃어가고 있습니다. 서울과 지방 간의 극명한 온도차는 지역 경제 불균형 심화와 주거 양극화라는 심각한 사회 문제로 이어질 수 있습니다.

정부의 섬세하고 균형 잡힌 부동산 정책 마련이 시급한 시점입니다. 서울의 과열을 식히면서도 지방의 침체를 부양할 수 있는 다각적인 접근이 필요합니다.

#부동산 #청약 #미분양",14,0,0,40,2,0,0,,
18094506955901815,2026-05-13T03:08:08+0000,FEED,CAROUSEL_ALBUM,https://www.instagram.com/p/DYQ2AUvER3N/,2,0,"정부가 비거주 1주택자에 대한 주택 처분 압박을 강화하고 나섰습니다. 해외 체류 등 실제 거주하지 않는 주택에 대한 세제 혜택을 대폭 축소하여 매각을 유도하는 정책이 전개됩니다.

이는 주택 시장의 안정화를 꾀하고, 공정한 과세 형평성을 높이려는 정부의 의지가 반영된 것으로 보입니다.

주택을 보유했으나 실제 거주하지 않는 1주택자의 경우, 양도소득세 부담이 크게 늘어날 수 있습니다. 특히 세입자가 거주 중인 '세 낀 집'의 경우, 매각 과정에서 복잡한 문제가 발생할 가능성도 제기되고 있습니다.

이번 정책은 정부의 다주택자 규제 기조의 연장선으로 풀이됩니다. 실수요자 중심의 주택 시장 재편을 목표로, 공급을 늘리고 투기 수요를 억제하려는 시도로 분석됩니다.

비거주 1주택자분들은 정부의 변화된 정책 방향을 면밀히 살피고, 전문가와 상담하여 현명한 대응 전략을 수립하는 것이 중요합니다. 급변하는 부동산 시장 상황에 촉각을 곤두세워야 할 시점입니다.

#부동산정책 #비거주1주택자 #주택시장안정",13,0,0,33,2,0,0,,
17923866486319540,2026-05-11T03:08:09+0000,FEED,CAROUSEL_ALBUM,https://www.instagram.com/p/DYLsamJkwfW/,2,0,"혈우병, 더 이상 출혈의 공포 속에 살지 않아도 되는 시대가 열릴까요? 국내에서 첫 'GIFT 신약'이 환자들에게 '무출혈'이라는 희망을 선사할지 의료계의 관심이 뜨겁습니다.

기존 혈우병 치료는 잦은 출혈에 대한 예방적 치료가 주를 이뤘습니다. 환자들은 주기적으로 주사제를 투여해야 했고, 예상치 못한 출혈로 고통받으며 일상생활에 큰 제약을 겪어야 했습니다. 이는 환자뿐만 아니라 가족에게도 상당한 신체적, 심리적, 경제적 부담을 안겨주었습니다.

새롭게 등장한 GIFT 신약은 유전자 재조합 기술을 통해 혈액 응고 인자의 기능을 강화, 출혈 빈도를 획기적으로 줄이는 것을 목표로 합니다. 이는 환자들이 출혈 걱정 없이 학업, 직업 활동, 스포츠 등 다양한 사회 활동에 참여할 수 있는 기회를 제공할 것입니다. 또한, 투약 간격의 연장은 환자들의 치료 편의성을 높여 삶의 질을 크게 개선할 것으로 기대됩니다.

이 신약의 등장은 단순히 질병을 관리하는 수준을 넘어, 혈우병 환자들이 일반인과 다름없는 삶을 누릴 수 있는 '무출혈' 시대를 앞당길 수 있다는 점에서 그 의미가 매우 큽니다. 의료 혁신이 가져올 긍정적인 변화에 주목해야 할 시점입니다.

#혈우병 #GIFT신약 #의료혁신",15,0,0,36,2,0,0,,
17871297603610270,2026-05-10T03:08:04+0000,FEED,CAROUSEL_ALBUM,https://www.instagram.com/p/DYJHnNKE_Nt/,3,0,"최근 '치명률 최대 50%'라는 충격적인 수식어가 붙은 한타바이러스에 대한 국내 유입 가능성이 주목받고 있습니다. 이미 국내에 존재하는 질병이지만, 해외에서 보고되는 높은 치명률에 대한 우려가 커지고 있습니다.

한타바이러스는 주로 들쥐의 배설물을 통해 전파되는 감염병으로, 한국에서는 신증후군출혈열 등으로 알려져 있습니다. 과거에 비해 발생률이 감소했다고는 하지만, 잠재적인 위협과 해외 유입 가능성에 대한 경각심은 늦출 수 없습니다. 특히 기후 변화 등으로 생태계가 교란될 경우, 감염병 확산 경로가 다양해질 수 있다는 점을 간과해서는 안 됩니다.

개인적인 예방 노력이 무엇보다 중요합니다. 야외 활동 시 들쥐 서식지를 피하고, 풀숲 작업 시에는 마스크와 장갑을 착용하는 습관을 들여야 합니다. 또한, 야외 활동 후에는 반드시 몸을 깨끗이 씻고, 고열, 두통, 출혈 등의 의심 증상이 나타나면 즉시 의료기관을 방문하여 신속한 진단과 치료를 받아야 합니다. 국민 모두의 경각심과 보건 당국의 선제적인 대응이 국내 유입 가능성을 최소화하고 국민 건강을 지키는 핵심이 될 것입니다.

#한타바이러스 #국민건강 #감염병예방",16,0,0,31,3,3,0,,
18595737160011477,2026-05-09T03:08:06+0000,FEED,CAROUSEL_ALBUM,https://www.instagram.com/p/DYGi0mNkqHa/,2,0,"나이 들면서 근육이 빠지는 것은 자연스러운 현상이지만, 그 속도를 가속화시키는 의외의 원인이 밝혀졌습니다. 바로 '입속 건강', 특히 치주질환입니다.

잇몸 염증이 전신 염증 반응을 유발하고, 이는 근육 단백질 분해를 촉진하는 것으로 나타났습니다. 또한 치아 상태가 좋지 않아 음식을 제대로 씹지 못하면 영양 섭취가 부실해져 근육 생성에 필요한 단백질 공급이 부족해집니다.

이 연구 결과는 구강 건강이 단순히 치아 문제에 그치지 않고, 노년기 전신 건강, 특히 근감소증 예방에 결정적인 역할을 한다는 점을 시사합니다.

규칙적인 양치질, 정기적인 치과 검진으로 치주질환을 예방하고, 균형 잡힌 식단과 꾸준한 근력 운동을 병행하여 건강한 노년을 준비하는 것이 중요합니다. 입안의 작은 염증이 전신 건강을 위협할 수 있다는 경각심을 가져야 합니다.

#근감소증 #치주질환 #구강건강",13,0,0,30,2,0,0,,
18073524536402003,2026-05-08T03:08:05+0000,FEED,CAROUSEL_ALBUM,https://www.instagram.com/p/DYD-BuUlo-K/,2,0,"파킨슨병 환자들의 삶의 질을 획기적으로 개선할 AI 기술이 국내 연구진에 의해 개발되었습니다. 이 혁신적인 시스템은 환자의 낙상 위험을 인공지능이 미리 예측하여 예방적 관리를 가능하게 합니다.

파킨슨병 환자는 질병 특성상 균형 감각이 저하되어 낙상 위험이 매우 높습니다. 낙상은 골절과 같은 심각한 부상으로 이어져 환자의 독립적인 생활을 어렵게 하고, 보호자의 부담을 가중시키는 주요 원인이 됩니다.

이번에 개발된 AI 기술은 웨어러블 센서에서 수집된 데이터를 기반으로 환자의 미세한 움직임과 보행 패턴 변화를 분석합니다. 이를 통해 의료진은 환자 개개인의 낙상 위험도를 정밀하게 파악하고, 개인 맞춤형 운동 프로그램이나 환경 개선 등의 선제적 조치를 취할 수 있게 됩니다.

이는 단순한 예측을 넘어, 환자들이 더욱 안전하고 활동적인 삶을 유지할 수 있도록 돕는 실질적인 해결책을 제시합니다. 의료 비용 절감 효과와 더불어, 환자와 가족 모두에게 더 나은 미래를 약속하는 중요한 진전입니다.
#파킨슨병 #AI의료 #낙상예방",12,0,0,28,2,0,0,,
18047856980528953,2026-05-07T03:08:08+0000,FEED,CAROUSEL_ALBUM,https://www.instagram.com/p/DYBZPDyEsSD/,2,0,"초밥 뷔페의 대명사 '쿠우쿠우'를 둘러싼 충격적인 소식이 전해졌습니다. 창업주인 회장 부부가 이혼 후 서로를 배임 혐의로 고소했으며, 검찰은 이들 모두를 기소한 것으로 밝혀졌습니다. 

 한때는 모범적인 동업자이자 부부로 전국 80여 개 매장을 거느리며 연 매출 1000억 원대 기업을 일궈냈던 이들입니다. 이번 사태는 경영권과 재산 분할 과정에서 발생한 갈등이 법정 공방으로 비화한 것으로 분석됩니다. 

 사랑과 사업의 동반자였던 두 사람이 서로에게 칼을 겨누는 상황은 대중에게 큰 충격을 주고 있습니다. 특히 국민적 사랑을 받아온 유명 프랜차이즈의 뒷이야기라는 점에서 이번 사건의 파장은 더욱 클 것으로 예상됩니다. 경영권 분쟁과 법적 다툼이 기업 이미지와 브랜드 신뢰도에 어떤 영향을 미칠지 귀추가 주목됩니다. 

 이들의 갈등이 원만히 해결되고, 소비자들이 믿고 찾던 쿠우쿠우의 명성이 회복되기를 바랍니다. 

 #쿠우쿠우 #배임기소 #프랜차이즈",36,0,0,84,2,0,0,,
18125206039612503,2026-05-06T03:08:01+0000,FEED,CAROUSEL_ALBUM,https://www.instagram.com/p/DX-0baakmuk/,2,0,"광주 대로변에서 발생한 ‘묻지마 칼부림’ 사건이 대한민국 사회에 또다시 충격을 안겨주고 있습니다. 등굣길에 벌어진 끔찍한 비극으로 10대 여고생 1명이 숨지고 남고생 1명이 크게 다치는 등 무고한 피해자가 발생했습니다. 용의자는 현장에서 체포되었으나, 여전히 범행 동기는 오리무중인 상태입니다.

최근 잇따르는 무차별 범죄는 시민들의 일상 속 안전에 대한 근본적인 의문을 던지고 있습니다. 특히 예측 불가능한 장소에서 불특정 다수를 대상으로 벌어지는 이러한 사건들은 공공의 불안감을 최고조로 끌어올리고 있습니다. 사회 구성원 모두가 안심하고 살아갈 수 있는 환경을 조성하는 것이 시급합니다.

글렌드는 이번 사건의 전개와 수사 상황을 예의주시하며, 안전망 강화 및 범죄 예방을 위한 실질적인 논의가 활발히 이루어지기를 촉구합니다. 개인의 불만이나 정신적 문제가 사회적 흉기로 변질되지 않도록, 사회 안전망과 정신 건강 지원 체계를 더욱 촘촘하게 구축하는 노력이 필요합니다.

#묻지마칼부림 #광주사건 #사회안전망강화",18,0,0,48,2,1,0,,
18056931134706380,2026-05-05T03:08:17+0000,FEED,CAROUSEL_ALBUM,https://www.instagram.com/p/DX8PqbdkinX/,2,0,"한국은행 부총재의 금리 인상 시사 발언이 경제계와 가계에 큰 파장을 예고하고 있습니다. 지속되는 물가 상승 압력에 대응하기 위한 통화 정책의 변화 가능성이 대두된 것입니다.

현재 3.50%로 동결된 기준금리에 변동이 생길 경우, 이는 가계의 대출 이자 부담을 직접적으로 가중시키며 소비 심리 위축으로 이어질 수 있습니다. 글로벌 경기 둔화와 국제 유가 상승 등 불안정한 대외 여건 속에서 국내 물가는 여전히 높은 수준을 유지하고 있어, 한은의 고민은 깊어질 전망입니다.

물가 안정과 경제 성장이라는 두 가지 목표를 달성하기 위한 한국은행의 고심은 계속될 것으로 보입니다. 가계부채 문제, 부동산 시장 동향 등 국내 경제 전반에 미칠 파급 효과를 면밀히 분석하며 신중한 정책 결정을 내려야 할 시점입니다.

#금리인상 #한국경제 #물가상승",12,0,0,44,2,0,0,,
18143016685443166,2026-05-04T03:07:59+0000,FEED,CAROUSEL_ALBUM,https://www.instagram.com/p/DX5q2iRFVKf/,2,0,"[GLEND 리포트] 5월 한은 점도표, 금리인상 신호 담길까?

최근 물가 상승과 부동산 시장의 불확실성이 지속되는 가운데, 5월 한국은행 금융통화위원회에서 발표될 '점도표'에 시장의 이목이 집중되고 있습니다. 점도표는 한은 금통위원 각자의 향후 기준금리 전망을 점으로 표시한 것으로, 향후 통화정책 방향을 가늠할 중요한 지표가 됩니다.

현재 시장에서는 미국 연방준비제도(Fed)의 금리 인상 기조가 완화될 것이라는 기대감과 함께 국내 경기 회복에 대한 기대감이 상존하고 있습니다. 그러나 고물가 상황이 장기화되거나 부동산 시장 불안이 심화될 경우, 한국은행 역시 금리 인상 압박을 받을 수밖에 없습니다.

만약 점도표에서 금리 인상을 시사하는 신호가 포착된다면, 이는 곧 가계 및 기업의 대출 이자 부담 증가로 이어져 실물 경제에 상당한 파장을 미칠 수 있습니다. 특히 변동금리 대출 비중이 높은 가계의 경우, 월 상환액 부담이 더욱 커질 우려가 있습니다.

가계는 불확실한 경제 상황에 대비하여 부채 관리 계획을 재점검하고, 고정금리 전환 등 현명한 재정 전략을 모색해야 할 시점입니다. 글렌드는 앞으로도 국민 경제에 직접적인 영향을 미치는 주요 정책 변화를 신속하게 분석하여 전달하겠습니다.

#금리인상 #한국은행 #경제전망",12,0,0,41,2,1,0,,
18177354391400450,2026-05-03T03:08:06+0000,FEED,CAROUSEL_ALBUM,https://www.instagram.com/p/DX3GDTZktPb/,3,0,"한국인이 즐겨 먹는 한식, 과연 모두 건강할까요?

의료 전문가들이 꼽은 '암을 유발할 수 있는 한식' 목록이 공개되어 충격을 주고 있습니다. 우리 식탁에 자주 오르는 음식 중 일부가 건강에 해로울 수 있다는 경고입니다.

주요 원인으로는 과도한 나트륨 섭취, 높은 탄수화물 함량, 그리고 일부 조리법이 지적되었습니다. 특히 찌개류, 국물 요리, 김치, 그리고 직화구이 시 발생하는 발암물질 등이 주의 대상으로 언급됩니다.

이는 한식 자체의 문제가 아니라, 특정 식재료의 과다 사용이나 잘못된 조리 방식에서 비롯될 수 있습니다. 예를 들어, 나트륨은 위암과 대장암의 위험을 높일 수 있으며, 탄 음식에서는 벤조피렌과 같은 발암물질이 생성될 수 있습니다.

건강하게 한식을 즐기기 위해서는 염분 섭취를 줄이고, 채소와 단백질 위주의 균형 잡힌 식단을 유지하는 것이 중요합니다. 또한, 직화구이보다는 굽거나 찌는 조리법을 활용하고, 신선한 재료를 사용하는 노력이 필요합니다. 익숙한 식습관을 점검하고, 건강을 위한 작은 변화를 시작해 보세요.

#건강한식 #암예방 #식단관리",31,0,0,75,3,1,0,,
18100450295069043,2026-05-02T03:08:17+0000,FEED,CAROUSEL_ALBUM,https://www.instagram.com/p/DX0hRrMktNq/,2,0,"15년차 현직 의사가 직접 추천하는 암 예방 음식 5가지가 화제입니다. 단순히 건강 보조제를 넘어, 일상 식단에서 암 발병 위험을 줄일 수 있는 실질적인 정보에 대한 대중의 관심이 뜨겁습니다.

최근 연구들은 특정 식품들이 암세포의 증식을 억제하고 면역 체계를 강화하는 데 유의미한 영향을 미친다고 보고하고 있습니다. 특히 항산화 및 항염증 성분이 풍부한 식품들은 세포 손상을 줄이고 건강한 세포 기능을 유지하는 데 도움을 줍니다.

전문가는 브로콜리, 마늘, 토마토, 베리류, 견과류 등을 꾸준히 섭취할 것을 권장합니다. 이는 균형 잡힌 식단의 중요성을 다시 한번 강조하며, 예방 의학의 핵심이 생활 습관 개선에 있음을 시사합니다.

단, 특정 음식에만 의존하기보다는 다양한 영양소를 고루 섭취하고 규칙적인 운동을 병행하는 것이 중요합니다. 건강한 식습관으로 우리 몸을 보호하는 현명한 선택을 시작해봅시다.

#암예방 #건강정보 #의사추천",14,0,0,34,2,1,0,,
18117492817733836,2026-04-30T03:08:05+0000,FEED,CAROUSEL_ALBUM,https://www.instagram.com/p/DXvXqkMkQt9/,2,0,"국민배우 전원주 씨가 최근 방송에서 치매 진단 사실과 유언장 작성 고백으로 많은 이들에게 충격을 주었습니다.

88세의 나이에도 왕성한 활동을 이어오던 그녀는 ""짐이 될까 두려웠다""며 미리 유언을 준비한 사연을 전했습니다. 이는 비단 한 개인의 문제가 아닌, 고령화 사회를 살아가는 우리 모두가 직면할 수 있는 현실적인 고민을 드러냅니다.

자신과 가족을 위한 사전 준비의 중요성을 다시금 일깨우는 계기가 됩니다. 치매 진단 후 유언을 통해 가족에게 부담을 주지 않으려 했던 전원주 씨의 이야기는, 노년의 삶과 존엄성에 대해 깊이 성찰하게 만듭니다.

건강한 노년을 위한 계획과 사회적 관심이 더욱 필요합니다.

#전원주 #치매 #노년건강",15,0,0,24,2,0,0,,
18002762231865089,2026-04-29T03:08:02+0000,FEED,CAROUSEL_ALBUM,https://www.instagram.com/p/DXsy3ZMlhVi/,2,0,"글렌드 수석 분석관입니다. 최근 30대 젊은 층에서 대장암 발병률이 증가하는 가운데, 희망적인 소식이 전해졌습니다. 조기 발견 시 내시경 시술만으로도 '수술 없이' 대장암 완치가 가능하다는 연구 결과가 발표된 것입니다.

이는 의료 기술의 발전과 국민들의 건강 검진 참여율 증가가 맞물려 만들어낸 긍정적인 변화입니다. 과거에는 대장암 진단 시 큰 수술을 피할 수 없었으나, 이제는 초기 단계에서 발견될 경우 훨씬 덜 침습적인 방법으로 완치될 수 있습니다. 환자들의 삶의 질 향상에도 크게 기여할 것으로 보입니다.

하지만 이 소식이 더욱 중요한 이유는 '조기 진단'의 중요성을 다시 한번 상기시킨다는 점입니다. 대장암은 초기에는 특별한 증상이 없는 경우가 많아, 자칫 치료 시기를 놓치기 쉽습니다. 따라서 연령대에 맞는 정기적인 건강 검진과 작은 증상이라도 놓치지 않고 의료 전문가와 상담하는 습관이 매우 중요합니다.

특히 30대에서도 발병이 늘고 있는 만큼, 젊다는 이유로 검진을 미루지 않아야 합니다. 이 새로운 치료 패러다임이 더 많은 환자에게 희망을 주고, 대한민국 국민들의 건강 증진에 기여하기를 바랍니다.

#대장암 #건강정보 #내시경치료",16,0,0,35,2,0,0,,
18076168145201738,2026-04-28T03:07:57+0000,FEED,CAROUSEL_ALBUM,https://www.instagram.com/p/DXqOFG7jL15/,2,0,"국내 기초과학연구원(IBS)이 뇌졸중 치료에 혁신적인 가능성을 제시했습니다. IBS 뇌혈관질환 연구팀은 원숭이 실험을 통해 새로운 뇌졸중 치료 물질의 유의미한 효과를 확인했다고 밝혔습니다.

이 치료 물질은 뇌졸중으로 손상된 뇌 부위로 직접 이동하여 염증을 효과적으로 억제하고, 새로운 혈관 생성을 촉진하는 '나노 입자' 기반입니다. 뇌졸중은 국내 사망 원인 4위, 단일 질환 사망 원인 1위인 심각한 질환으로, 적절한 치료 시기를 놓치면 영구적인 장애로 이어질 수 있습니다.

현재 급성기 뇌졸중 치료는 혈전 용해제 투여나 혈관 재개통술이 주를 이루지만, 치료 골든타임이 짧고 모든 환자에게 적용하기 어렵다는 한계가 있습니다. 이번 IBS 연구는 이러한 한계를 극복하고, 뇌 기능 회복 및 혈관 재형성 등 다각적인 치료 효과를 보여주며 새로운 희망을 안겨주고 있습니다.

비록 인체 임상 단계까지는 추가적인 연구와 시간이 필요하지만, 이번 연구 결과는 뇌졸중 환자와 가족들에게 큰 기대감을 심어주고 있습니다. 앞으로 이 기술이 실제 환자들에게 적용되어 건강한 삶을 되찾는 데 기여할 수 있기를 바랍니다. 글렌드는 혁신적인 과학 기술 소식을 계속해서 전하겠습니다.
#뇌졸중 #치료제개발 #IBS연구",20,0,0,69,2,0,0,,
18068936414331190,2026-04-27T03:08:06+0000,FEED,CAROUSEL_ALBUM,https://www.instagram.com/p/DXnpSDRk9Vb/,2,0,"소아 급성 설사는 아이들에게 매우 흔하지만, 부모님들에게는 큰 걱정을 안겨주는 질환입니다. 특히 면역력이 약한 아이들에게 설사가 지속되면 탈수 등 심각한 합병증으로 이어질 수 있어 신속한 대처가 중요합니다.

최근 주목받고 있는 'L. Rhamnosus GG (LGG)' 유산균은 소아 급성 설사 회복에 긍정적인 영향을 미치는 것으로 연구되고 있습니다. LGG는 장내 유익균 증식을 돕고 유해균을 억제하여 장 환경을 개선하며, 설사 지속 기간을 단축시키는 데 기여합니다. 이는 아이들이 더 빨리 일상생활로 복귀하고, 부모님들의 불안감을 덜어주는 데 큰 도움이 됩니다.

하지만 유산균 섭취만으로 모든 문제가 해결되는 것은 아닙니다. 설사 시에는 충분한 수분 섭취를 통해 탈수를 예방하는 것이 가장 중요하며, 증상이 심하거나 지속될 경우 반드시 소아청소년과 전문의와 상담해야 합니다. LGG와 같은 특정 유산균의 효과는 개개인의 상태와 설사 원인에 따라 다를 수 있으므로, 전문가의 조언을 구하여 아이에게 가장 적합한 방법을 찾는 것이 현명합니다. 건강한 장을 위한 꾸준한 관리와 적절한 대처가 우리 아이들의 건강을 지키는 핵심입니다.

#소아설사 #아기건강 #유산균추천",12,0,0,27,2,0,0,,
17870117682504028,2026-04-26T03:08:06+0000,FEED,CAROUSEL_ALBUM,https://www.instagram.com/p/DXlEfO8EsIH/,3,0,"글렌드 수석 분석관입니다. 고유가 지속으로 인한 서민 가계의 부담을 덜기 위해 정부가 '고유가 지원금' 지급을 시작합니다. 특히 기초생활수급자, 차상위계층, 한부모가족 등 취약계층에 대한 직접적인 지원이라는 점에서 그 의미가 큽니다.

별도의 신청 절차 없이 대상자 계좌로 자동 입금되는 방식이어서, 복잡한 행정 절차로 인한 불편함 없이 신속하게 지원금을 받을 수 있을 것으로 기대됩니다. 다만, 지자체별로 지급 시기에 미묘한 차이가 있을 수 있으므로 관련 정보를 확인하는 것이 좋습니다.

이번 지원금은 일시적인 고유가 상황에서 취약계층의 생활 안정을 도모하는 중요한 조치입니다. 앞으로도 서민 경제를 뒷받침할 수 있는 다양한 정책적 노력이 지속되기를 기대합니다.

#고유가지원금 #정부지원 #생활경제",28,0,1,90,4,1,0,,
18224157973312176,2026-04-25T03:08:05+0000,FEED,CAROUSEL_ALBUM,https://www.instagram.com/p/DXifsQ4kxz8/,2,0,"삼성전자가 창사 55년 만에 사상 첫 총파업에 돌입했습니다. 전국삼성전자노동조합(전삼노)은 오늘(7일)을 시작으로 총파업을 선언하고, 첫 쟁의 행위로 집단 연가 사용과 함께 서초 사옥 및 이재용 회장 자택 앞에서 집회를 예고했습니다.

이번 파업의 핵심 쟁점은 임금 인상률과 성과급입니다. 노조는 지난 3월 사측과 임금 협상 결렬 이후 중앙노동위원회 조정 중지, 조합원 찬반 투표 등을 거쳐 합법적인 쟁의권을 확보했습니다. 사측은 이미 평균 5.1%의 임금 인상을 결정했지만, 노조는 더 높은 인상률과 투명한 성과급 지급 기준을 요구하고 있습니다.

업계에서는 이번 파업이 당장 반도체 생산에 큰 영향을 미치지는 않을 것으로 보고 있습니다. 하지만 삼성전자의 상징성과 글로벌 시장 내 위상을 고려할 때, 장기화될 경우 기업 이미지 실추는 물론 해외 투자자들에게도 부정적인 신호를 줄 수 있습니다. 앞으로 노사 간의 원만한 합의와 해결 방안 모색이 시급해 보입니다.

#삼성전자 #노조파업 #생활경제",18,0,0,55,2,0,0,,
18072209276275915,2026-04-24T03:07:56+0000,FEED,CAROUSEL_ALBUM,https://www.instagram.com/p/DXf65fIGiNV/,3,0,"고물가 시대, 치솟는 외식 물가 속에서 BBQ가 치킨값 동결을 선언했습니다. 일각에서는 정부의 물가 안정 노력에 대한 적극적인 동참으로 풀이하고 있습니다. 이는 치킨 3만 원 시대 논란과 소비자 불만이 고조되는 상황에서 브랜드 이미지 제고와 사회적 책임을 다하려는 의지로 해석됩니다.

하지만 단순히 ‘착한 기업’ 이미지만을 위한 결정은 아닐 수 있습니다. 신메뉴 출시, 멤버십 강화 등 다양한 비가격 전략을 통해 매출을 유지하고, 나아가 시장 점유율을 확대하려는 장기적인 안목이 숨어있다는 분석도 나옵니다. 다른 프랜차이즈들의 가격 정책에도 영향을 미칠 수 있어 귀추가 주목됩니다.

이번 결정이 고통받는 가맹점주에게 추가 부담으로 작용하지 않도록 본사의 적극적인 지원책 마련이 중요합니다. 동시에 소비자들은 현명한 소비로 기업의 노력을 지지할 필요가 있습니다. 모두가 상생할 수 있는 방안 마련이 시급합니다.

#치킨값동결 #BBQ #물가안정",16,0,0,42,3,1,0,,
18094551179275639,2026-04-23T03:08:11+0000,FEED,CAROUSEL_ALBUM,https://www.instagram.com/p/DXdWHKHFoWB/,1,0,"최근 미국발 대(對)한국 압박 기류가 심상치 않습니다. 전 하원의장까지 나서 쿠팡 등 한국 기업을 노골적으로 비판하며 '워싱턴이 가만있지 않을 것'이라는 경고 메시지를 보냈습니다.

이는 한국이 자국 기업 보호를 명목으로 미국 기업을 차별한다는 주장인데, 단순히 특정 기업 비판을 넘어섭니다. 미국은 그간 전작권 전환, 정보 유출 논란 등 여러 사안을 엮어 한국에 대한 경제적 압박 수위를 높여왔습니다.

전문가들은 이러한 일련의 움직임이 한국 기업의 대미 투자를 확대하고, 미국 기업의 한국 시장 내 입지를 강화하려는 '대미 투자 독촉'의 일환으로 분석하고 있습니다. 즉, 한국의 경제적 역량을 미국으로 흡수하려는 전략적 포석이라는 것이죠.

글렌드는 이처럼 미묘하게 전개되는 한미 경제 관계의 이면을 주시해야 한다고 봅니다. 우리 정부와 기업은 미국의 속내를 정확히 파악하고, 국익을 최우선으로 하는 신중하고 전략적인 대응 방안을 모색해야 할 시점입니다.
#한미경제 #쿠팡 #경제압박",13,0,0,38,1,1,0,,
17968208895022044,2026-04-22T03:08:31+0000,FEED,CAROUSEL_ALBUM,https://www.instagram.com/p/DXaxWwDFqUq/,1,0,"갤럭시 사용자라면 주목하세요! 삼성전자가 갤럭시 S24에 탑재된 혁신적인 AI 기능을 S23 시리즈, Z 플립5/폴드5, 그리고 탭 S9 시리즈까지 확대 지원한다고 발표했습니다. 오는 3월 말부터 One UI 6.1 업데이트를 통해 새로운 AI 경험을 만날 수 있습니다.

이번 업데이트의 핵심은 '실시간 통역', '채팅 어시스트', '서클 투 서치'와 같은 사용자 편의성을 극대화하는 기능들입니다. 특히, 노트 어시스트와 생성형 편집 기능은 콘텐츠 제작 및 관리 방식에 새로운 지평을 열 것으로 기대됩니다.

삼성전자의 이번 결정은 단순히 신기능을 배포하는 것을 넘어, 기존 고객들에게도 최신 기술 혜택을 제공하며 갤럭시 생태계의 가치를 높이려는 전략으로 풀이됩니다. 스마트폰 교체 주기와 상관없이 더 많은 사용자가 AI 혁신을 체감하게 될 것입니다. 당신의 갤럭시 폰도 이제 AI 시대를 맞이할 준비가 되었습니다!
#갤럭시AI #삼성전자 #AI업데이트",15,0,0,38,1,1,0,,
18123032557551387,2026-04-20T03:08:11+0000,FEED,CAROUSEL_ALBUM,https://www.instagram.com/p/DXVnue-FtHA/,1,0,"글렌드 스포츠 단독 리포트: 두산 베어스가 2024 시즌 첫 위닝시리즈를 달성하며 뜨거운 반등세를 보이고 있습니다.

이번 시리즈의 핵심은 박준순 선수의 불방망이와 최민석 선수의 안정적인 마운드 장악력이었습니다. 박준순은 중요한 순간마다 홈런포를 가동하며 팀에 승리를 안겼고, 최민석은 에이스다운 면모로 3연승을 질주하며 상대 타선을 봉쇄했습니다.

두 선수의 활약은 단순히 개인 기록을 넘어 팀 전체 사기를 끌어올리는 중요한 전환점이 되었습니다. 시즌 초반 불안했던 팀 분위기는 위닝시리즈를 통해 단단해졌으며, 팬들은 앞으로 이어질 경기에서 두산의 상승세가 지속될지 큰 기대를 걸고 있습니다.

이번 승리는 단순한 1승 1패를 넘어, 팀의 정체성과 방향성을 재확인하는 계기가 될 것입니다. 강한 응집력과 주전 선수들의 활약이 뒷받침된다면 두산 베어스는 더 높은 곳을 향해 나아갈 수 있을 것으로 전망됩니다. 팬들의 뜨거운 응원과 함께, 두산의 더 뜨거운 활약을 기대합니다.

#두산베어스 #KBO리그 #위닝시리즈",14,0,0,45,1,0,0,,
18097901285000847,2026-04-19T09:14:39+0000,FEED,CAROUSEL_ALBUM,https://www.instagram.com/p/DXTs3uaEaFp/,2,0,"오늘 오전 북한이 동해상으로 단거리 탄도미사일 여러 발을 발사하며 또다시 한반도 긴장 수위를 끌어올렸습니다. 올해 들어 벌써 7번째 탄도미사일 도발로, 우리 군은 즉각적인 감시 강화 및 한미일 공조를 통해 상황을 예의주시하고 있습니다.

이번 도발은 최근 북한이 대북 전단 살포에 대한 보복으로 오물 풍선을 날리고 GPS 전파 교란 공격을 감행한 이후 발생했습니다. 이는 단순히 미사일 발사를 넘어, 북한이 복합적인 비대칭 도발을 통해 우리 사회에 혼란을 야기하고 남북 관계를 통제하려는 의도를 엿볼 수 있게 합니다.

글렌드는 북한의 군사적 동향과 그 배경을 심층적으로 분석하고, 국민 여러분께 가장 정확하고 신뢰성 있는 정보를 전달하기 위해 최선을 다하겠습니다. 지속적인 관심과 주의가 필요한 시점입니다.

#북한미사일 #한반도긴장 #국가안보",16,0,0,58,2,1,0,,
18099515218820504,2026-04-17T09:14:20+0000,FEED,CAROUSEL_ALBUM,https://www.instagram.com/p/DXOjPyajqGH/,1,0,"노화는 피할 수 없는 자연의 섭리로 여겨져 왔습니다. 하지만 최근 한국 연구진이 개발한 '코 스프레이'가 60세 노인 쥐를 젊은 쥐로 되돌리는 충격적인 결과를 발표하며 과학계의 이목을 집중시키고 있습니다.

이 연구는 쥐의 코에 특정 물질을 스프레이 형태로 뿌려 노화 유발 단백질을 억제, 피부 재생과 면역 기능 회복 등 전반적인 노화 역전 효과를 확인했습니다. 이는 기존의 항노화 연구와는 차원이 다른, 직접적인 '리버스 에이징' 가능성을 제시한 셈입니다.

물론 아직 쥐 실험 단계에 머물러 있지만, 이번 연구 결과는 인간에게도 적용될 수 있는 노화 치료제 개발의 강력한 신호탄이 될 수 있습니다. 앞으로 인체 적용을 위한 안전성과 유효성 검증 과정이 남아있지만, 인류의 건강한 삶과 수명 연장에 대한 기대감을 한층 높였습니다.

과학 기술의 발전이 노화의 개념마저 바꿔놓을 수 있을지 귀추가 주목됩니다. 글렌드는 이처럼 삶의 질을 바꿀 수 있는 중요한 과학 기술 소식들을 발 빠르게 전해드리겠습니다.

#노화역전 #항노화연구 #코스프레이",16,0,0,46,1,1,0,,
18087638942192873,2026-04-17T03:08:47+0000,FEED,CAROUSEL_ALBUM,https://www.instagram.com/p/DXN5aT1EkC9/,2,0,"치어리더 정가예 씨의 폭언 및 욕설 피해로 인한 활동 중단 소식은 단순한 연예계 이슈를 넘어 우리 사회의 깊은 그림자를 드러냅니다. 화려한 무대 뒤에서 그녀가 홀로 감내해야 했던 고통, 그리고 '화장실에서 울기만 했다'는 고백은 많은 이들에게 큰 충격을 안겨주었습니다.

이번 사건은 유명인에 대한 무분별한 비난과 인신공격이 개인의 삶을 어떻게 파괴할 수 있는지를 극명하게 보여줍니다. 온라인 공간의 익명성 뒤에 숨어 행해지는 언어폭력은 가해자에게는 사소한 장난일 수 있으나, 피해자에게는 회복하기 어려운 정신적 상흔을 남깁니다.

이는 비단 연예인들만의 문제가 아닙니다. 우리 모두가 일상에서 접할 수 있는 사이버 불링, 직장 내 괴롭힘 등 보이지 않는 폭력의 연장선상에 있습니다. 이번 사태를 계기로 타인의 감정을 존중하고, 책임감 있는 언행을 실천하는 사회적 분위기 조성에 모두가 동참해야 할 때입니다.

#치어리더정가예 #악플피해 #사이버폭력",27,0,0,91,2,2,0,,
18113252518762456,2026-04-16T09:14:34+0000,FEED,CAROUSEL_ALBUM,https://www.instagram.com/p/DXL-fvuDe7m/,2,0,"갤럭시 S26 시리즈가 '봄꽃 인증샷' 문화를 새롭게 쓰고 있습니다. 인파 속에서도 마치 혼자 있는 듯한 환상적인 사진을 만들어내는 비결은 바로 강력한 AI 편집 기능에 있습니다.

특히 'AI 지우개' 기능은 불필요한 배경 속 인물이나 사물을 손쉽게 제거해, 원하는 피사체에만 완벽하게 집중된 사진을 구현합니다. 단순히 지우는 것을 넘어, 피사체의 위치를 자유롭게 조정하거나 배경을 확장하는 등 전문가 수준의 보정이 스마트폰 안에서 가능해졌습니다.

이는 사용자들에게 전에 없던 사진 경험을 제공하며, 누구나 쉽고 빠르게 고품질의 독창적인 콘텐츠를 만들 수 있도록 돕습니다. 이제 더 이상 복잡한 보정 프로그램이나 전문적인 촬영 기술이 필요 없어진 셈입니다.

갤럭시 S26이 제시하는 AI 기반 모바일 촬영의 미래는 우리의 일상과 소셜 미디어 활동에 어떤 변화를 가져올지 주목됩니다. 편리함과 창의성을 동시에 잡은 기술 혁신이 새로운 인증샷 트렌드를 주도할 것으로 전망됩니다.
#갤럭시S26 #AI사진 #봄꽃인증샷",20,0,0,57,2,0,0,,
18025805579637173,2026-04-16T03:08:10+0000,FEED,CAROUSEL_ALBUM,https://www.instagram.com/p/DXLUi9Kk5AJ/,1,0,"고지대 적응 훈련은 스포츠 경기에서 매우 중요한 요소입니다. 특히 산소 농도가 낮은 지역에서 경기를 치러야 할 경우, 선수들의 체력과 경기력에 직접적인 영향을 미치기 때문입니다.

이번 손흥민 선수의 멕시코 고지대 훈련은 다가올 월드컵과 같은 중요한 국제 대회에서 발생할 수 있는 변수에 미리 대비하는 전략적인 움직임으로 분석됩니다. 단순한 평가전을 넘어, 선수 개개인의 컨디션 관리와 팀 전체의 경기 운영 능력을 향상시키는 데 큰 의미가 있습니다.

이러한 사전 대비는 예상치 못한 환경 변화에도 흔들림 없는 경기력을 유지하는 데 필수적입니다. 팬들은 이번 훈련이 대한민국 축구 대표팀의 장기적인 성공에 긍정적인 영향을 미치기를 기대하고 있습니다.

#손흥민 #월드컵준비 #고지대훈련",14,0,0,45,1,1,0,,
18097663025101996,2026-04-15T09:05:25+0000,FEED,CAROUSEL_ALBUM,https://www.instagram.com/p/DXJYou1kf2C/,1,0,"“바이오=코인=도박?”이라는 오명 속에 바이오 산업의 건전한 성장을 저해하던 불확실성이 해소될 조짐입니다. 금융감독원이 바이오 기업의 공시 구조를 전면 개편하며 투자자 보호와 시장 투명성 강화를 선언했습니다.

그동안 일부 바이오 기업들은 과장된 기술 이전 계약 공시나 불투명한 임상 진행 상황 공개를 통해 투자자들의 쏠림 현상을 유도, 주가 변동성을 키우는 요인이 되어왔습니다. 이는 결국 선량한 투자자들의 피해로 이어지는 악순환을 반복시켰습니다.

이번 개편의 핵심은 정보의 비대칭성을 해소하고 실질적인 정보를 제공하는 데 있습니다. 임상 진척도에 대한 구체적인 데이터 제공, 기술 수출 계약의 단순 규모뿐만 아니라 실제 수익 실현 가능성과 같은 세부 내용을 의무화함으로써 투자자들이 보다 합리적인 판단을 내릴 수 있도록 돕겠다는 취지입니다.

이는 단기적으로 일부 기업에게는 부담이 될 수 있으나, 장기적으로는 바이오 산업 전체의 신뢰도를 높이고 건전한 생태계를 조성하는 데 기여할 것으로 기대됩니다. 투기적 요소가 줄어들고 내실 있는 기술력과 사업성이 평가받는 시장으로의 전환점이 될지 주목됩니다.

#바이오산업 #금감원공시 #투자자보호",13,0,0,46,1,1,0,,
18574987930030824,2026-04-15T03:08:08+0000,FEED,CAROUSEL_ALBUM,https://www.instagram.com/p/DXIvv5tFhUR/,2,0,"삼성생명의 모션인식 카메라 설치 논란이 뜨겁습니다. 정보 유출 방지라는 명목으로 도입된 이 시스템은 사실상 직원들의 근태를 감시하고 사생활을 침해한다는 비판에 직면했습니다.

기업은 정보 보안 강화를 위해 다양한 기술적 조치를 모색할 수 있습니다. 그러나 그 과정에서 직원의 기본권, 특히 사생활과 인권을 침해해서는 안 됩니다. 직원의 동의 없이 이루어지는 이러한 감시 행위는 근로기준법상 문제를 야기할 수 있으며, 기업문화에도 부정적인 영향을 미칠 수 있습니다.

이번 사태는 첨단 기술이 가져올 수 있는 편리함과 효율성 이면에 숨겨진 윤리적 딜레마를 명확히 보여줍니다. 기업은 기술 도입 전 반드시 법적, 윤리적 검토를 철저히 하고, 직원과의 충분한 소통과 동의 과정을 거쳐야 할 것입니다. 사회적 합의 없는 일방적인 기술 도입은 결국 더 큰 갈등과 불신을 초래할 뿐입니다.

#삼성생명 #근태감시 #직원감시",16,0,0,53,2,0,0,,
18066377729444265,2026-04-14T09:06:46+0000,FEED,CAROUSEL_ALBUM,https://www.instagram.com/p/DXGz_2Tkwue/,3,0,"대한민국이 인구 대비 인공지능(AI) 특허 출원 건수에서 세계 1위를 달성하며 글로벌 AI 강국으로서의 면모를 과시했습니다. 국내 기업들의 AI 이용률 증가폭 또한 최고 수준으로 나타나, 기술 혁신을 향한 뜨거운 열기를 증명하고 있습니다.

이는 단순히 수치적인 성과를 넘어, 미래 산업의 핵심 동력인 AI 분야에서 한국이 주도권을 확보하고 있음을 의미합니다. AI 기술 개발과 상용화에 대한 적극적인 투자가 결실을 맺고 있으며, 이는 국가 경쟁력 강화와 경제 성장에 긍정적인 영향을 미칠 것으로 기대됩니다.

앞으로도 정부와 민간의 긴밀한 협력을 통해 AI 인재 양성 및 연구개발 지원을 확대하여, 글로벌 AI 시장에서 한국의 입지를 더욱 공고히 해야 할 것입니다. AI 강국으로의 도약을 향한 한국의 행보에 귀추가 주목됩니다.

#AI강국 #대한민국AI #미래기술",16,0,0,31,3,0,0,,
18099290204047499,2026-04-14T03:12:40+0000,FEED,CAROUSEL_ALBUM,https://www.instagram.com/p/DXGLeJmFpR6/,2,0,"대한민국 과학기술이 또 한 번 의료 혁신을 이끌어냈습니다. KAIST 연구진이 개발한 '빛 자동 조절 OLED 패치'는 기존 치료 방식의 한계를 뛰어넘는 놀라운 성과를 보여주고 있습니다.

이 패치의 핵심은 빛의 강도를 이용해 약물 방출량을 정밀하게 제어한다는 점입니다. 이는 환자 개개인의 상태에 맞춰 약물 투여를 최적화할 수 있게 하여, 치료 효과는 높이고 부작용은 최소화할 수 있는 길을 열었습니다. 특히, 기존 방식 대비 치료 속도를 무려 2배나 향상시켰다는 점은 만성 질환 환자들에게 희망을 줄 수 있는 중요한 발전입니다.

피부에 부착하는 간편함과 함께, 특정 부위에 정확히 약물을 전달하는 능력은 피부 질환뿐만 아니라 다양한 질병 치료에 적용될 잠재력을 가지고 있습니다. 웨어러블 의료 기기의 발전과 함께, 이 기술은 미래형 맞춤 의료의 핵심이 될 것으로 전망됩니다.

#KAIST #OLED패치 #의료혁신",12,0,0,43,2,0,0,,
18071893859265101,2026-04-13T09:14:18+0000,FEED,CAROUSEL_ALBUM,https://www.instagram.com/p/DXEQFOFjw8_/,2,0,"청주 봉명동에서 발생한 폭발 사고는 새벽의 평온을 깨는 충격적인 소식이었습니다. 가스 누출로 추정되는 이번 사고는 족발집 건물을 포함해 주변 상가와 주택에까지 큰 피해를 입혔으며, 15명의 부상자가 발생하며 시민들에게 큰 우려를 안겼습니다. 소방당국은 사고 발생 직후 신속하게 출동하여 인명 구조와 화재 진압에 나섰습니다. 

 다행히 부상자들은 대부분 경상으로 알려졌지만, 한순간의 사고가 불러온 인적, 물적 피해는 상당합니다. 이번 사고는 우리 일상 속에서 간과하기 쉬운 안전 문제에 대한 경각심을 다시 한번 일깨우고 있습니다. 가스 시설 점검의 중요성, 비상 상황 대비책 마련 등 예방 조치의 필요성이 절실히 요구됩니다. 

 글렌드는 피해를 입은 모든 분들의 빠른 회복을 기원하며, 사고의 정확한 원인 규명과 재발 방지 대책 마련 과정을 지속적으로 주시하겠습니다. 안전한 대한민국을 위한 끊임없는 노력이 필요한 시점입니다. 

 #청주폭발사고 #가스안전 #안전사고주의",28,0,0,73,2,5,0,,
18109678834867484,2026-04-12T09:05:06+0000,FEED,CAROUSEL_ALBUM,https://www.instagram.com/p/DXBqNwtlQeX/,2,0,"최근 미생물을 활용한 새로운 당뇨 치료제 개발 소식이 의료계에 큰 기대를 모으고 있습니다. 혈당을 최대 30%까지 낮추는 효과를 보이며, 기존 치료제의 한계를 넘어설 잠재력을 보여주었습니다.

이 치료제는 장내 미생물 균형을 조절하여 인슐린 저항성을 개선하고, 당뇨의 근본적인 원인에 접근하는 방식으로 작동합니다. 경구 투여가 가능하도록 개발 중이어서 환자들의 편의성 또한 크게 향상될 것으로 기대됩니다.

현재 임상 시험 단계에 있는 이 혁신적인 치료제가 성공적으로 상용화된다면, 당뇨 관리의 패러다임을 근본적으로 변화시킬 수 있을 것입니다. 이는 수많은 당뇨 환자들에게 삶의 질을 향상시키는 새로운 희망을 선사할 것입니다. 글렌드는 이 기술의 발전과 상용화 과정을 계속해서 주목할 것입니다.

#당뇨치료제 #미생물신약 #혈당관리",15,0,0,38,2,0,0,,
18096721636843014,2026-04-12T03:08:07+0000,FEED,CAROUSEL_ALBUM,https://www.instagram.com/p/DXBBXEpFrw8/,1,0,"고유가 피해지원금, 27일부터 최대 60만원 지급 소식이 전해졌습니다.

이는 유가 급등으로 어려움을 겪는 소상공인, 농어업인, 저소득층 등 취약 계층의 부담을 덜기 위한 정부의 적극적인 대응책입니다.

이번 지원금은 일시적인 현금 지원을 넘어, 에너지 가격 변동성 속에서 서민 경제의 안정성을 확보하려는 노력으로 해석됩니다.

신청은 온/오프라인에서 가능하며, 해당 부처 홈페이지를 통해 자세한 자격 요건과 절차를 확인하는 것이 중요합니다.

고유가 시대, 국민들의 삶에 실질적인 도움이 되기를 기대합니다.
#고유가지원금 #피해지원금 #생활경제",16,0,0,55,1,0,0,,
18072090791250415,2026-04-11T09:05:00+0000,FEED,CAROUSEL_ALBUM,https://www.instagram.com/p/DW_FbWNDvRp/,1,0,"오늘 낮부터 황사가 국내로 유입되며 수도권과 충청 등 많은 지역의 대기질이 '나쁨' 수준을 기록할 것으로 예보되어 비상이 걸렸습니다. 특히 내일까지 이어질 것으로 보이는 이번 황사는 우리 국민의 건강과 일상생활에 직접적인 영향을 미칠 전망입니다.

미세먼지와 황사는 단순한 불편함을 넘어 호흡기 질환, 심혈관계 질환 등을 악화시킬 수 있는 심각한 건강 문제입니다. 특히 노약자와 어린이, 호흡기 질환자는 외출을 최대한 자제하고, 부득이하게 외출할 경우 KF94 이상의 보건용 마스크를 착용하는 것이 필수적입니다.

개인 위생 관리도 철저히 해야 합니다. 외출 후에는 반드시 손과 발을 깨끗이 씻고, 가급적 이른 저녁 시간이나 황사 농도가 옅어지는 시점을 활용해 짧게 환기를 시키는 지혜가 필요합니다. 글렌드는 국민 여러분의 건강과 안전을 위해 지속적으로 관련 정보를 전달하겠습니다.

#황사 #미세먼지 #건강주의",12,0,0,36,1,0,0,,
18110017211495219,2026-04-11T03:08:27+0000,FEED,CAROUSEL_ALBUM,https://www.instagram.com/p/DW-cmuLkvO2/,1,0,"대한민국 경제에 중대한 경고음이 울렸습니다. 이창용 한국은행 총재가 최악의 시나리오로 '스태그플레이션 가능성'을 언급하며 국민적 우려가 커지고 있습니다.

스태그플레이션은 물가 상승과 경기 침체가 동시에 발생하는 고통스러운 현상입니다. 경제 활동 둔화로 실업률이 높아지는 반면, 상품과 서비스 가격은 지속적으로 올라 가계와 기업 모두에게 이중고를 안겨줍니다.

이러한 경고가 나온 배경에는 고금리 기조 장기화, 국제 유가 불안정, 공급망 문제, 그리고 글로벌 경기 둔화 우려 등 복합적인 요인들이 자리 잡고 있습니다. 특히 한국 경제는 대외 의존도가 높아 글로벌 환경 변화에 취약하다는 점이 지적됩니다.

글렌드 분석팀은 스태그플레이션 가능성이 단순한 경고를 넘어 실제 경제 지표에 미칠 영향을 주시하고 있습니다. 앞으로 정부와 한국은행의 통화 및 재정 정책 방향이 경제 연착륙의 핵심 변수가 될 것으로 보입니다.

국민 여러분은 이러한 경제 상황을 이해하고 현명한 소비와 투자 결정을 내리는 것이 중요합니다. 글렌드는 심층 분석을 통해 유용한 경제 정보를 지속적으로 제공할 것입니다.

#한국경제 #스태그플레이션 #경제전망",12,0,0,41,1,0,0,,
17920881402299364,2026-04-10T09:14:33+0000,FEED,CAROUSEL_ALBUM,https://www.instagram.com/p/DW8htSMFccR/,1,0,"참혹한 아동학대 사건이 또 다시 발생했습니다.

3살배기 아이가 온몸에 만신창이가 된 채 병원에 실려왔고, 경찰은 즉시 아이의 20대 부모를 긴급체포했습니다. 의료진은 아이의 몸에서 셀 수 없이 많은 학대 흔적을 발견했으며, 이는 단순한 사고가 아닌 고의적인 학대로 판단했습니다.

이 사건은 우리 사회의 아동 보호 시스템에 또 한 번 경종을 울립니다. 부모라는 이름으로 저질러지는 잔혹한 행위는 결코 용납될 수 없습니다. 피해 아동의 안전과 회복을 최우선으로, 가해자에 대한 엄벌과 함께 재발 방지 대책 마련이 절실합니다.

경찰은 현재 부모를 상대로 정확한 사건 경위와 학대 여부를 강도 높게 조사하고 있습니다. 우리는 이 사건이 단순한 해프닝으로 끝나지 않고, 철저한 진상 규명과 합당한 처벌로 이어지기를 강력히 촉구합니다. 무고한 아이들이 고통받는 일이 더 이상 없어야 합니다.

#아동학대 #사회이슈 #아동보호",15,0,0,39,1,0,0,,
18110578627696648,2026-04-10T03:09:41+0000,FEED,CAROUSEL_ALBUM,https://www.instagram.com/p/DW7384vEXcC/,2,0,"쇼트트랙 '빙상 여제' 최민정 선수가 차기 시즌을 마지막으로 국가대표 은퇴를 선언하며 팬들에게 충격을 안겼습니다. 이는 한국 동계 스포츠 역사에 한 획을 그었던 선수인 만큼, 그 파장이 클 것으로 예상됩니다.

최민정 선수는 2018년 평창 동계올림픽 1500m 금메달, 3000m 계주 은메달, 2022년 베이징 동계올림픽 1500m 금메달을 비롯해 세계선수권대회에서만 무려 14개의 금메달을 목에 건 전설적인 선수입니다. 그녀의 압도적인 스피드와 영리한 경기 운영은 한국 쇼트트랙의 전성기를 이끌었죠.

이번 은퇴 결정의 구체적인 배경은 아직 밝혀지지 않았습니다. 하지만 많은 스포츠 관계자들은 선수로서의 정점에 도달한 뒤 새로운 도전을 모색하는 것 아니냐는 추측을 내놓고 있습니다. 은퇴 후 진로에 대한 관심도 뜨겁습니다. 지도자의 길을 걷거나, 방송 활동 등 다양한 가능성이 거론되고 있습니다.

비록 빙판 위에서 그녀의 질주를 더 이상 국가대표로서 볼 수 없겠지만, 최민정 선수가 한국 스포츠계에 남긴 발자취는 영원히 기억될 것입니다. 그녀의 새로운 인생 챕터를 글렌드가 응원합니다. 부디 건강하고 행복한 앞날이 펼쳐지기를 바랍니다.

#최민정 #쇼트트랙 #국가대표은퇴",18,0,0,52,2,0,0,,
18454939006111331,2026-04-09T10:26:07+0000,FEED,CAROUSEL_ALBUM,https://www.instagram.com/p/DW6FGbWEvJC/,1,0,"“기적의 다이어트 약물”로 불리며 전 세계를 강타한 GLP-1 유사체 약물이 다양한 부작용으로 논란의 중심에 섰습니다.

초기에는 제2형 당뇨병 치료 목적으로 개발되었으나, 강력한 체중 감량 효과가 부각되면서 비만 치료제로 급부상했습니다. 많은 이들이 쉽고 빠르게 체중을 감량할 수 있다는 기대감에 약물을 선택하고 있습니다.

하지만 의학계에서는 GLP-1 유사체의 부작용에 대한 경고의 목소리가 커지고 있습니다. 가장 흔한 부작용은 메스꺼움, 구토, 설사, 변비 등 위장관 관련 증상입니다. 문제는 이러한 증상들이 일상생활에 큰 불편함을 초래할 수 있다는 점입니다.

더욱 심각한 것은 췌장염, 담낭염, 심각한 저혈당, 심지어 갑상선암 위험 증가 가능성까지 제기되고 있다는 것입니다. 이러한 부작용은 약물을 오남용하거나 개인의 건강 상태를 고려하지 않고 복용했을 때 더 큰 위험으로 이어질 수 있습니다.

따라서 GLP-1 유사체 복용을 고려하고 있다면 반드시 전문 의료진과의 충분한 상담을 통해 본인의 건강 상태와 약물의 잠재적 위험을 정확히 이해해야 합니다. 경미한 증상이라도 발생하면 즉시 복용을 중단하고 의학적 조언을 구하는 것이 중요합니다. 무분별한 약물 사용은 건강에 돌이킬 수 없는 결과를 초래할 수 있음을 명심해야 합니다.

#GLP1 #다이어트약 #건강주의",16,0,0,59,1,0,0,,
18081595742378969,2026-04-09T03:08:20+0000,FEED,CAROUSEL_ALBUM,https://www.instagram.com/p/DW5TAB3lt1i/,1,0,"국내 경유 가격이 국제 가격보다 1000원이나 저렴한 기묘한 현상이 지속되며 정부의 고민이 깊어지고 있습니다. 이는 물가 안정을 위한 정부의 유류세 인하 조치 때문입니다.

국제 경유 가격이 폭등하는 가운데, 국내 유류세 인하 효과가 더해져 국제 가격보다 현저히 낮아진 것입니다. 당초 국민 부담 완화를 위한 조치였으나, 이제는 역설적으로 정부의 재정 부담을 가중시키고 유류 시장의 왜곡을 초래할 수 있다는 우려가 나옵니다.

이 같은 가격 역전 현상은 국내 유가 안정에는 기여했지만, 세수 감소로 이어져 정부 재정에 상당한 압박을 주고 있습니다. 또한, 이로 인해 유류 수급 불균형이 발생하거나 경유 소비량이 과도하게 늘어나는 부작용도 배제할 수 없습니다. 특히 물류 및 운송 업계는 당장은 이득을 보는 듯하지만, 장기적인 시장 불안정은 오히려 독이 될 수 있습니다.

정부는 고물가 상황에서 서민 경제의 부담을 덜어주는 것과 재정 건전성 확보라는 두 가지 목표 사이에서 심각한 딜레마에 놓였습니다. 유류세 인하 정책을 언제까지 유지할지, 혹은 어떤 방식으로 조정할지에 대한 신중한 결정이 필요한 시점입니다. 이 결정은 향후 국민들의 생활 경제에 지대한 영향을 미칠 것입니다.

#경유가격 #유류세인하 #정부정책",20,0,0,75,1,0,0,,
18074951963552819,2026-04-08T09:14:32+0000,FEED,CAROUSEL_ALBUM,https://www.instagram.com/p/DW3YHcUDUjU/,1,0,"오늘 코스피가 무려 6% 넘게 폭등하며 매수 사이드카가 발동되는 초유의 사태가 발생했습니다. 이는 프로그램 매수 효력을 일시 정지시켜 시장 과열을 진정시키려는 안전장치로, 국내 증시 역사상 매우 이례적인 일입니다. 갑작스러운 지수 급등에 많은 투자자가 촉각을 곤두세우고 있습니다.

이번 급등의 주요 원인은 외국인과 기관 투자자들의 공격적인 순매수세였습니다. 특히 반도체 등 핵심 산업군에 자금이 집중되면서 지수 상승을 견인했습니다. 이는 글로벌 경기 회복 기대감과 더불어 국내 기업들의 실적 개선에 대한 긍정적인 전망이 반영된 결과로 풀이됩니다.

시장 전문가들은 단기적인 급등세 이후 조정 가능성도 배제할 수 없다며, 투자자들에게 신중한 접근을 권고하고 있습니다. 급변하는 시장 상황 속에서 향후 코스피의 흐름이 어떻게 이어질지 면밀한 관찰이 필요한 시점입니다.

#코스피 #주식시장 #사이드카",13,0,0,36,1,0,0,,
17961918849066182,2026-04-08T03:08:13+0000,FEED,CAROUSEL_ALBUM,https://www.instagram.com/p/DW2uMThkp06/,2,0,"'건강 간식'이라 불리는 편의점 제품 중 상당수가 실제론 건강에 해로울 수 있습니다. 특히 '액상과당'이 다량 함유된 제품들이 문제로 지목됩니다.

액상과당은 저렴하고 단맛이 강해 음료, 과자 등에 널리 쓰이지만, 체내 흡수가 빨라 혈당을 급격히 높여 비만, 당뇨, 심혈관 질환의 주범으로 꼽힙니다. 건강을 위한다면 이 성분을 경계해야 합니다.

간식을 고를 땐 영양 성분표에서 당류 함량을 반드시 확인하세요. '무설탕' 문구보다는 실제 당 수치를 보는 것이 중요합니다. 가공식품 대신 과일, 견과류 등 자연식품을 선택하는 현명한 소비 습관이 당신의 건강을 지킵니다.

#건강간식 #액상과당 #편의점간식",15,0,0,42,2,3,0,,
18073101422236964,2026-04-07T09:05:07+0000,FEED,CAROUSEL_ALBUM,https://www.instagram.com/p/DW0yQ2jFgF-/,1,0,"대구 조산 임신부가 지역 병원 이송 거부로 성남까지 이동, 쌍둥이 중 한 명 사망, 다른 한 명 뇌손상을 입는 비극이 발생했습니다. 우리 응급 의료 시스템의 민낯이 여실히 드러난 충격적인 사건입니다.

의료진 부족, 병상 확보 어려움, 고위험 환자 수용 기피 등 복합적 요인이 얽혀 발생한 구조적 문제입니다. 신속한 이송 시스템 부재가 산모와 신생아 생명을 위협하고 있습니다.

이번 비극은 무너진 지역 의료 시스템과 응급 대응 능력의 총체적 부실을 보여주는 경고음입니다. ▲지역 공공의료 강화 ▲필수 의료 인력 확충 ▲고위험 환자 이송 시스템 개선 등 근본 대책 마련이 시급합니다. 소중한 생명이 의료 시스템 틈새에서 희생되지 않도록 모두의 관심과 노력이 필요합니다.

#응급의료 #의료시스템 #산모사망",17,0,0,44,1,1,0,,
18590170408017262,2026-04-07T04:18:56+0000,FEED,CAROUSEL_ALBUM,https://www.instagram.com/p/DW0RfObDZBq/,2,0,"정부가 다주택자 양도소득세 중과 유예를 적극 검토 중이라는 소식이 전해지면서 부동산 시장에 다시금 긴장감이 돌고 있습니다.

정부는 부동산 시장의 경착륙을 막고, 침체된 거래를 활성화하기 위해 이 같은 정책을 추진하고 있습니다. 특히 다주택자들이 매물을 내놓을 수 있는 환경을 조성하여 주택 공급을 늘리려는 의도가 큽니다.

이번 유예 조치가 확정될 경우, 일정 기간 동안 양도세 중과 부담이 줄어들어 다주택자들의 매도 심리가 자극될 것으로 예상됩니다. 이는 전반적인 부동산 시장의 유동성 증가와 함께 주택 가격 안정화에도 기여할 수 있습니다.

하지만 토지거래허가구역 내 매물에 대한 '5월 9일'이라는 촉박한 신청 기한은 현실적인 거래 어려움을 야기할 수 있다는 우려도 제기됩니다. 시장에서는 정부의 최종 결정과 함께 구체적인 유예 범위, 그리고 시한이 어떻게 조정될지에 촉각을 곤두세우고 있습니다.

#양도세 #부동산정책 #다주택자",17,0,0,50,2,0,0,,
17883379728480643,2026-04-06T03:44:25+0000,FEED,CAROUSEL_ALBUM,https://www.instagram.com/p/DWxow6PkRGI/,1,0,"포도당, 대장암 성장을 촉진한다는 충격적인 연구 결과가 발표되었습니다.

이는 단순히 설탕 섭취를 줄이는 것을 넘어, 우리 식단의 근본적인 변화가 필요하다는 강력한 신호입니다. 연구에 따르면 포도당은 STAT3라는 단백질을 활성화시켜 대장암 세포의 증식과 성장을 가속화하는 것으로 나타났습니다. 특히 암세포는 포도당을 주요 에너지원으로 삼아 빠르게 성장하는 특성을 가지고 있어, 이번 연구는 대장암 예방 및 치료 전략에 중요한 시사점을 던지고 있습니다.

우리가 일상에서 무심코 섭취하는 설탕과 정제된 탄수화물은 혈당을 급격히 올려 포도당 수치를 높일 수 있습니다. 이는 대장암뿐만 아니라 다양한 만성 질환의 위험을 증가시키는 요인이 됩니다. 이번 연구는 건강한 식습관, 특히 저당 식단의 중요성을 다시 한번 강조하며, 국민 건강 증진을 위한 사회적 경각심을 일깨우고 있습니다.

단순히 맛있는 음식을 넘어, 우리의 건강을 지키기 위한 현명한 식단 선택이 그 어느 때보다 중요해졌습니다.

#대장암 #포도당 #건강뉴스",16,0,0,41,1,0,0,,
18401307982194702,2026-04-04T11:01:09+0000,FEED,CAROUSEL_ALBUM,https://www.instagram.com/p/DWtRI1KFDK1/,3,0,"대한민국 지하철 운영 기관들의 적자 폭이 심상치 않습니다. 특히 65세 이상 노인 무임승차가 연간 1조원에 달하는 손실의 주범으로 지목되며 사회적 논쟁이 뜨겁습니다.

이 논쟁은 단순히 무임승차 혜택 유지 여부를 넘어, 고령화 시대의 대중교통 복지 비용을 누가 어떻게 부담할 것인가에 대한 근본적인 질문을 던집니다. 정부의 미온적인 재정 지원과 지방 공기업의 고통을 외면할 수 없는 상황입니다.

일부에서는 무임승차 연령 상향, 할인율 조정, 특정 시간대 제한 등 다양한 해결책이 제시되고 있습니다. 그러나 중요한 것은 사회적 합의를 통해 지속 가능한 대중교통 복지 시스템을 구축하는 것입니다. 시민들의 부담과 노인 복지 사이의 균형점을 찾는 지혜가 필요한 시점입니다.

#지하철무임승차 #고령화사회 #대중교통복지",20,0,0,62,3,1,0,,
18177415441349682,2026-04-04T07:59:03+0000,FEED,CAROUSEL_ALBUM,https://www.instagram.com/p/DWs8TCDjRdQ/,2,0,"새벽부터 백화점 문 앞에서 기다려도 샤넬 매장 입장 대기 순서가 터무니없이 뒤로 밀리는 사태가 반복되며 소비자들의 불만이 폭주하고 있습니다. 명품 구매를 위한 '오픈런' 문화는 이제 하나의 고유한 현상이 되었지만, 그 과정에서 겪는 고객 불편은 도를 넘어서고 있다는 지적입니다.

특히 최근 앱 기반의 대기 시스템으로 전환된 이후에도 잦은 시스템 오류와 이해할 수 없는 대기 순번 밀림 현상이 발생하며 소비자들은 혼란과 함께 깊은 피로감을 호소합니다. 일부는 ""도대체 몇 번째냐""며 분노를 표출하기도 했습니다.

이는 단순히 명품 구매의 어려움을 넘어, 브랜드의 고객 관리와 서비스 품질에 대한 근본적인 질문을 던집니다. 희소성과 높은 가치로 유지되는 명품 브랜드의 전략이 과도한 대기 문제와 결합될 때, 오히려 브랜드 이미지를 훼손할 수 있음을 인지해야 합니다.

소비자 경험을 최우선으로 고려하는 명품 브랜드의 적극적인 해결 방안 마련이 시급해 보입니다.

#샤넬 #오픈런 #명품대란",24,0,0,60,2,2,0,,
18112366729792052,2026-04-04T03:01:00+0000,FEED,CAROUSEL_ALBUM,https://www.instagram.com/p/DWsaNIsDQbN/,1,0,"정부가 혼잡 시간대 대중교통 이용을 분산시키기 위한 인센티브 제공 방안을 논의 중입니다. 이는 고질적인 출퇴근길 교통 체증을 완화하고, 에너지 절약 및 환경 개선에 기여할 것으로 기대됩니다.

청와대는 시차 출퇴근제 활성화와 연계하여 대중교통 이용자에게 실질적인 혜택을 제공할 방침입니다. 아직 구체적인 내용은 확정되지 않았으나, 교통카드 사용 내역 기반의 포인트 적립이나 요금 할인 등이 검토될 것으로 보입니다.

이 정책이 성공적으로 시행되면 시민들은 출퇴근 스트레스를 줄이고, 경제적 혜택까지 누릴 수 있게 됩니다. 스마트한 출퇴근 문화가 정착되어 더 효율적이고 쾌적한 도시 생활이 가능해질지 주목됩니다.

#대중교통 #인센티브 #시차출퇴근제",16,0,0,39,1,0,0,,
18108449743841571,2026-04-03T11:01:34+0000,FEED,CAROUSEL_ALBUM,https://www.instagram.com/p/DWqsY6mFGaJ/,1,0,"오늘의 글렌드 건강 리포트: 하루 한 개만 먹어도 콜레스테롤 개선에 도움을 준다는 의외의 음식, 바로 '달걀'입니다.

오랜 시간 동안 달걀은 콜레스테롤 수치를 높이는 주범으로 오해받아 왔습니다. 하지만 최근의 다양한 연구 결과들은 이 통념을 뒤집고 있습니다. 달걀 속 콜레스테롤은 대부분 체내 흡수율이 낮아, 혈중 콜레스테롤 수치에 미치는 영향이 미미하다는 것이 밝혀졌습니다.

오히려 달걀은 우리 몸에 이로운 고밀도(HDL) 콜레스테롤 수치를 높이는 데 기여할 수 있으며, 양질의 단백질과 비타민, 미네랄 등 풍부한 필수 영양소를 제공하는 완전식품입니다. 루테인과 제아잔틴은 눈 건강을, 콜린은 뇌 기능을 활성화하는 데 도움을 줍니다.

물론 모든 음식이 그렇듯, 과도한 섭취보다는 균형 잡힌 식단 내에서 적절한 양을 즐기는 것이 중요합니다. 특히 심혈관 질환이나 특정 지병이 있는 분들은 전문가와 상담 후 섭취량을 조절하는 것이 현명합니다. 달걀에 대한 오해를 풀고, 건강한 식생활에 적극 활용해보세요!
#건강정보 #달걀효능 #콜레스테롤개선",17,0,0,52,1,0,0,,
18126523486505374,2026-04-03T07:01:18+0000,FEED,CAROUSEL_ALBUM,https://www.instagram.com/p/DWqQ5PXlJm8/,1,0,"수도권의 주택담보대출(주담대) 규제 강화가 지방 부동산 시장에 예상치 못한 그림자를 드리우고 있습니다. 정부의 가계부채 관리 노력은 긍정적이나, 비규제 지역인 지방의 대출 증가는 미묘한 역설을 보여줍니다.

지방은 수도권에 비해 소득 대비 주택 가격이 낮아 구매력이 상대적으로 취약하며, 고금리 기조가 이어질 경우 상환 부담에 더 민감하게 반응할 수 있습니다. 이는 지역 경제 활성화라는 본래의 정책 목표와 상충될 가능성도 배제할 수 없습니다.

수도권과 지방의 상이한 시장 특성을 고려한 섬세한 정책 설계가 요구됩니다. 획일적인 규제보다는 지역별 맞춤형 접근을 통해 정책의 사각지대를 해소하고, 균형 잡힌 부동산 시장 안정을 도모해야 할 시점입니다.

#부동산규제 #지방부동산 #주택담보대출",12,0,0,27,1,0,0,,
18000561734873161,2026-04-03T03:01:26+0000,FEED,CAROUSEL_ALBUM,https://www.instagram.com/p/DWp1cYHDVLX/,1,0,"스팀(Steam)의 새로운 지역 가격 정책 발표로 게이머들의 이목이 집중되고 있습니다. 밸브(Valve)가 개발사들에게 지역별 권장 가격 가이드라인을 제시하면서, 특히 AAA급 게임들의 가격 상승이 불가피하다는 전망이 나옵니다.

이 정책은 각 국가의 경제 상황과 환율 변동을 보다 적극적으로 반영하도록 권장하며, 과거 비교적 저렴했던 국내 게임 가격이 크게 오를 수 있다는 우려를 낳고 있습니다. 이미 일부 게임은 가격 조정이 시작되었으며, 10만 원 이상의 AAA급 게임이 흔해질 수 있다는 분석도 제기됩니다.

이는 단순한 가격 변동을 넘어 국내 게이머들의 게임 소비 패턴과 문화 전반에 큰 영향을 미칠 것으로 예상됩니다. 구매 전 신중한 검토와 함께, 번들 할인 등 다양한 구매 전략을 고려해야 할 시점입니다. 글렌드는 관련 시장 변화를 면밀히 추적하고 소비자들에게 유용한 정보를 지속적으로 제공할 것입니다.
#스팀가격 #게임물가 #게이머필독",16,0,0,51,1,0,0,,
18106680718864436,2026-04-02T22:01:10+0000,FEED,CAROUSEL_ALBUM,https://www.instagram.com/p/DWpTGZgDLOX/,1,0,"근육 만들기에 열심인 분들이라면 이 소식에 주목해 주세요. 그동안 저녁 식사에 단백질을 몰아 드셨다면, 이제 습관을 바꿀 때입니다.

최근 연구 결과에 따르면, 하루 단백질 섭취량을 한 번에 몰아 먹는 '몰빵' 식습관은 근육 생성에 비효율적일 뿐만 아니라 오히려 방해가 될 수 있다고 합니다. 우리 몸의 근육은 한 번에 흡수할 수 있는 단백질 양에 한계가 있어, 과도한 양을 한 번에 섭취해도 모두 활용되지 못하고 배출되거나 다른 에너지원으로 사용될 가능성이 높습니다.

전문가들은 근육 합성을 최적화하기 위해 아침, 점심, 저녁 식사에 걸쳐 단백질을 20~40g씩 고르게 나눠 섭취하는 것을 권장합니다. 이러한 분산 섭취는 체내 단백질 합성률을 높여 근육량을 효과적으로 늘리고, 불필요한 단백질 손실을 줄이는 데 기여합니다.

단백질 섭취는 단순히 양을 채우는 것을 넘어, '언제', '어떻게' 먹느냐가 중요합니다. 균형 잡힌 식단과 꾸준한 운동을 병행하여 건강한 근육을 키워나가세요.

#단백질섭취 #근육만들기 #건강정보",15,0,0,37,1,1,0,,
18287344348304536,2026-04-02T11:01:22+0000,FEED,CAROUSEL_ALBUM,https://www.instagram.com/p/DWoHksXFGoZ/,1,0,"경희대병원이 삼차신경통 치료를 위한 '미세혈관감압술' 1,000례를 국내 최초로 달성했습니다. 이는 얼굴에 극심한 통증을 유발하는 삼차신경통 환자들에게 희망적인 소식입니다.

삼차신경통은 작은 접촉에도 칼날로 찌르는 듯한 고통을 유발하여 환자들의 삶의 질을 크게 저하시키는 질환입니다. 뇌 신경과 혈관이 압박을 받아 발생하는 경우가 많습니다.

이번 1,000례 달성은 단순한 수술 건수를 넘어, 오랜 기간 고통받아온 환자들에게 안전하고 효과적인 치료를 제공해왔다는 의미를 가집니다. 미세혈관감압술은 높은 성공률과 낮은 재발률로 완치를 기대할 수 있는 치료법입니다. 글렌드는 앞으로도 국민 건강 증진에 기여하는 의료 기술 발전에 주목할 것입니다.

#삼차신경통 #미세혈관감압술 #경희대병원",13,0,0,33,1,1,0,,
18115958692595689,2026-04-02T07:42:39+0000,FEED,CAROUSEL_ALBUM,https://www.instagram.com/p/DWnw2fPlBVB/,2,0,"대한민국 30대의 1인당 은행 대출액이 평균 1억원을 넘어섰다는 소식은 우리 사회의 심각한 가계부채 문제를 다시 한번 수면 위로 끌어올렸습니다. 특히 주목할 점은 1년 새 약 600만원 가량 급증했다는 사실입니다.

이는 치솟는 물가와 고금리 기조 속에서 생활비 및 주택 마련을 위한 대출 의존도가 높아졌음을 시사합니다. 이러한 현상은 단순히 30대만의 문제가 아닙니다. 20대의 1인당 대출액이 4년 연속 감소세를 보이며 세대 간 경제적 불균형이 심화되고 있다는 점은 더욱 우려스럽습니다.

소득 기반이 약한 20대가 대출마저 받기 어려운 현실은 미래 세대의 경제 활동 위축과 함께 사회 전반의 활력 저하로 이어질 수 있습니다. 정부와 금융당국은 가계부채 관리에 집중하면서도, 청년층의 자산 형성 지원 및 서민 경제 안정화를 위한 실질적인 정책 마련에 힘써야 합니다. 단순히 대출을 억제하는 것을 넘어, 소득 증대 및 일자리 창출을 통해 젊은 세대가 희망을 가질 수 있는 지속 가능한 경제 환경 조성이 절실합니다.

#생활경제 #가계부채 #청년부채",15,0,0,48,2,0,0,,
18366253876207497,2026-04-02T03:46:13+0000,FEED,CAROUSEL_ALBUM,https://www.instagram.com/p/DWnVxaEkiLM/,1,0,"최근 감기약 복용 후 운전 중 비틀거려 경찰의 현장 평가를 받아 처벌될 수 있다는 소식이 전해지며 운전자들의 주의가 요구되고 있습니다.

일반적으로 감기약은 졸음, 어지럼증, 집중력 저하 등 부작용을 유발할 수 있어 운전이나 기계 조작 시 특히 조심해야 합니다. 음주 측정 수치와 무관하게 약물로 인해 정상적인 운전이 어렵다고 판단되면 도로교통법에 따라 음주 운전과 동일한 처벌을 받을 수 있습니다.

이는 단순히 혈중 알코올 농도만을 기준으로 삼는 것이 아니라, 운전자의 정상적인 판단력과 신체 조절 능력을 종합적으로 평가하겠다는 의미로 해석됩니다. 따라서 운전자는 감기약을 포함한 모든 약물 복용 시 약 성분과 부작용을 꼼꼼히 확인하고, 졸음 유발 가능성이 있는 약은 복용 후 운전을 피하는 것이 안전합니다.

경각심을 갖고 안전 운전 습관을 생활화하는 것이 중요합니다.

#감기약운전 #약물운전 #안전운전",11,0,0,39,1,0,0,,
17984447279806839,2026-04-01T22:58:43+0000,FEED,CAROUSEL_ALBUM,https://www.instagram.com/p/DWm045zgAcY/,2,0,"글렌드 속보: 5월 8일부터 공공기관 차량 이용에 큰 변화가 생깁니다. 정부는 에너지 절약과 탄소 중립 실현을 위해 공공기관 차량 2부제를 전국적으로 시행하고, 공영주차장도 5부제 적용을 시작합니다.

이는 단순히 공공기관 방문객뿐만 아니라, 공영주차장을 이용하는 일반 국민에게도 직접적인 영향을 미칠 수 있는 중요한 정책입니다. 차량 끝번호에 따라 정해진 요일에는 공영주차장 이용이 제한되므로, 방문 전 반드시 본인의 차량 번호와 날짜를 확인해야 합니다.

이번 조치는 대기 오염 감소와 기후 변화 대응이라는 중대한 목표를 가지고 있습니다. 단기적으로는 불편함이 있을 수 있지만, 장기적으로는 우리 사회 전체의 지속 가능성에 기여할 것입니다.

경차, 친환경차, 장애인 차량, 임산부 차량 등 일부 예외 차량이 있으니 해당 여부를 미리 확인하시는 것이 좋습니다. 갑작스러운 혼란을 피하기 위해 미리 준비하고 대중교통 이용을 적극적으로 고려하는 지혜가 필요합니다.

#차량5부제 #공공기관 #환경정책",16,0,0,47,2,0,0,,
17926383015255084,2026-04-01T11:01:44+0000,FEED,CAROUSEL_ALBUM,https://www.instagram.com/p/DWli0V6DWbV/,1,0,"최근 일부 지자체를 중심으로 종량제봉투 사재기 움직임이 포착되면서 정부가 구매량 제한 카드를 만지작거리고 있습니다. 폐기물 처리 수수료 인상에 대한 막연한 불안감이 그 배경으로 지목됩니다.

특히 일부 지역에서는 한 번에 수백 장씩 구매하는 사례까지 나타나, 정상적인 수급에 지장을 초래할 가능성까지 제기되고 있습니다.

이에 따라 정부와 지자체는 주민등록번호 기반 구매 이력 조회, 1인당 월별 구매량 제한 등 다양한 방안을 검토 중입니다.

이는 단순히 쓰레기봉투 구매를 제한하는 것을 넘어, 자원 낭비를 막고 올바른 쓰레기 배출 문화를 정착시키기 위한 노력의 일환으로 해석될 수 있습니다.

국민들의 현명한 소비와 환경에 대한 인식이 더욱 중요해지는 시점입니다.

#종량제봉투 #쓰레기봉투 #생활경제",13,0,0,42,1,1,0,,
18102985003899361,2026-04-01T07:01:21+0000,FEED,CAROUSEL_ALBUM,https://www.instagram.com/p/DWlHTyfjRAB/,1,0,"대한민국 농지에 사상 초유의 대대적인 전수조사가 실시됩니다. 

 내달부터 약 1년 2개월에 걸쳐 전국 154만 필지에 달하는 모든 농지가 조사 대상입니다. 

 이번 조사는 '농지법' 시행 이래 처음으로 이뤄지는 것으로, 농지 투기를 뿌리 뽑고 건전한 농지 이용 질서를 확립하는 데 그 목적이 있습니다. 그동안 투기 목적으로 농지를 취득하거나 불법으로 이용하는 사례들이 꾸준히 제기되어 왔습니다. 

 특히 농업경영계획서의 허위 제출 등 꼼수를 이용한 투기 행위에 대해 엄격한 단속이 이루어질 예정입니다. 불법 취득이 적발될 경우 처분 명령과 함께 이행강제금 부과, 그리고 강제 처분 절차까지 이어질 수 있습니다. 

 정부는 이번 전수조사를 통해 농지의 공익적 기능을 회복하고, 농업인들이 안정적으로 농지를 확보할 수 있는 기반을 마련할 방침입니다. 땅의 주인이 농업인이 되어야 한다는 원칙을 다시 한번 확인하는 중요한 계기가 될 것입니다. 

 #농지전수조사 #농지투기근절 #부동산정책",11,0,0,35,1,2,0,,
17880576972518316,2026-03-31T22:01:26+0000,FEED,CAROUSEL_ALBUM,https://www.instagram.com/p/DWkJhBRk2xe/,2,0,"새로운 도로교통법 개정안이 2일부터 시행되며, 약물운전에 대한 처벌이 대폭 강화됩니다. 단순한 음주운전을 넘어, 이제는 특정 약물 복용 후 운전도 엄격히 단속될 예정입니다. 

 이번 개정안의 핵심은 마약류를 포함해 운전을 방해할 수 있는 모든 약물이 단속 대상에 포함된다는 점입니다. 심지어 일반 감기약이나 수면제, 특정 진통제도 졸음이나 어지럼증을 유발할 수 있다면 약물운전에 해당할 수 있습니다. 이는 국민의 생명과 안전을 최우선으로 고려한 조치입니다. 

 앞으로는 운전 전 복용하는 약물의 종류와 부작용을 반드시 확인해야 합니다. 약 설명서의 '운전 또는 기계 조작 시 주의' 문구를 꼼꼼히 살피는 습관을 들여야 합니다. 불필요한 위험을 피하고 모두의 안전을 지키기 위한 중요한 변화이니, 각별한 주의가 필요합니다. 안전운전은 선택이 아닌 필수입니다. 

 #약물운전 #도로교통법 #안전운전",14,0,0,49,2,0,0,,
17872194324588796,2026-03-31T11:01:42+0000,FEED,CAROUSEL_ALBUM,https://www.instagram.com/p/DWi-BMiEZEk/,1,0,"대한민국 국민 70%에게 최대 60만원의 민생지원금이 지역화폐로 지급될 예정입니다.

이는 정부가 국민들의 생활 안정을 돕고 지역 경제를 활성화하기 위한 조치로 풀이됩니다. 소득과 재산 기준에 따라 선별적으로 지급되지만, 상당수 가구가 혜택을 볼 것으로 예상됩니다.

지역화폐 형태로 지급되는 만큼, 소상공인 매출 증대에도 긍정적인 영향을 미칠 것으로 보입니다. 다만, 정확한 지급 기준과 시기, 사용처 등 세부 내용은 아직 확정되지 않아 추가 발표를 주시해야 합니다.

정부의 이러한 지원 정책이 과연 얼마나 효과적으로 민생 안정과 경제 활성화에 기여할지 귀추가 주목됩니다. 지급 대상 여부를 미리 확인하고 준비하는 것이 좋겠습니다.
#민생지원금 #지역화폐 #경제활성화",13,0,0,46,1,0,0,,
18095420749845234,2026-03-31T07:01:20+0000,FEED,CAROUSEL_ALBUM,https://www.instagram.com/p/DWiigunESdL/,2,0,"바쁜 현대인에게 희소식입니다. 하루 단 몇 분의 '숨찬 운동'으로 치매와 당뇨병 등 심각한 만성질환의 위험을 크게 낮출 수 있다는 연구 결과가 나왔습니다.

연구에 따르면, 짧은 시간 동안 격렬하게 숨이 가쁠 정도의 활동을 주기적으로 하는 것이 장기적인 건강에 매우 긍정적인 영향을 미친다고 합니다. 이는 혈당 조절 능력과 뇌 기능을 동시에 개선하는 효과가 있습니다.

헬스장에 갈 시간이 없어도 괜찮습니다. 출퇴근길 계단 오르기, 점심시간 빠른 걸음 걷기 등 일상 속에서 충분히 실천 가능합니다. 꾸준함이 중요하며, 작은 실천이 큰 건강 변화를 가져올 것입니다.

글렌드는 여러분의 건강한 삶을 응원합니다. 지금 바로 '숨찬 운동'을 시작해보세요!
#숨찬운동 #치매예방 #당뇨병예방",10,0,0,24,2,0,0,,
18100369162758406,2026-03-31T03:02:53+0000,FEED,CAROUSEL_ALBUM,https://www.instagram.com/p/DWiHOOnlqYt/,1,0,"많은 여성이 갱년기를 단순한 노화로 치부하고 고통을 홀로 감내합니다. 하지만 갱년기는 단순한 신체 변화를 넘어 호르몬 불균형으로 인한 질병으로 인식되어야 합니다. 방치할 경우 삶의 질 저하는 물론, 골다공증, 심혈관 질환 등 만성질환으로 이어질 수 있어 위험합니다.

최근 의료계는 갱년기 증상 완화와 합병증 예방을 위한 적극적인 치료의 필요성을 강조합니다. 호르몬 보충 요법부터 생활 습관 개선, 비호르몬 치료까지, 개인 상태에 맞는 다양한 치료 옵션이 존재합니다. 이제 갱년기는 더 이상 '참아야 할 고통'이 아닌, 적극적으로 관리하고 치료해야 할 건강 문제입니다.

자신에게 맞는 최적의 치료법을 찾기 위해 전문가와 상담하는 것이 중요합니다. 갱년기 증상으로 힘들어하고 있다면, 주저 말고 의료기관을 방문해 전문적인 도움을 받으세요. 건강한 노년은 적극적인 자기 관리에서 시작됩니다.

#갱년기 #여성건강 #호르몬치료",11,0,0,24,1,1,0,,
18060133223694294,2026-03-30T22:01:16+0000,FEED,CAROUSEL_ALBUM,https://www.instagram.com/p/DWhkuktD_TM/,1,0,"최근 심뇌혈관 질환을 겪는 환자들에게 중요한 건강 지침이 발표되었습니다. 바로 '나쁜 콜레스테롤(LDL-C)' 목표치가 기존보다 더욱 강화된 55mg/dL 미만으로 하향 조정되었다는 소식입니다. 이는 질병의 재발을 막고 환자들의 삶의 질을 높이는 데 결정적인 역할을 할 것으로 기대됩니다.

이번 가이드라인은 심뇌혈관 질환이 심각한 합병증과 높은 사망률을 동반하는 만큼, 보다 적극적인 예방과 관리가 필요하다는 의학계의 공감대에서 나왔습니다. 특히 고위험군 환자들은 단순한 식이요법을 넘어 약물치료를 병행하며 철저히 콜레스테롤 수치를 관리해야 합니다.

실제로 새로운 목표치 달성 시 재발률이 무려 30% 감소한다는 연구 결과는 이러한 노력이 얼마나 중요한지를 방증합니다. 자신의 콜레스테롤 수치와 건강 상태를 정확히 인지하고, 전문 의료진과의 상담을 통해 맞춤형 관리 계획을 수립하는 것이 매우 중요합니다. 주기적인 검진과 꾸준한 건강 관리로 심뇌혈관 질환으로부터 안전한 삶을 유지하시길 바랍니다.

#심뇌혈관 #콜레스테롤 #건강관리",13,0,0,34,1,1,0,,
17931890316083637,2026-03-30T12:49:07+0000,FEED,CAROUSEL_ALBUM,https://www.instagram.com/p/DWglhEBiTkn/,2,0,"최근 전국적으로 쓰레기 봉투 품귀 현상이 심화되면서 시민들의 불편이 커지고 있습니다. 특히 특정 규격 봉투의 재고가 바닥나면서 쓰레기 처리 문제에 대한 우려가 커지고 있습니다.

이번 사태는 제조사의 생산 차질과 복잡한 유통 과정에서 발생한 것으로 분석됩니다. 생활 필수품인 쓰레기 봉투의 공급 불안정은 단순한 불편을 넘어, 위생 문제와 직결될 수 있어 빠른 해결이 시급합니다.

이에 정부는 비상 대책을 마련 중입니다. 기후부 장관은 최악의 상황이 발생할 경우, 일반 비닐봉투에 쓰레기를 담아 배출하는 것을 한시적으로 허용할 수 있다고 밝혀 주목됩니다. 이는 과거에도 유사한 사례가 있었던 만큼, 국민 생활 안정화를 위한 정부의 유연한 대응으로 해석됩니다.

지자체와의 긴밀한 협의를 통해 구체적인 시행 방안이 마련될 예정이며, 시민 불편을 최소화하기 위한 선제적 대응이 기대됩니다. 쓰레기 봉투 대란이 원만히 해결되어 정상적인 생활이 회복되기를 바랍니다.
#쓰레기봉투 #생활경제 #정부정책",19,0,0,54,2,1,0,,
18095554148085071,2026-03-30T07:01:24+0000,FEED,CAROUSEL_ALBUM,https://www.instagram.com/p/DWf9uZfFC7V/,2,0,"부동산 시장에 미묘한 기류가 흐르고 있습니다. 연초 양도세 부담으로 급하게 쏟아져 나오던 급매물들이 이제는 찾아보기 어려워졌다는 소식입니다. 급매 소멸은 시장에 어떤 영향을 미칠까요?

이는 매도자들이 세금 부담에서 벗어나면서 급매로 내놨던 매물을 거둬들이고 있기 때문으로 분석됩니다. 한편으로는 금리 인하 기대감이 반영되어 매도자들의 호가가 높아지는 현상도 나타나고 있습니다.

하지만 매수자들은 여전히 높은 대출 금리 부담으로 인해 섣불리 움직이지 못하고 있습니다. 금리 인하 기대감과 함께 시장에 다시 매수세가 붙을지, 아니면 높은 금리에 발목 잡혀 관망세가 이어질지, 당분간 매수자와 매도자 간의 치열한 줄다리기가 이어질 전망입니다.

글렌드는 최신 부동산 시장 동향을 지속적으로 분석하고, 여러분의 현명한 의사결정을 돕는 정보를 제공하겠습니다.
#부동산시장 #양도세 #급매",10,0,0,20,2,1,0,,
18046292942734773,2026-03-30T03:01:11+0000,FEED,CAROUSEL_ALBUM,https://www.instagram.com/p/DWfiPyJD3ts/,2,0,"최근 부동산 시장에서 다주택자들의 움직임이 심상치 않습니다. 바로 양도소득세 중과 유예 종료 시점이 다가오고 있기 때문입니다.

현재 다주택자에 대한 양도세 중과 유예 조치는 2025년 5월까지 적용됩니다. 이 시점 이후에는 조정대상지역 내 2주택 이상 보유자의 양도 차익에 기본 세율 외 20~30%p의 중과세율이 다시 적용될 예정입니다. 이는 매도 시 세금 부담이 크게 늘어날 수 있음을 의미합니다.

정부는 부동산 시장 연착륙을 위해 중과 유예 정책을 펼쳐왔으나, 시장 상황 변화와 정부의 정책 기조에 따라 연장 여부는 불투명합니다. 따라서 다주택자들은 남은 기간 동안 자신의 보유 주택 포트폴리오를 재점검하고, 매도 또는 보유 전략을 신중하게 수립해야 할 '골든타임'에 직면했습니다.

현재 시장은 매물 증가와 거래 위축이 동시에 나타나면서 불확실성이 커지고 있습니다. 급매물이 늘어날 가능성도 배제할 수 없는 상황에서, 다주택자들은 정부의 정책 방향, 금리 변동성, 지역별 시장 동향 등을 종합적으로 고려한 전략적 판단이 어느 때보다 중요합니다.

#양도세중과 #부동산세금 #다주택자",11,0,0,27,2,0,0,,
18062406836344135,2026-03-29T22:01:08+0000,FEED,CAROUSEL_ALBUM,https://www.instagram.com/p/DWe_6m6E4Uc/,2,0,"서울 벚꽃이 평년보다 10일이나 빠르게 공식 개화했습니다. 이는 관측 이래 역대 두 번째로 빠른 기록으로, 따뜻한 봄 날씨가 지속되면서 벚나무의 생육 주기가 단축된 결과입니다. 특히 3월 평균 기온 상승이 주요 원인으로 분석되며, 이는 기후 변화의 직접적인 영향으로 볼 수 있습니다.

예상보다 일찍 찾아온 벚꽃 소식은 시민들에게 반가움을 주지만, 동시에 생태계 변화에 대한 경각심도 일깨웁니다. 앞으로도 벚꽃 개화 시기 변화를 통해 기후 변화의 흐름을 주시하고, 지속 가능한 환경 보호 노력의 중요성을 되새겨야 할 것입니다.

짧은 벚꽃 시즌, 이 아름다움을 만끽하시되, 변화하는 환경에 대한 관심도 잊지 마세요.
#서울벚꽃 #벚꽃개화 #기후변화",17,0,0,50,2,0,0,,
18125940919604045,2026-03-29T11:01:16+0000,FEED,CAROUSEL_ALBUM,https://www.instagram.com/p/DWd0YcDlLmT/,5,0,"오늘의 글렌드 속보! 혼밥의 편리함 뒤에 숨겨진 의외의 위협, 바로 '리모컨'입니다. 가정용 리모컨이 변기보다 최대 20배 많은 세균을 품고 있다는 사실, 알고 계셨나요? 자주 만지지만 청소에는 소홀하기 쉬운 리모컨은 대장균, 포도상구균 등 유해 세균의 온상이 될 수 있습니다.

특히 혼자 식사를 할 때 무심코 리모컨을 만지고 바로 음식을 집어 먹는 습관은 유해 세균을 우리 몸으로 직접 전달하는 지름길이 될 수 있습니다. 이는 식중독을 포함한 다양한 감염병의 원인이 될 수 있어 각별한 주의가 필요합니다.

건강을 지키기 위해서는 리모컨을 최소 일주일에 한 번 이상 알코올 솜이나 소독 티슈로 꼼꼼히 닦아주는 습관이 필요합니다. 또한, 음식을 섭취하기 전후에는 항상 손을 깨끗하게 씻는 것이 매우 중요합니다. 작은 생활 습관 하나가 우리 건강을 크게 좌우할 수 있습니다. 오늘 저녁, 리모컨부터 깨끗하게 닦고 건강한 혼밥을 즐겨보는 건 어떨까요?

#글렌드 #건강정보 #혼밥위생",18,0,0,58,5,2,0,,
18077062277435926,2026-03-29T07:01:09+0000,FEED,CAROUSEL_ALBUM,https://www.instagram.com/p/DWdY5n7lOQb/,3,0,"서울 휘발유 가격이 1,900원을 돌파하며 운전자들의 한숨이 깊어지고 있습니다. 2차 석유 최고가격제 시행 사흘 만에 나타난 현상으로, 작년 11월 이후 5개월 만에 최고치를 기록했습니다. 국제 유가 상승과 중동 리스크 고조가 복합적으로 작용하며 국내 유가 상승을 부추기고 있습니다. 정부의 유류세 인하 조치가 무색하게 느껴질 정도로 상승 압력이 강한 상황입니다. 이는 단순히 유류비 부담을 넘어, 물가 전반에 영향을 미쳐 서민 경제에 큰 타격을 줄 수 있습니다. 당분간 고유가 기조가 이어질 것으로 예상되므로, 경제 전반에 대한 면밀한 모니터링과 대비가 필요합니다.

#휘발유가격 #유가상승 #생활경제",19,0,0,63,3,5,0,,
18041068421759471,2026-03-29T03:01:14+0000,FEED,CAROUSEL_ALBUM,https://www.instagram.com/p/DWc9cZ3EcLM/,2,0,"단순 코감기나 비염으로 여겼던 증상이 알고 보니 심각한 질환의 신호일 수 있습니다.

최근 5개월간 코피와 코막힘이 반복되던 한 사례에서 코 안에서 '까만 덩어리'가 발견되어 충격을 주었습니다. 진단 결과, 이 덩어리는 다름 아닌 곰팡이 덩어리인 '비부비동 곰팡이'로 밝혀졌습니다.

비부비동 곰팡이는 곰팡이균이 코 안에 번식하며 생기는 질환으로, 방치할 경우 코 주위 조직을 파괴하고, 심지어 시력 저하나 뇌 합병증까지 유발할 수 있는 위험성을 가지고 있습니다. 특히 한쪽 코에서만 코피, 코막힘 등 증상이 반복된다면 반드시 이비인후과 전문의를 찾아 정확한 진단을 받아야 합니다.

초기 발견과 적절한 치료가 무엇보다 중요한 만큼, 반복되는 코 관련 증상을 대수롭지 않게 여기지 마시고 자신의 건강에 주의를 기울여 주시길 바랍니다.

#코건강 #비부비동곰팡이 #건강정보",14,0,0,40,2,0,0,,
18060818906397122,2026-03-28T22:01:23+0000,FEED,CAROUSEL_ALBUM,https://www.instagram.com/p/DWcbIQ7E4DB/,2,0,"오늘 새벽, 전국 주유소의 기름값이 2차 석유 최고가격제 시행 둘째 날을 맞아 대폭 인상되었습니다. 휘발유는 리터당 100원 이상, 경유는 80원 이상 급등하며 운전자들의 한숨이 깊어지고 있습니다.

정부의 최고가격제 도입에도 불구하고 국제 유가 상승과 환율 변동성 등 복합적 요인으로 유가 불안정은 지속될 전망입니다. 이는 물가 전반에 상승 압력을 가해 서민 경제에 큰 부담을 줄 것으로 예상됩니다.

소비자들은 유가 정보 앱 활용, 할인 카드 사용, 대중교통 확대 등 현명한 소비 습관이 절실합니다. 정부 또한 유가 안정화를 위한 실질적인 대책 마련에 총력을 기울여야 할 시점입니다.

#기름값폭등 #생활경제 #유가정보",16,0,0,45,2,0,0,,
18177347371377948,2026-03-28T11:01:12+0000,FEED,CAROUSEL_ALBUM,https://www.instagram.com/p/DWbPl_4iCgR/,2,0,"난치병으로 알려진 췌장암 치료에 새로운 희망이 생겼습니다. 국내 연구진이 췌장암 방사선 치료 효과를 높이는 원리를 규명했기 때문인데요.

이는 췌장암 세포의 방사선 저항성을 극복하고 치료 효율을 극대화할 수 있는 새로운 표적을 찾아냈다는 점에서 매우 고무적인 성과입니다. '침묵의 살인자'라 불릴 만큼 진단과 치료가 어려운 췌장암 환자들에게 실질적인 치료 옵션을 제공할 가능성을 열었습니다.

이번 연구는 전이성 췌장암 환자들의 생존율 향상에도 크게 기여할 것으로 기대됩니다. 약물 병용 치료 등으로 임상 적용이 구체화된다면, 인류의 췌장암 극복에 중대한 전환점이 될 것입니다. 앞으로의 연구와 임상 결과에 귀추가 주목됩니다.
#췌장암 #건강뉴스 #의료기술",10,0,0,32,2,3,0,,
18405344152183673,2026-03-28T07:00:56+0000,FEED,CAROUSEL_ALBUM,https://www.instagram.com/p/DWa0Gc3Fauv/,3,0,"정부가 담뱃값을 4,500원에서 1만원 수준으로 인상하고, 술에도 새로운 부담금을 부과하는 방안을 검토 중인 것으로 알려지면서 생활경제에 비상이 걸렸습니다.

이는 국민 건강 증진이라는 명분 아래 세수를 확보하려는 정부의 움직임으로 풀이됩니다. 그러나 가뜩이나 물가 상승으로 고통받는 서민들에게 또 다른 부담으로 작용할 수 있다는 비판이 제기되고 있습니다.

과거 담뱃값 인상 시에도 금연 효과에 대한 논란이 끊이지 않았던 만큼, 이번 정책 추진 과정에서도 충분한 사회적 합의와 국민 공감대 형성이 필수적입니다. 단순히 세수 확보 수단이 아닌, 실질적인 국민 건강 증진 효과와 서민 경제에 미칠 영향을 면밀히 고려해야 할 시점입니다.

#담뱃값 #주류세 #생활경제",28,0,0,73,3,0,0,,
18138895609501540,2026-03-28T03:01:02+0000,FEED,CAROUSEL_ALBUM,https://www.instagram.com/p/DWaYpbWjKvr/,2,0,"정부가 국제 유가 불안정에 대응하여 유류세 인하 폭을 대폭 확대했습니다. 휘발유는 7%에서 15%로, 경유는 10%에서 25%로 인하율이 상향 조정되었으며, 이는 국민 유류비 부담 경감과 물가 안정을 위한 강력한 조치입니다. 특히 경유 인하 폭 확대는 물류비용 절감을 통한 전반적 물가 안정 효과를 노린 것으로 분석됩니다.

이번 유류세 인하 확대는 리터당 휘발유 약 110원, 경유 약 130원의 가격 인하 효과를 가져올 것으로 예상됩니다. 서민들의 교통비 및 자영업자 물류비 부담을 직접적으로 줄이고, 운송비 절감을 통해 생활 필수품 가격 안정에도 긍정적 영향을 미칠 것으로 기대됩니다. 정부의 적극적 물가 관리 정책이 국민 체감 효과로 이어질지 주목됩니다.

다만, 유류세 인하가 일시적 효과에 그치지 않고 지속적 유가 안정과 물가 관리가 이루어지기 위해서는 국제 정세 안정화 및 다각적 정책 노력이 필요합니다. 이번 조치가 국민 소비 심리 회복과 장바구니 물가 안정에 기여하기를 바랍니다.

#유류세인하 #생활경제 #물가안정",14,0,0,43,2,1,0,,
17850801765659520,2026-03-27T22:01:17+0000,FEED,CAROUSEL_ALBUM,https://www.instagram.com/p/DWZ2UtyE6YU/,3,0,"오늘 새벽, 대한민국 주요 뉴스 중 가장 큰 파급력을 가질 소식을 전해드립니다. 정부의 유류세 인하 조치가 6월 30일자로 공식 종료되면서, 7월 1일부터 전국 주유소의 휘발유와 경유 가격이 일제히 상승할 것으로 보입니다. 이는 서민 경제에 직접적인 부담으로 작용할 전망입니다.

이번 유류세 인하 종료는 국제 유가 불안정 및 고환율 기조와 맞물려 더욱 큰 물가 상승 압박으로 이어질 수 있습니다. 운송비 증가로 인해 농축수산물, 가공식품 등 전반적인 생필품 가격 인상이 불가피할 것이라는 우려의 목소리가 커지고 있습니다.

글렌드는 이번 기름값 상승이 국민 생활에 미칠 파장을 주시하며, 정부의 추가적인 물가 안정 대책과 소비 심리 위축 가능성 등을 심층 분석할 예정입니다. 변화하는 경제 상황에 대한 GLEND의 고농축 리포트를 계속 지켜봐 주십시오.

#기름값 #유류세 #물가상승",20,0,0,65,3,0,0,,
18318870079251325,2026-03-27T11:01:49+0000,FEED,CAROUSEL_ALBUM,https://www.instagram.com/p/DWYq2oOlgFw/,3,0,"글렌드 긴급 리포트: 전국 기름값 상승세, 비상!

정부가 2차 석유 최고가격제를 시행하면서 국내 유가가 또다시 고공행진을 시작했습니다.
이는 이미 불안정한 생활 경제에 추가적인 부담을 안겨줄 것으로 전망됩니다.

특히, 이번 조치는 정유사 출고가격과 주유소 판매가격에 직접적인 영향을 미쳐 소비자들의 체감 물가 상승을 부채질하고 있습니다.
연이은 기름값 인상은 자영업자와 서민들의 어깨를 더욱 무겁게 할 것으로 보입니다.

최고가격제는 시장의 과도한 가격 인상을 억제하기 위한 취지이나, 국제 유가 변동성이 큰 상황에서 국내 유가 상승을 완전히 막기에는 한계가 있습니다.
이에 따라 국민 개개인의 현명한 소비 습관이 더욱 중요해질 때입니다.

불필요한 차량 운행을 줄이고, 대중교통 이용을 활성화하는 등의 노력이 필요합니다.
정부 또한 국민 부담 완화를 위한 추가적인 대책 마련에 속도를 내야 할 것입니다.

#기름값 #유가상승 #생활경제",13,0,0,57,3,0,0,,
18073265033634527,2026-03-27T07:01:12+0000,FEED,CAROUSEL_ALBUM,https://www.instagram.com/p/DWYPURKFoQC/,2,0,"글렌드 단독 리포트: 충격적인 '36주 낙태' 사건이 우리 사회에 큰 파장을 일으키고 있습니다. 출산 직전인 임신 36주에 낙태 수술을 받은 20대 여성과 수술비만 지급한 채 떠난 50대 남성의 이야기는 단순한 개인사를 넘어섭니다.

현행 모자보건법은 임신 24주 이후 낙태를 엄격히 제한하고 있습니다. 따라서 이번 사건은 법적 허용 범위와 윤리적 정당성에 대한 심각한 의문을 제기합니다. 임신 중절의 법적 테두리와 사회적 보호망에 대한 재논의가 시급합니다.

또한, 이 사건은 임신과 출산에 대한 남성의 책임감 부재 문제를 수면 위로 올렸습니다. 생명의 존엄성과 여성의 신체 자기 결정권, 그리고 남성의 도덕적·법적 책임이 복잡하게 얽힌 이 사안은 우리 사회가 함께 고민하고 해결책을 찾아야 할 무거운 숙제입니다.

개인의 고통을 넘어선 사회적 책임, 그리고 무엇이 최선인지에 대한 깊은 성찰이 필요한 때입니다.

#36주낙태 #임신중절 #사회적책임",16,0,0,49,2,1,0,,
18108592222881002,2026-03-27T03:01:19+0000,FEED,CAROUSEL_ALBUM,https://www.instagram.com/p/DWXz3XFliRg/,2,0,"최근 호르무즈 해협을 지나는 한국 선박들의 운항에 난항이 이어지며 국내 에너지 및 경제에 비상이 걸렸습니다. 주요 정유사들이 미국과 이란 양측과 복잡하게 얽힌 지분 및 거래 관계를 맺고 있기 때문입니다. 이는 자칫 잘못하면 미국의 대이란 제재에 휘말릴 수 있는 민감한 상황으로 이어집니다.

이란의 지정학적 리스크가 커지면서 한국 선박의 안전한 운항은 물론, 국내 원유 수입 안정성까지 위협받고 있습니다. 중동으로부터의 원유 수송에 차질이 생길 경우, 이는 곧 국내 휘발유 가격 상승과 전반적인 물가 불안으로 전이될 수 있습니다.

정부와 기업들은 외교 채널을 가동하여 상황을 예의주시하고 있으며, 안전하고 안정적인 에너지 수급 방안을 다각도로 검토하고 있습니다. 복잡한 국제 역학 관계 속에서 한국 경제의 핵심 동맥이라 할 수 있는 에너지 수송로 확보는 최우선 과제입니다.

#호르무즈해협 #한국경제 #에너지안보",15,0,0,49,2,1,0,,
17917279269338113,2026-03-26T22:02:53+0000,FEED,CAROUSEL_ALBUM,https://www.instagram.com/p/DWXRussDIh7/,3,0,"대한민국 경제에 비상이 걸렸습니다. OECD가 최근 발표한 경제 전망에서 한국의 올해 성장률 전망치를 1.7%로 대폭 하향 조정하며 경고등을 켰습니다. 이는 G20 국가 중 가장 큰 하향 폭으로, 'S공포'(스태그플레이션 우려)가 현실화될 수 있다는 지적입니다.

고물가와 고금리 압박이 지속되는 가운데, 민간 소비는 위축되고 기업 투자는 감소하는 악순환이 이어지고 있습니다. 주력 산업의 수출 회복세마저 지연되면서 한국 경제의 '성장 모멘텀' 상실에 대한 우려가 커지고 있습니다. 특히, 가계 부채 부담과 부동산 시장 불안정성도 국내 경제의 발목을 잡는 요인으로 작용하고 있습니다.

글렌드는 현재의 경제 상황을 단순한 경기 둔화를 넘어선 구조적 문제로 진단합니다. 정부는 과감한 규제 개혁과 미래 산업 투자 확대를 통해 새로운 성장 동력을 확보하고, 국민들의 경제적 부담을 덜어줄 실질적인 정책 마련에 집중해야 할 것입니다. 또한, 기업들은 혁신을 통해 글로벌 경쟁력을 강화하고, 불확실한 대외 환경 속에서도 회복 탄력성을 높이는 데 주력해야 합니다.

#한국경제 #경제전망 #OECD하향",9,0,0,15,3,0,0,,
18089042729227887,2026-03-26T11:01:19+0000,FEED,CAROUSEL_ALBUM,https://www.instagram.com/p/DWWGBOjlPuq/,2,0,"한국의 부동산금융 시장에 빨간불이 켜졌습니다. 전체 위험노출액이 무려 4,223조원에 달하며, 이는 국내총생산(GDP)의 1.6배를 넘어서는 충격적인 수치입니다. 이처럼 막대한 규모의 위험은 금융 시스템의 안정성을 심각하게 위협할 수 있는 잠재력을 지니고 있습니다.

프로젝트파이낸싱(PF) 부실과 지속되는 고금리 기조가 이러한 위험 확대의 주된 원인으로 지목됩니다. 시장의 경계심이 최고조에 달한 가운데, 정부와 금융당국은 부동산 시장의 연착륙을 위한 대책 마련에 고심하고 있습니다.

하지만 만약 부동산 부실이 현실화될 경우, 가계와 기업 부채에 미치는 영향은 물론, 나아가 국가 경제 전반에 걸쳐 예상치 못한 큰 파장을 야기할 수 있습니다. 지금이야말로 잠재적 위험에 대한 선제적이고 강력한 대응책 마련이 필수적인 시점입니다.

#부동산위험 #금융안정 #경제이슈",10,0,0,24,2,0,0,,
18065442251398648,2026-03-26T07:01:11+0000,FEED,CAROUSEL_ALBUM,https://www.instagram.com/p/DWVqg-vlPha/,2,0,"대한민국 독자 기술로 개발된 초음속 전투기 KF-21 '보라매'의 양산 1호기 출고식이 성공적으로 진행되었습니다. 이는 시험비행 성공에 이어 실제 전력화에 한 발 더 다가섰음을 의미하며, 국내 방위산업의 획기적인 전환점으로 평가받고 있습니다.

KF-21은 단순한 전투기를 넘어 한국의 항공우주 기술력을 상징합니다. 핵심 기술의 국산화는 자주국방을 넘어 미래 방위산업 경쟁력을 확보하는 중요한 기반이 됩니다. 또한, 대규모 생산을 통한 경제적 파급효과와 고용 창출에도 크게 기여할 것으로 기대됩니다.

이번 양산은 방산 수출 활성화에도 긍정적인 영향을 미칠 것으로 보입니다. 국산 전투기의 성능과 기술 신뢰도가 입증되면서 글로벌 방산 시장에서의 위상도 한층 높아질 전망입니다. KF-21이 한국의 하늘을 지키는 든든한 날개가 되고, 나아가 경제 성장의 새로운 동력이 되기를 바랍니다.

#KF21 #보라매 #한국항공우주",12,0,0,28,2,0,0,,
17965819611020097,2026-03-26T03:05:03+0000,FEED,CAROUSEL_ALBUM,https://www.instagram.com/p/DWVPfseFhkc/,3,0,"영화 '왕과 사는 남자'가 개봉 41일 만에 누적 관객 1500만 명을 돌파하며 한국 영화 흥행 역대 3위에 올랐습니다. 이는 팬데믹 이후 침체기에 빠졌던 극장가에 활력을 불어넣은 쾌거로, 한국 영화계에 긍정적인 메시지를 전달하고 있습니다.

이 작품은 탄탄한 스토리와 배우들의 열연이 관객들의 마음을 사로잡으며 꾸준한 흥행세를 이어왔습니다. 특히, 사회적 메시지와 함께 깊은 여운을 선사하며 단순히 오락을 넘어선 의미 있는 영화로 자리매김했습니다.

영화의 성공은 비수기 극장가에 활력을 불어넣는 동시에, 한국 영화의 저력을 다시 한번 입증하는 계기가 될 것으로 보입니다. 앞으로 K-콘텐츠의 글로벌 위상 강화에도 기여할 것으로 기대됩니다.

#한국영화 #영화흥행 #왕과사는남자",20,0,0,80,3,0,0,,
17886209217465260,2026-03-25T22:01:11+0000,FEED,CAROUSEL_ALBUM,https://www.instagram.com/p/DWUsvdiDTi6/,3,0,"필리핀 마약왕으로 알려진 박왕열이 국내 송환되면서 그의 신상 공개를 둘러싼 논란이 뜨겁습니다. 

경찰이 실명과 얼굴을 공개했음에도 불구하고, 일부 언론에서 모자이크 처리된 이미지와 실명만 공개하며 정보 혼선이 가중되었습니다. 

이는 국민의 알 권리와 범죄자 인권 보호 사이에서, 그리고 신상 공개의 공정성과 일관성에 대한 근본적인 질문을 던지고 있습니다. 

현행 '특정강력범죄의 처벌에 관한 특례법'은 피의자 신상 공개를 허용하지만, 수사기관의 재량에 따라 집행되면서 해석의 여지를 남기고 있습니다. 

이번 사례는 재범 위험성, 공공의 이익 등 공개의 필요성과 기준에 대한 사회적 합의가 얼마나 중요한지를 보여줍니다. 

국민적 의혹을 해소하고 사법 정의를 실현하기 위해서는, 명확하고 일관된 신상 공개 가이드라인을 수립하는 것이 필수적입니다. 이는 단순히 한 사건의 문제를 넘어, 투명하고 신뢰받는 사법 시스템을 구축하는 데 중요한 단계가 될 것입니다.

#마약왕 #신상공개 #사법정의",15,0,0,39,3,1,0,,
17987275682791666,2026-03-25T11:01:51+0000,FEED,CAROUSEL_ALBUM,https://www.instagram.com/p/DWThRPlFFth/,3,0,"카타르가 한국을 포함한 주요 LNG 구매국에 '불가항력'을 선언했습니다. 이는 예멘 후티 반군의 홍해 운송로 위협으로 인해 LNG 운송에 차질이 생기면서, 계약된 물량을 제때 공급하기 어려워질 수 있다는 의미입니다.

한국은 LNG 수입의 상당 부분을 카타르에 의존하고 있어, 이번 선언이 국내 에너지 수급 안정성에 큰 영향을 미칠 수 있다는 우려가 나옵니다. 단기적으로는 LNG 가격 상승과 함께 겨울철 난방비 등 국민들의 에너지 비용 부담이 가중될 가능성도 배제할 수 없습니다.

정부와 관련 기업들은 대체 공급처 확보를 위한 다각적인 노력과 함께 에너지 절약 캠페인 등 선제적인 대응책 마련이 시급합니다. 이번 사태가 장기화될 경우, 국내 산업 전반과 국민 생활에 미칠 파장이 클 것으로 예상됩니다.
#LNG위기 #에너지안보 #카타르LNG",16,0,0,44,3,0,0,,
18003764660904465,2026-03-25T07:01:24+0000,FEED,CAROUSEL_ALBUM,https://www.instagram.com/p/DWTFvzGEbHo/,1,0,"9년간의 추적 끝에 '동남아 마약왕' 박왕열 씨가 국내로 송환되며 대한민국 마약 수사에 새로운 전기가 마련되었습니다. 필리핀 교도소에서 탈옥해 도피 생활을 이어오던 그가 결국 법의 심판대에 서게 된 것입니다.

이번 송환은 단순히 한 명의 범죄자를 잡는 것을 넘어, 해외를 거점으로 한 조직적인 마약 범죄에 대한 강력한 경고 메시지를 던집니다. 박왕열 씨가 유통한 것으로 알려진 수천억 원대 마약의 실체와 연루된 국내외 공범들에 대한 수사가 본격화될 예정입니다.

국민의 안전과 건강을 위협하는 마약 범죄 척결을 위한 수사기관의 노력에 지지를 보내며, 이번 사건이 재범 방지와 마약 없는 사회 구현에 중요한 이정표가 되기를 기대합니다. 글렌드는 관련 소식을 지속적으로 전하겠습니다.

#마약왕송환 #국내수사 #마약범죄척결",15,0,0,58,1,0,0,,
17931061719062843,2026-03-25T03:01:08+0000,FEED,CAROUSEL_ALBUM,https://www.instagram.com/p/DWSqRVVkgnE/,2,0,"대한민국 경제 전문 매체 글렌드입니다. 이번 주 가장 핫한 이슈는 단연 부동산 시장 안정화를 위한 정부의 강력한 움직임입니다. 특히 '보유세 인상' 검토는 많은 국민들의 이목을 집중시키고 있습니다.

이는 부동산 투기 심리를 억제하고 과열된 시장을 진정시키기 위한 정부의 의지가 반영된 조치로 풀이됩니다. 다주택자와 고가 주택 소유자에게 세금 부담을 가중시켜 투기적 수요를 줄이고, 실수요자 중심의 시장을 만들겠다는 전략입니다.

물론 보유세 인상은 가계 부담 증가, 조세 저항 등 여러 부작용을 낳을 수도 있습니다. 하지만 정부는 서민 주거 안정이라는 대의를 위해 불가피한 선택이라는 입장입니다. 앞으로 발표될 구체적인 대책과 그에 따른 시장의 변화가 초미의 관심사로 떠오르고 있습니다. 글렌드는 이 중요한 이슈를 심층 분석하여 독자 여러분께 가장 정확하고 유용한 정보를 지속적으로 제공하겠습니다.

#부동산정책 #보유세인상 #시장안정화",15,0,0,41,2,2,0,,
18089664332171518,2026-03-24T22:02:04+0000,FEED,CAROUSEL_ALBUM,https://www.instagram.com/p/DWSIBpUk4R_/,3,0,"내일부터 공공기관 차량 5부제가 전격 시행됩니다.

이는 단순한 교통 통제를 넘어, 지속 가능한 도시 환경 조성이라는 큰 목표를 담고 있습니다.

출퇴근 시간 혼잡을 줄이고 만성적인 주차난을 해소하는 동시에, 미세먼지 저감과 탄소중립 실현에 기여하려는 정부의 강력한 의지를 엿볼 수 있습니다.
특히, 대중교통 이용 활성화라는 시대적 요구에 부응하는 정책 전환점으로도 평가됩니다.

더 큰 관심은 민간 차량으로의 확산 여부입니다.
현재 공영주차장 5부제 적용 검토는 개인의 자발적 참여를 유도하려는 접근입니다.
하지만 이는 개인의 이동 자유와 편의성에 직접적인 영향을 미칠 수 있어, 시민들의 폭넓은 공감대 형성이 중요해 보입니다.

이번 정책이 성공적으로 안착된다면, 우리의 교통문화와 도시 환경에 긍정적인 변화를 가져올 것입니다.
향후 민간 부문 적용 방식과 시민 수용성에 대한 심층적인 논의가 필요합니다.

#차량5부제 #공공기관정책 #지속가능교통",16,0,0,47,3,1,0,,
18392344249145916,2026-03-24T11:01:25+0000,FEED,CAROUSEL_ALBUM,https://www.instagram.com/p/DWQ8bLPFM7t/,1,0,"노동당국이 안전공업 대표이사를 중대재해법 위반 혐의로 입건했습니다. 

광주광역시 북구 공사현장에서 발생한 사망사고에 대한 책임을 묻는 것으로, 기업의 안전 경영에 대한 경각심을 다시 한번 일깨우고 있습니다. 

중대재해법은 경영책임자에게 안전 및 보건 확보 의무를 부과하여, 중대재해가 발생하면 강력한 처벌을 내리는 법입니다. 이번 입건은 단순 사고가 아닌, 안전 시스템과 예방 조치의 미흡 여부가 핵심 쟁점이 될 전망입니다. 

더 이상의 안타까운 인명 피해를 막기 위해 기업은 형식적인 절차를 넘어 실질적인 안전 투자와 관리에 힘써야 합니다. 관련 업계는 이번 사건을 예의주시하며 안전 경영 강화에 나서야 할 때입니다. 

#중대재해법 #산업안전 #기업책임",15,0,0,50,1,0,0,,
18090803975127353,2026-03-24T07:01:10+0000,FEED,CAROUSEL_ALBUM,https://www.instagram.com/p/DWQg7dRkZBr/,3,0,"최근 30대 여성의 몸 속에서 검게 변한 이물질이 발견되어 충격을 주었습니다. 이는 다름 아닌 장기간 방치된 생리컵으로 밝혀졌습니다. 이 사례는 여성 건강 관리의 중요성을 다시 한번 일깨웁니다.

특히 생리컵과 같은 체내 삽입형 제품은 사용 설명서를 철저히 따르고, 정기적인 교체와 소독, 그리고 몸의 이상 신호에 즉각적으로 반응하는 것이 필수적입니다. 자칫 가볍게 여길 수 있는 작은 습관이 심각한 건강 문제로 이어질 수 있음을 보여주는 사례입니다.

여성 건강 제품의 올바른 사용법 숙지와 주기적인 건강 점검은 건강한 삶을 위한 기본입니다. 스스로 몸을 살피고 문제가 발생하면 주저 없이 전문가의 도움을 구해야 합니다.
#여성건강 #생리컵 #건강상식",17,0,0,58,3,0,0,,
18041027405546736,2026-03-24T03:01:24+0000,FEED,CAROUSEL_ALBUM,https://www.instagram.com/p/DWQFfNvlii6/,2,0,"대한민국이 3천만 관광 시대를 목전에 두고 있습니다. 그 중심에는 K-컬처, 특히 BTS로 대표되는 한류의 막강한 파급력이 자리합니다.

단순한 문화 현상을 넘어, 이제는 'BTS노믹스'라는 신조어가 생겨날 정도로 막대한 경제적 효과를 창출하고 있습니다. 전 세계 팬덤이 실제 방한 관광으로 이어지며 한국 경제에 활력을 불어넣는 것이죠.

정부 또한 이러한 K-컬처의 힘을 인지하고 지속 가능한 성장을 위한 지원책 마련에 박차를 가하고 있습니다. 콘텐츠 창작 및 해외 진출 지원은 물론, 팬덤 맞춤형 관광 상품 개발을 통해 지역 경제 활성화까지 꾀하며 K-컬처를 미래 먹거리로 육성하려는 움직임입니다.

문화가 경제를 이끄는 시대, K-컬처가 대한민국을 넘어 세계 경제에 미칠 영향이 더욱 주목됩니다.

#K컬처 #BTS노믹스 #한국관광",12,0,0,33,2,0,0,,
18132124216540180,2026-03-23T22:01:11+0000,FEED,CAROUSEL_ALBUM,https://www.instagram.com/p/DWPjIf-E7Si/,3,0,"대한민국 청소년들이 '약한 구루병 상태'라는 충격적인 진단이 나왔습니다. 현대 사회의 라이프스타일 변화가 우리 아이들의 뼈 건강을 위협하고 있습니다.

학업 스트레스와 스마트폰 등 디지털 기기 사용 증가로 인해 실내 활동 시간이 압도적으로 늘면서 햇빛을 통한 비타민D 생성이 현저히 줄어든 것이 주원인으로 분석됩니다. 비타민D는 칼슘 흡수에 필수적인 영양소로, 부족할 경우 뼈가 약해지고 성장이 저해될 수 있습니다.

이는 단순히 성장에만 영향을 미치는 것이 아닙니다. 면역력 저하, 만성 피로, 우울감 등 전반적인 건강 문제로 이어질 수 있어 더욱 심각합니다. 전문가들은 최소한 하루 10~20분이라도 햇빛을 쬐는 야외 활동을 권장하며, 필요시 비타민D 보충제 섭취를 고려해야 한다고 조언합니다.

우리 사회가 청소년들의 학업 성적뿐만 아니라 신체적, 정신적 건강까지 균형 있게 돌볼 수 있는 환경을 조성하는 것이 시급합니다. 미래 세대의 건강은 곧 대한민국의 건강입니다.

#청소년건강 #구루병주의 #비타민D부족",17,0,0,59,3,1,0,,
18312330304287053,2026-03-23T13:06:34+0000,FEED,CAROUSEL_ALBUM,https://www.instagram.com/p/DWOl8yZka6S/,2,0,"스트레스, 현대인의 숙명이자 고통입니다. 하지만 단순한 피로를 넘어 특정 질환을 악화시키는 주범이 될 수 있다는 사실, 알고 계셨나요? 특히 만성 염증성 피부 질환인 건선은 스트레스에 매우 취약합니다.

스트레스는 우리 몸의 면역 체계를 교란시켜 건선 증상을 더욱 심화시키거나, 잠복해 있던 병을 다시 불러일으킬 수 있습니다. 단순히 '마음 편히 가지라'는 조언을 넘어, 스트레스 자체가 병의 진행에 직접적인 영향을 미치는 만큼 적극적인 관리가 필요합니다.

건강한 생활 습관, 충분한 휴식, 그리고 필요하다면 전문가의 도움을 받아 스트레스를 현명하게 다루는 것이 중요합니다. 건선은 물론, 스트레스로 인해 악화될 수 있는 다양한 질환으로부터 내 몸을 지키기 위한 첫걸음입니다.

#건선 #스트레스관리 #피부건강",14,0,0,37,2,0,0,,
18097884997953736,2026-03-23T07:26:27+0000,FEED,CAROUSEL_ALBUM,https://www.instagram.com/p/DWN_C4Ijl7z/,3,0,"파킨슨병은 뇌 신경세포의 손상으로 발생하는 만성 진행성 퇴행성 뇌 질환으로, 전 세계 수많은 환자들이 고통받고 있습니다. 현재까지는 증상 완화에 초점을 맞춘 치료법이 주를 이루며, 병의 진행 자체를 막거나 되돌리는 근본적인 치료제는 부재한 상황입니다.

이러한 가운데 국내 연구진이 파킨슨병 진행의 새로운 열쇠를 발견하여 주목받고 있습니다. 이번 연구는 뇌 세포 내 특정 지질 성분인 '세라마이드'의 과도한 축적이 파킨슨병 발병 및 진행에 핵심적인 역할을 한다는 사실을 규명했습니다. 연구팀은 세라마이드 억제 전략을 통해 신경세포 손상을 줄이고 운동 기능 저하를 완화하는 놀라운 결과를 도출했습니다.

이는 파킨슨병 치료 패러다임을 바꿀 잠재력을 가진 중대한 발견으로 평가됩니다. 향후 세라마이드 조절을 목표로 하는 신약 개발이 성공적으로 이루어진다면, 파킨슨병으로 고통받는 환자들에게 새로운 희망을 선사할 수 있을 것입니다. 이번 연구가 임상 현장에서 실질적인 치료법으로 이어질 수 있도록 지속적인 관심과 지원이 필요합니다.

#파킨슨병 #뇌과학 #신약개발",14,0,0,45,3,0,0,,
18094405993851475,2026-03-23T03:01:08+0000,FEED,CAROUSEL_ALBUM,https://www.instagram.com/p/DWNgrosFtFF/,3,0,"대한민국 원/달러 환율이 장 초반 1,510원을 돌파하며 금융위기 이후 최고치를 기록했습니다. 이는 서민 생활과 기업 활동 전반에 큰 영향을 미칠 수 있는 중대한 경제 지표입니다.

이번 환율 급등은 미국의 예상보다 늦어진 금리 인하와 불안정한 중동 정세가 복합적으로 작용한 결과로 분석됩니다. 고금리 장기화 우려 속에 달러 강세가 심화되고, 상대적으로 원화 약세가 두드러지면서 발생한 현상입니다.

환율 상승은 즉각적으로 수입 물가 상승을 유발하여 장바구니 물가를 압박하며, 해외여행이나 유학을 준비하는 국민들에게도 직접적인 부담으로 작용합니다. 정부는 관계 기관 합동으로 외환 시장 점검 회의를 개최하고, 시장 안정화 조치에 나설 것임을 밝혔습니다. 앞으로 환율 추이와 정부의 대응에 귀추가 주목됩니다.

#환율폭등 #경제위기징조 #글렌드리포트",21,0,0,78,3,0,0,,
18312369487280017,2026-03-23T00:25:19+0000,FEED,CAROUSEL_ALBUM,https://www.instagram.com/p/DWNO1TRku2-/,3,0,"인공지능 로봇이 국내 병원 수술실에 본격적으로 등장하며, 의료계에 혁신적인 변화를 예고하고 있습니다.

정교한 움직임과 빅데이터 기반의 분석 능력으로 의사의 수술을 보조하고, 환자 맞춤형 치료를 가능하게 하는 이 기술은 의료의 질을 한 단계 끌어올릴 잠재력을 가졌습니다. 특히 복잡하고 미세한 수술에서 인간의 한계를 보완하며 성공률을 높이는 데 기여할 것으로 기대됩니다.

그러나 새로운 기술 도입에는 늘 신중한 접근이 필요합니다. 높은 초기 투자 비용과 만에 하나 발생할 수 있는 시스템 오류, 그리고 의료인과 로봇 간의 명확한 역할 정립은 우리가 풀어야 할 과제입니다. 기술의 발전만큼 중요한 것은 의료진의 숙련도 향상과 윤리적 가이드라인 마련일 것입니다.

글렌드는 이처럼 빠르게 변화하는 의료 기술의 흐름을 주목하며, 안전하고 효율적인 의료 시스템 구축을 위한 논의가 활발히 이루어지기를 기대합니다.

#의료AI #로봇수술 #미래의료",17,0,0,49,3,0,0,,
17906594487386638,2026-03-22T08:24:37+0000,FEED,CAROUSEL_ALBUM,https://www.instagram.com/p/DWLg6PklC_7/,4,0,"최근 뇌 노화를 10년이나 늦출 수 있는 식단 비법이 공개되어 큰 화제를 모으고 있습니다.

바로 'MIND 식단'으로, 뇌 건강에 필수적인 3가지 식품은 늘리고, 뇌 기능에 해로운 3가지 식품은 줄이는 것이 핵심입니다.

이 식단은 인지 기능 저하 예방과 기억력 증진에 효과적인 것으로 알려져 있으며, 꾸준히 실천할 경우 장기적인 뇌 건강에 긍정적인 영향을 미칠 수 있습니다. 건강한 식단으로 젊은 뇌를 유지하세요!
#뇌노화 #건강식단 #마인드식단",18,0,0,32,4,1,0,,
18569834656040873,2026-03-22T06:40:46+0000,FEED,CAROUSEL_ALBUM,https://www.instagram.com/p/DWLVATeFu_Y/,3,0,"최근 전국적으로 일교차가 20도 가까이 벌어지며 건강에 비상이 걸렸습니다.

아침저녁으로는 쌀쌀한 날씨가 이어지지만, 한낮에는 기온이 크게 오르면서 하루에도 여러 계절을 경험하는 듯한 변화를 보이고 있습니다.

이러한 급격한 기온 변화는 면역력을 약화시키고 감기 등 호흡기 질환에 취약하게 만듭니다. 옷차림을 가볍게 여러 겹 입고, 충분한 수분 섭취와 규칙적인 생활 습관으로 건강 관리에 유의해야 합니다.
#일교차 #환절기 #건강관리",15,0,0,44,3,0,0,,
17912529258166636,2026-03-22T06:14:04+0000,FEED,CAROUSEL_ALBUM,https://www.instagram.com/p/DWLR97bjjMW/,4,0,"최근 방송에서 환희가 어머니의 숨겨진 희생을 알고 눈물을 쏟아 시청자들을 뭉클하게 했습니다.

어린 시절 무뚝뚝하게만 느껴졌던 어머니가 자신을 위해 빚까지 내며 뒷바라지했다는 사실을 뒤늦게 알게 된 것입니다.

이러한 가족의 헌신은 많은 이들에게 감동을 주며, 스타들의 성공 뒤에 숨겨진 이야기들이 더욱 큰 울림을 선사합니다. 환희의 고백은 부모님의 사랑과 희생의 의미를 다시 한번 되새기는 계기가 되었습니다.
#환희 #살림남2 #가족사랑",18,0,0,42,4,1,0,,
17915215653145365,2026-03-22T04:52:10+0000,FEED,CAROUSEL_ALBUM,https://www.instagram.com/p/DWLIk0FkZiy/,2,0,"게이밍 그래픽의 미래를 바꿀 엔비디아 DLSS 광선 재구성 기능이 AMD RX 7900 XTX에서도 포착되며 기술 혁신에 대한 기대감이 커지고 있습니다. 이 기술은 게임 내 광원 효과를 더욱 현실적이고 몰입감 있게 재현하여 차원이 다른 시각적 경험을 제공합니다.

과거 특정 제조사의 하드웨어에서만 지원되던 기능들이 점차 확장되며, 다양한 그래픽카드 사용자들이 최첨단 기술의 혜택을 누릴 수 있게 될 것으로 보입니다.

이는 게이머들에게 더욱 풍부한 시각적 즐거움을 선사하고, 게임 개발사에게는 새로운 표현의 자유를 제공하며 차세대 게임 경험을 위한 경쟁을 더욱 가속화할 것입니다.
#DLSS #게이밍기술 #그래픽카드",14,0,0,41,2,2,0,,
18130693003477992,2026-03-22T04:06:22+0000,FEED,CAROUSEL_ALBUM,https://www.instagram.com/p/DWLDVTMEcx-/,4,0,"게임 업계에 충격적인 소식이 전해졌습니다. 소니가 '블루포인트 게임즈 폐업'이라는 민감한 내부 정보를 유출한 직원을 징계했다는 사실이 밝혀진 것입니다.

이 사건은 기업 내부 정보 관리의 허점을 드러냄과 동시에, 정보 유출이 회사에 미치는 심각한 영향과 보안의 중요성을 다시 한번 일깨워주고 있습니다. 단순한 인사 조치를 넘어 업계 전반에 걸쳐 보안 시스템 강화의 필요성이 대두되고 있습니다.

블루포인트 게임즈의 실제 폐업 여부와 관계없이, 이 사건은 게임 업계의 투명성과 정보 관리 윤리에 대한 논의를 촉발시킬 것으로 예상됩니다.
#소니 #정보유출 #게임산업",16,0,0,50,4,0,0,,
18101230639822608,2026-03-22T01:26:18+0000,FEED,CAROUSEL_ALBUM,https://www.instagram.com/p/DWKxCJ_EnlP/,4,0,"세포 코드의 재작성'이라는 혁신적인 개념이 영양유전체학을 통해 현실화되고 있습니다. 개인의 유전자 정보에 기반하여 맞춤형 영양 전략을 수립, 염증성 재프로그래밍에 맞서는 새로운 길이 열리고 있습니다.

이 기술은 단순히 영양 섭취를 넘어, 우리 몸의 세포 수준에서 질병 발생의 근본 원인을 제어하고 예방할 수 있는 가능성을 제시합니다. 만성 염증 질환으로 고통받는 이들에게 희망을 주며, 미래 의학의 중요한 축이 될 것입니다.

맞춤형 건강 관리 시대를 예고하는 영양유전체학의 발전이 우리의 삶을 어떻게 변화시킬지 주목됩니다.
#영양유전체학 #세포코드 #맞춤형건강",12,0,0,35,4,0,0,,
18091390667148897,2026-03-21T23:02:40+0000,FEED,CAROUSEL_ALBUM,https://www.instagram.com/p/DWKgmQsk1mM/,3,0,"여성 보컬 그룹의 전설' 씨야(SeeYa)가 재결합 후 첫 팬미팅 'RE:BLOOM' 티켓을 오픈하자마자 전석 매진이라는 기염을 토했습니다. 이는 오랜 시간 씨야를 기다려온 팬들의 뜨거운 사랑과 향수가 여전하다는 것을 방증합니다.

이번 팬미팅은 단순히 과거의 영광을 되새기는 자리를 넘어, 멤버들과 팬들이 함께 새로운 시작을 축하하는 감동적인 재회의 장이 될 것으로 기대됩니다.

다시 한번 뭉친 씨야가 어떤 음악과 퍼포먼스로 팬들의 마음을 사로잡을지, 그들의 'RE:BLOOM'에 많은 관심이 쏠리고 있습니다.
#씨야 #재결합 #팬미팅",13,0,0,61,3,2,0,,
18074418185183533,2026-03-21T21:03:11+0000,FEED,CAROUSEL_ALBUM,https://www.instagram.com/p/DWKS7LpEdbx/,3,0,"광화문 광장을 수놓은 BTS의 '아리랑' 무대가 10만 아미의 함성으로 뜨겁게 달아올랐습니다. K-POP과 한국의 전통 아리랑이 어우러진 이번 공연은 단순한 콘서트를 넘어선 문화적 이벤트였습니다.

BTS는 자신들만의 색깔로 아리랑을 재해석하며 전 세계 팬들에게 한국의 아름다움을 각인시켰습니다. 현장을 가득 메운 팬들은 ""아라리요""를 외치며 아티스트와 하나 되는 잊지 못할 경험을 했습니다.

이 무대는 K-POP이 가진 무한한 가능성과 문화 전파력을 다시 한번 입증하며, 앞으로 BTS가 보여줄 새로운 도전에 대한 기대를 높였습니다.
#BTS #아리랑 #광화문",21,0,0,68,3,0,0,,
18049465259722142,2026-03-21T13:21:22+0000,FEED,CAROUSEL_ALBUM,https://www.instagram.com/p/DWJeEsYFavG/,3,0,"치솟는 집값과 전세난 속에서 '나만의 공간'을 꿈꾸는 이들이 늘고 있습니다. 특히 MZ세대를 중심으로 '작은 집' 열풍이 불며 새로운 주거 형태가 주목받고 있습니다.

초소형 주택, 이동형 주택, 코리빙 하우스 등은 높은 주거비 부담을 덜고 효율적인 공간 활용을 추구하는 대안으로 떠오릅니다. 단순히 면적이 작은 것이 아니라, '미니멀 라이프'와 '실속'을 중시하는 가치관이 반영된 결과입니다.

이는 경제적 자유를 추구하고 환경 보호에 동참하려는 젊은 세대의 라이프스타일 변화를 보여줍니다. 작은 공간에서 더 큰 행복을 찾는 신개념 주거 방식은 앞으로도 계속 진화할 것으로 보입니다.
#작은집 #미니멀라이프 #신개념주거",9,0,0,32,3,0,0,,
18426721264189906,2026-03-21T12:08:41+0000,FEED,CAROUSEL_ALBUM,https://www.instagram.com/p/DWJVvMdkVoe/,4,0,"최근 발표된 소비자물가지수가 심상치 않습니다. 외식비, 식료품비 등 생활 전반의 비용이 치솟아 가계 부담이 역대급으로 늘어나고 있습니다.

소비자들은 허리띠를 졸라매고 있지만, 물가 상승세는 꺾일 기미를 보이지 않고 있습니다. 국제 정세 불안정과 공급망 차질이 해소되지 않는 한 고물가 시대는 계속될 것이라는 암울한 전망도 나옵니다.

정부는 물가 안정을 위한 다양한 정책을 추진 중이지만, 실질적인 체감 효과를 내기 위해서는 보다 강력하고 근본적인 대책이 필요해 보입니다. 서민 경제의 어려움이 가중되지 않도록 모두의 관심이 절실합니다.
#고물가 #물가상승 #경제위기",11,0,0,46,4,0,0,,
18066138179320241,2026-03-21T11:34:40+0000,FEED,CAROUSEL_ALBUM,https://www.instagram.com/p/DWJR166kfvl/,3,0,"공동주택 거주자들에게 층간소음은 단순한 소음 이상의 문제입니다. 이웃 간의 갈등을 넘어 극단적인 상황까지 초래하는 심각한 사회 문제로 대두되고 있습니다.

코로나19 팬데믹 이후 집에 머무는 시간이 늘면서 층간소음 민원은 더욱 증가했습니다. 아이들의 뛰는 소리, 생활 소음 등이 반복되면서 스트레스와 분노가 쌓여 이웃 간의 감정싸움으로 번지기 일쑤입니다.

법적 기준 강화와 중재 노력도 중요하지만, 가장 필요한 것은 이웃을 이해하고 배려하는 마음입니다. 또한 건설사들은 층간소음 저감 기술 개발에 더욱 투자하여 주거 환경 개선에 힘써야 합니다.
#층간소음 #이웃갈등 #공동주택",10,0,0,34,3,0,0,,
17991452672946730,2026-03-21T11:19:25+0000,FEED,CAROUSEL_ALBUM,https://www.instagram.com/p/DWJQGd1FOm8/,3,0,,13,0,0,36,3,2,0,,
18116371228569787,2026-03-21T10:21:23+0000,FEED,CAROUSEL_ALBUM,https://www.instagram.com/p/DWJJdSEFuUl/,3,0,"뜨개질'이 단순히 취미를 넘어 정신 건강에 긍정적인 효과를 준다는 연구 결과들이 주목받고 있습니다. 반복적인 손동작과 집중력 요구는 스트레스 완화와 불안 감소에 기여하며, 심지어 우울증 개선에도 도움이 된다는 분석입니다.

바쁜 현대 사회에서 디지털 기기에 지친 현대인들에게 뜨개질과 같은 아날로그 활동은 새로운 힐링 방안을 제시합니다.

일상 속 작은 변화를 통해 마음의 평화를 찾아보는 건 어떨까요? 뜨개질이 당신의 삶에 긍정적인 에너지를 불어넣어 줄지도 모릅니다.
#뜨개질효과 #마음건강 #스트레스해소",11,0,0,38,3,0,0,,
18114919342640592,2026-03-21T07:26:41+0000,FEED,CAROUSEL_ALBUM,https://www.instagram.com/p/DWI1dkqka2n/,3,0,"한때 변방으로 여겨지던 스킨부스터 시장이 국내 미용 산업의 한 축으로 급부상하며 놀라운 존재감을 과시하고 있습니다. KIMES 등 주요 박람회에서 높은 관심을 받으며 K-뷰티의 새로운 성장 동력으로 자리매김하고 있다는 분석입니다.

이는 외모 관리와 자기 관리에 대한 사회적 관심이 높아지고, 비침습적 시술에 대한 선호도가 증가하는 트렌드를 반영합니다.

다만, 급성장하는 시장인 만큼 효과와 안정성에 대한 철저한 검증과 더불어 적절한 규제 마련이 지속적인 성장을 위한 과제로 남아있습니다.
#스킨부스터 #K뷰티 #미용트렌드",11,0,0,40,3,7,0,,
18069667250255049,2026-03-21T06:02:30+0000,FEED,CAROUSEL_ALBUM,https://www.instagram.com/p/DWIr1DVltSf/,3,0,"카타르발 LNG 공급 차질이 장기화될 조짐을 보이며, 국내 전기료 인상 압박이 거세지고 있습니다. 이는 단순히 가계 부담 증가를 넘어, 전력 의존도가 높은 국내 산업의 경쟁력 약화로 이어질 수 있는 심각한 문제입니다.

정부의 신속하고 효과적인 에너지 수급 대책 마련이 시급합니다. 중장기적 에너지 전략 재검토와 함께, 단기적인 충격을 완화할 수 있는 지원 방안도 모색되어야 할 때입니다.

에너지 안보는 곧 국가 경제 안보입니다. 이번 사태가 우리 경제에 미칠 파장을 주시하고, 현명한 대응책을 찾아야 합니다.
#LNG대란 #전기료인상 #에너지안보",13,0,0,41,3,0,0,,
18212891248320961,2026-03-21T05:02:10+0000,FEED,CAROUSEL_ALBUM,https://www.instagram.com/p/DWIk7JskdO9/,3,0,"프로야구 첫 시민구단 울산 웨일즈가 홈 개막전에서 아쉽게 패배했습니다. 지역 팬들의 뜨거운 기대 속에 시작된 첫 경기였기에 더욱 쓰라린 결과였지만, 이는 새로운 역사를 써나갈 웨일즈에게 성장의 밑거름이 될 것입니다.

첫 승을 향한 그들의 도전은 이제 시작입니다. 다음 경기에서는 승전보를 전할 수 있을지 기대됩니다.

#울산웨일즈 #프로야구 #시민구단",14,0,0,49,3,0,0,,
17958804012065595,2026-03-21T03:46:24+0000,FEED,CAROUSEL_ALBUM,https://www.instagram.com/p/DWIcRoLDl8N/,3,0,"이탈리아가 호르무즈 해협 파병에 선을 그으며 '전쟁의 일부가 되기 원치 않는다'는 입장을 밝혔습니다. 이는 불안정한 중동 정세 속에서 유럽 국가들이 취하는 신중한 태도를 보여줍니다.

안보와 경제적 이익 사이에서 유럽의 딜레마가 깊어지는 가운데, 국제사회는 과연 평화 유지와 개입 사이에서 어떤 선택을 할지 주목됩니다.

#이탈리아 #호르무즈 #유럽의선택",15,0,0,48,3,1,0,,
17959518987067685,2026-03-21T01:23:37+0000,FEED,CAROUSEL_ALBUM,https://www.instagram.com/p/DWIL6hPE4Rc/,6,1,"맨유 주장이 23년 묵은 '기묘한 기록'에 도전하며 축구 전설 앙리와 KDB의 위업을 넘보고 있습니다. 이는 단순히 개인 기록을 넘어 팀의 역사에 위대한 발자취를 남길 기회입니다.

과연 그는 레전드의 반열에 오르며 맨유의 미래를 결정할 역사적인 순간을 만들어낼 수 있을까요? 팬들의 기대감이 고조되고 있습니다.

#맨유 #축구기록 #레전드도전",24,0,0,80,7,2,0,,
18074342597393233,2026-03-21T00:29:49+0000,FEED,CAROUSEL_ALBUM,https://www.instagram.com/p/DWIFwbsE8EY/,4,0,"MSI가 세계적인 격투 게임 대회의 공식 모니터 파트너로 선정되었습니다. 이는 급성장하는 e스포츠 시장에서 고성능 게이밍 장비의 중요성을 다시 한번 강조하는 동시에, MSI의 기술력을 전 세계 게이머들에게 각인시킬 기회입니다.

선수들의 몰입감을 극대화하고 최상의 퍼포먼스를 지원하는 MSI의 모니터가 앞으로 e스포츠의 새로운 지평을 열지 기대됩니다.

#MSI #e스포츠 #게이밍모니터",17,0,0,56,4,0,0,,
18004760768904098,2026-03-20T22:50:40+0000,FEED,CAROUSEL_ALBUM,https://www.instagram.com/p/DWH6bUWGjW1/,5,0,"애플이 맥, 아이폰, 아이패드에 백그라운드 보안 업데이트를 처음으로 도입했습니다. 이는 사용자의 편의성을 높이면서도 최신 보안 위협에 더욱 신속하게 대응하기 위한 조치로 풀이됩니다.

과연 이번 업데이트가 개인 정보 보호와 보안 강화에 얼마나 기여할지, 그리고 사용자들은 안심하고 애플 기기를 사용할 수 있을지 관심이 집중됩니다.

#애플 #보안업데이트 #개인정보보호",17,0,0,67,5,2,0,,
18041082146770181,2026-03-20T22:16:41+0000,FEED,CAROUSEL_ALBUM,https://www.instagram.com/p/DWH2hY0k-at/,3,0,"[속보] 대전 공장 화재 현장에서 다수의 시신이 발견되어 충격을 주고 있습니다. 소방당국은 6명으로 추정하고 있으며, 현재 화재 원인과 함께 정확한 인명 피해 규모를 파악 중입니다. 안타까운 희생자들을 애도하며, 다시는 이러한 비극이 반복되지 않도록 산업 현장의 안전 관리와 제도 개선이 시급합니다. 우리 사회의 안전 불감증에 대한 경종을 울리는 사고입니다.

#대전공장화재 #안전불감증 #산업안전",22,0,0,54,3,0,0,,
17890780284444769,2026-03-20T22:06:51+0000,FEED,CAROUSEL_ALBUM,https://www.instagram.com/p/DWH1ZInk2_U/,3,0,"유산소 운동보다 악력이 노년 여성의 사망 위험을 낮춘다는 놀라운 연구 결과가 나왔습니다. 이는 단순히 근육의 힘을 넘어 전반적인 건강과 깊은 관련이 있음을 시사합니다.

특히 근감소증 예방 및 노년기 삶의 질 향상에 악력 운동이 중요함을 다시 한번 일깨웁니다. 건강 수명 연장을 위해 악력 운동, 오늘부터 시작해 보는 건 어떨까요?

#악력의힘 #노년건강 #사망률감소",14,0,0,41,3,0,0,,
18169846234399980,2026-03-20T21:28:27+0000,FEED,CAROUSEL_ALBUM,https://www.instagram.com/p/DWHxAHckzpN/,2,0,"원-달러 환율이 심리적 마지노선 1500원대를 이틀 연속 돌파했습니다. 이는 2008년 금융위기 이후 16년 만에 처음 있는 일로, 우리 경제 전반에 비상이 걸렸음을 알리는 강력한 신호입니다.

고환율은 수입 물가 상승으로 이어져 서민들의 장바구니 부담을 가중시키고 기업들의 해외 원자재 수입 비용을 증가시켜 수익성을 악화시킬 수 있습니다. 특히 에너지 및 필수 소비재 가격 인상은 소비 위축과 경기 둔화로 이어질 가능성이 큽니다.

정부와 한국은행은 외화 유출을 막고 시장 안정화를 위한 신속하고 강력한 대책 마련이 시급합니다. 과연 이 난국을 어떻게 헤쳐나갈지 귀추가 주목됩니다.
#환율폭등 #경제위기 #고환율시대",13,0,0,41,2,1,0,,
18124630837585156,2026-03-20T13:06:23+0000,FEED,CAROUSEL_ALBUM,https://www.instagram.com/p/DWG3i2Plkpq/,3,0,"아이폰17e'가 가격은 낮추고 완성도는 높이는 반전 전략으로 출시되었습니다. 기존 아이폰의 프리미엄 이미지는 유지하면서도, 더 많은 소비자들이 접근할 수 있도록 가성비를 극대화했다는 평가입니다.

덜어낸 것은 가격뿐이라는 평가처럼, 핵심 기능과 성능은 대폭 개선되어 사용자 경험을 한층 더 끌어올렸다는 분석이 나옵니다. 이는 고가 전략에 지쳐있던 소비자들에게 새로운 선택지가 될 수 있습니다.

이번 '아이폰17e'의 출시는 글로벌 스마트폰 시장의 판도에 적지 않은 영향을 미칠 것으로 예상됩니다. 애플의 이러한 전략이 경쟁사들을 자극하여 소비자들에게 더 좋은 제품들이 출시될지 귀추가 주목됩니다.
#아이폰17e #가성비폰 #스마트폰시장",16,0,0,51,3,1,0,,
18045135767725699,2026-03-20T09:40:21+0000,FEED,CAROUSEL_ALBUM,https://www.instagram.com/p/DWGf-A3FFOu/,4,0,"글로벌 반도체 시장이 격동의 시기를 맞고 있습니다. 테슬라를 능가하는 기술력을 선보인 AMD가 삼성전자에 러브콜을 보내며, 공급망 전략의 핵심 열쇠를 삼성전자가 쥐게 되었습니다. 이는 미중 반도체 경쟁 속에서 한국 반도체 산업의 위상을 다시 한번 확인시켜주는 대목입니다.

고성능 AI 반도체 수요가 폭증하는 가운데, 파운드리 시장 경쟁은 더욱 심화될 전망입니다. 삼성전자가 이번 기회를 통해 기술 초격차를 더욱 벌리고 시장 지배력을 강화할 수 있을지 주목됩니다.

글로벌 공급망 재편의 흐름 속에서 한국 반도체 기업들이 어떤 전략으로 미래 기술 패권을 확보할지 귀추가 주목됩니다.
#반도체 #삼성전자 #AMD",16,0,0,44,4,0,0,,
17879709876530788,2026-03-20T09:26:30+0000,FEED,CAROUSEL_ALBUM,https://www.instagram.com/p/DWGeYTJlptN/,2,0,"장기화되는 고금리 상황이 자영업자들을 벼랑 끝으로 내몰고 있습니다. 역대급 폐업이 속출하며, 이는 곧 가계대출 부실로 이어져 한국 경제의 뇌관으로 작용할 수 있다는 우려가 커지고 있습니다.

특히, 대출에 의존해 버텨온 많은 자영업자들이 한계를 맞으며 서민 경제 전반에 먹구름이 드리워지고 있습니다. 소비 위축과 경기 침체의 악순환이 심화될 가능성이 높습니다. 정부의 추가적인 지원책과 금리 정책 변화가 시급한 상황입니다. 이 위기 속에서 한국 경제는 연착륙할 수 있을까요?

#자영업폐업 #고금리여파 #경제위기",13,0,0,36,2,0,0,,
17936508567030749,2026-03-20T09:02:28+0000,FEED,CAROUSEL_ALBUM,https://www.instagram.com/p/DWGboa_FhiP/,3,0,"K-팝의 전설, BTS가 화려하게 복귀하며 전 세계 팬들과 외신들의 뜨거운 시선을 한몸에 받고 있습니다. 단순한 컴백을 넘어, 이는 다시 한번 한국 문화 산업의 글로벌 위상을 공고히 하는 상징적인 사건입니다.

BTS는 그동안 엄청난 경제적 파급 효과를 입증해왔습니다. 앨범 판매, 투어 수익은 물론, 관련 상품 및 콘텐츠 수출, 관광 산업 활성화에 이르기까지 'BTS 효과'는 상상 이상입니다. 이번 컴백을 통해 K-팝과 한국 브랜드의 가치가 더욱 상승할 것으로 기대됩니다.

이들의 활동은 엔터테인먼트를 넘어 국가 브랜딩에도 크게 기여하고 있습니다. 문화가 경제 성장을 견인하는 새로운 패러다임을 제시하며, 한국 경제의 미래 성장 동력으로서 지속적인 관심과 지원이 필요합니다.

#BTS컴백 #K팝경제 #문화강국",18,0,0,55,3,3,0,,
18098995304490308,2026-03-20T08:15:22+0000,FEED,CAROUSEL_ALBUM,https://www.instagram.com/p/DWGWPagFMvz/,2,0,"독일 연구진이 암세포가 신경망을 '하이재킹'하여 전이한다는 충격적인 메커니즘을 규명했습니다. 이는 암 치료의 새로운 패러다임을 열 중요한 과학적 발견으로 평가받고 있습니다.

이번 연구 결과는 암 전이 과정을 이해하고, 이를 표적으로 하는 혁신적인 치료법 개발에 결정적인 단서를 제공합니다. 글로벌 제약 및 바이오 산업은 물론, 관련 스타트업들의 연구 개발 투자에도 막대한 영향을 미칠 것입니다.

아직 갈 길이 멀지만, 신경망과의 상호작용을 차단하는 새로운 치료 전략이 현실화될 경우, 난치성 암 환자들에게 희망을 줄 수 있습니다. 인류의 숙명과 같았던 암 정복에 한 걸음 더 다가가는 중요한 진전입니다.

#암세포전이 #바이오혁신 #의료미래",14,0,0,32,2,0,0,,
17866033887599709,2026-03-20T06:49:45+0000,FEED,CAROUSEL_ALBUM,https://www.instagram.com/p/DWGMcTmERW4/,3,0,"중동 호르무즈 해협의 긴장이 고조되는 가운데, 트럼프 전 대통령이 일본에 파병 압박을 가한 사실이 알려지며 국제 사회에 미묘한 기류가 감지됩니다. 이는 미국의 동맹국들에게 중동 안보 부담을 분담하라는 강력한 메시지로 해석됩니다.

유럽과 아시아 동맹국들은 중동 정세 불안이 자국 경제에 미칠 영향을 고려하며 신중한 입장을 취하고 있습니다. 특히 한국 역시 호르무즈 해협의 안보에 직접적인 이해관계를 가지고 있어, 이러한 국제적 압박과 동맹국 간의 셈법은 더욱 복잡해질 수 있습니다.

이는 단순히 중동 안보 문제를 넘어, 미국 우선주의 외교 기조가 동맹 관계에 어떤 변화를 가져올지 보여주는 단면입니다. 한국 정부는 국제적 공조와 국익을 동시에 고려한 현명한 외교 전략 마련이 시급합니다.

#호르무즈파병 #동맹외교 #중동위기",10,0,0,34,3,1,0,,
18092714755888507,2026-03-20T06:19:03+0000,FEED,CAROUSEL_ALBUM,https://www.instagram.com/p/DWGI7jUFjr6/,5,0,"BTS가 선보인 '아리랑'은 단순한 공연을 넘어, 우리 전통 문화유산의 놀라운 재탄생을 알렸습니다. 가장 한국적인 것이 가장 세계적일 수 있음을 증명하며, 아리랑에 새 생명을 불어넣었습니다.

전통적인 아리랑 가락에 현대적인 K-팝의 감각이 더해져, 전 세계 팬들이 쉽게 접하고 즐길 수 있는 형태로 변모했습니다. 이는 문화유산의 글로벌 대중성을 확보하는 성공적인 전략이었습니다.

K-팝의 영향력을 활용하여 우리 전통 문화유산을 현대적으로 재해석하고 계승하는 것은 매우 중요한 과제입니다. '아리랑'처럼 우리의 빛나는 유산들이 세계 무대에서 더욱 빛날 수 있는 방법을 모색해야 합니다.
#아리랑 #문화유산 #BTS",15,0,0,54,5,1,0,,
18057639050457759,2026-03-20T06:12:27+0000,FEED,CAROUSEL_ALBUM,https://www.instagram.com/p/DWGIMRElVW-/,2,0,"구글이 코딩을 넘어 완성형 앱을 만드는 '풀스택 바이브 코딩'을 공개했습니다. 이는 AI가 단순한 코드 작성을 넘어 전체 개발 과정을 주도할 수 있음을 의미하며, 소프트웨어 개발 산업에 혁명적인 변화를 예고합니다.

앱 개발 속도는 획기적으로 빨라지고, 적은 인력으로도 고품질 앱을 만들 수 있게 될 것입니다. 이러한 기술 발전은 개발자의 역할을 재정의하고, AI와의 협업 능력이 핵심 역량이 되는 새로운 시대의 도래를 알립니다. 미래의 개발자는 AI를 활용해 더 창의적이고 복잡한 문제 해결에 집중하게 될 것입니다. 변화하는 기술 환경 속에서 우리는 무엇을 준비해야 할까요?

#구글AI #풀스택코딩 #개발자미래",11,0,0,22,2,2,0,,
18096962335819978,2026-03-20T06:12:09+0000,FEED,CAROUSEL_ALBUM,https://www.instagram.com/p/DWGII8kFng-/,2,0,"미국이 고유가 상황을 해결하기 위해 이란 원유 제재 완화를 검토하고 있습니다. 이는 에너지 시장의 불안정성을 해소하기 위한 고육지책으로 보이지만, 동시에 러시아에 이어 이란에게도 '전쟁 자금'을 대주는 꼴이 될 수 있다는 비판에 직면했습니다.

이란 원유의 공급 증가는 단기적으로 국제 유가를 안정시킬 수 있지만, 서방 국가들의 대러시아 제재 명분과 효과를 약화시킬 수 있습니다. 중동 정세는 물론 글로벌 에너지 지정학에 큰 변화를 가져올 수 있는 민감한 결정입니다. 한국 경제 역시 유가 변동에 민감하게 반응하는 만큼, 미국 정책 변화의 파급 효과를 예의주시해야 할 시점입니다.

#유가급등 #이란제재 #글로벌경제",13,0,0,49,2,0,0,,
18095953283003604,2026-03-20T06:04:49+0000,FEED,CAROUSEL_ALBUM,https://www.instagram.com/p/DWGHTLblluy/,2,0,"대한민국이 초고령사회 진입을 눈앞에 두면서 연금 개혁 논의가 다시금 뜨거워지고 있습니다. 연금 고갈 문제는 미래 세대에게 막대한 부담으로 작용할 것이 분명하며, 더 이상 미룰 수 없는 과제가 되었습니다.

보험료 인상, 수령액 삭감 등 민감한 이슈들이 첨예하게 대립하면서 세대 간 갈등의 골이 깊어지고 있습니다. 정부는 '더 내고 덜 받는' 방안을 포함한 다양한 개혁안을 제시하며 사회적 합의를 이끌어내려 하지만, 이해관계자들의 반발 또한 만만치 않습니다. 지속 가능한 연금 제도를 위한 현명한 선택이 필요합니다.

#연금개혁 #초고령사회 #미래세대",12,0,0,40,2,4,0,,
18192823870360318,2026-03-20T04:39:15+0000,FEED,CAROUSEL_ALBUM,https://www.instagram.com/p/DWF9iGVE05z/,3,0,"취업 준비생들을 가장 당혹스럽게 만들었던 채용 공고 속 한마디, '연봉은 회사 내규에 따름'이 조만간 사라질 전망입니다. 

정부는 최근 열린 노동정책 토론회에서 기업들이 채용 공고 시 임금을 구체적으로 공개하지 않는 이른바 깜깜이 채용 관행을 개선하겠다고 밝혔습니다.

 그동안 수많은 기업이 연봉을 면접 후 협의나 내규라는 표현 뒤에 숨겨왔는데, 이는 지원자들의 정보 접근성을 차단하고 청년층의 저임금을 고착화시킨다는 지적을 받아왔습니다.

 현재 법적으로 임금 정보는 필수 공고 항목이 아니기에 기업들이 이를 영업 비밀로 취급하며 비공개해 왔지만, 이제는 구직자의 알 권리를 보장하기 위해 제도적 변화가 시작된 것입니다.

 고용노동부는 유럽의 사례처럼 특정 직종에 취업할 때 어느 정도의 대가를 받을 수 있는지 미리 알 수 있도록 산업별 표준 임금 정보를 제공할 계획입니다. 이는 동일 가치 노동에 대해 동일한 임금을 지급해야 한다는 헌법적 가치를 실현하기 위한 조치로, 정부가 직접 임금 데이터를 취합하여 노사 협상의 기준점으로 삼겠다는 구상입니다.

 대통령 또한 이러한 개편 방향에 대해 매우 일리 있는 제안이라며 적극적인 호응을 보인 만큼, 채용 시장의 투명성을 높이는 정책에 속도가 붙을 것으로 보입니다. 내가 일한 만큼 정당한 대우를 받을 수 있는지 미리 확인할 수 있는 사회.

 이러한 변화가 만연했던 채용 시장의 정보 불균형을 해소하고, 청년들이 자신의 미래를 더 확신하며 설계할 수 있는 든든한 토대가 될 수 있을까요? 여러분이 생각하는 채용 공고의 가장 필수적인 정보는 무엇인가요?",16,0,0,47,3,0,0,,
18061617890369454,2026-03-19T07:28:21+0000,FEED,CAROUSEL_ALBUM,https://www.instagram.com/p/DWDsFxDk65P/,3,0,"어제 본 항공권 가격이 오늘 100만 원이나 올랐다면, 여러분은 어떤 기분이 드실까요? 올여름 유럽 여행을 계획하던 직장인들 사이에서 항공권 가격 폭등으로 인한 이른바 멘붕 사태가 벌어지고 있습니다.

 최근 국제 유가 변동성과 환율 상승이 겹치면서 국제선 유류할증료가 가파르게 오르고 있기 때문입니다. 특히 유럽과 같은 장거리 노선은 유류할증료 인상분만으로도 가족 단위 여행 시 추가 비용이 100만 원 이상 발생하는 사례가 속출하고 있습니다.

 불과 하루 차이로 결제를 망설이다가 가까운 해외여행을 한 번 더 갈 수 있는 비용을 날리게 된 셈입니다. 현재 국제선 여객 수요는 8,800만 명 수준으로 코로나19 이전의 98%까지 회복되며 여행 열기가 뜨겁지만, 치솟는 운임이 가장 큰 변수로 떠올랐습니다. 

 여행업계에 따르면 유류할증료가 단계적으로 계속 인상되면서 조금이라도 저렴할 때 티켓을 확보하려는 선발권 움직임이 확산하고 있습니다. 하지만 무턱대고 결제를 서두르는 것도 위험합니다. 

 특가 항공권의 경우 일정 변경이나 취소 시 1인당 수십만 원의 위약금이 발생할 수 있어, 단순히 가격 상승만 보고 결제하기보다는 환불 조건을 꼼꼼히 따져보는 전략이 필요합니다. 

 중동 지역의 긴장과 환율 변동성으로 인해 당분간 항공권 가격의 불안정성은 지속될 것으로 보입니다. 설레는 여행 준비가 스트레스가 되지 않도록, 지금은 어느 때보다 냉철하고 계획적인 예약 전략이 절실한 시점입니다. 

 계속 오르는 항공권 가격 앞에서 여러분이 생각하는 가장 현명한 예약 타이밍은 언제인가요?",17,0,0,66,3,1,0,,
18053056346703042,2026-03-19T04:30:27+0000,FEED,CAROUSEL_ALBUM,https://www.instagram.com/p/DWDXuxLk8MK/,4,0,"어느 날 아침 거울 속에서 발견한 동전 크기의 빈 공간은 단순한 노화의 신호가 아닙니다.

 최근 25세에서 36세 사이의 젊은 층을 중심으로 원형탈모 환자가 급증하며 3040 세대의 삶의 질을 심각하게 위협하고 있습니다. 

 원형탈모는 단순히 머리카락이 빠지는 미용상의 문제를 넘어, 우리 몸의 면역체계가 자신의 모낭을 공격하는 명백한 자가면역 질환입니다.

 특히 환자의 80% 이상이 극심한 삶의 질 저하를 느끼고 40%가 우울감을 경험할 만큼 신체적 증상보다 더 무서운 심리적 고통을 동반하는 것이 특징입니다. 이 질환의 무서운 점은 경과를 전혀 예측할 수 없다는 것입니다.

 초기에는 작은 동전 모양으로 시작되지만, 적절한 치료 시기를 놓치면 눈썹이나 수염은 물론 전신의 털이 빠지는 전신탈모증으로 악화될 수도 있습니다. 유전적 요인과 스트레스, 불규칙한 생활 습관이 복합적으로 작용하여 발생하며 한두 번의 호전 이후에도 환경적 자극에 따라 언제든 재발할 수 있는 만성 염증성 질환입니다.

 민간요법에 의존하며 시간을 허비하기보다 초기 단계에서 스테로이드 주사나 약물 치료를 통해 염증을 조절하는 것이 무엇보다 중요합니다. 완벽한 예방법은 없지만 규칙적인 수면과 균형 잡힌 식단, 그리고 나만의 스트레스 관리법을 찾는 것이 가장 현실적인 방어 기제입니다.

 단순한 탈모가 아닌 내 몸이 보내는 적신호로 인식하고 전문가를 찾는 용기가 필요합니다. 풍성한 머릿결보다 더 소중한 것은 당신의 마음 건강입니다.

 갑작스러운 외모 변화로 위축된 이들에게 우리가 전할 수 있는 가장 따뜻한 위로는 무엇일까요?",13,0,0,34,4,0,0,,
18113733196708893,2026-03-19T03:59:48+0000,FEED,CAROUSEL_ALBUM,https://www.instagram.com/p/DWDUOO5k_rt/,3,0,"매일 아침 건강을 위해 챙겨 먹던 음식이 사실은 당신의 몸을 서서히 망가뜨리고 있을지도 모릅니다. 내분비내과 전문의가 꼽은 아침 공복 최악의 음식 3가지가 공개되어 충격을 주고 있습니다.

 가장 먼저 주의해야 할 음식은 의외로 흔한 빵과 우유입니다. 공복에 섭취하는 정제 탄수화물인 빵은 혈당을 급격히 올리고 뇌의 도파민 분비를 자극해 중독을 유발할 뿐만 아니라, 효모 성분이 복통이나 위장 장애를 일으킬 수 있습니다.

 두 번째는 시리얼입니다. 미국 스탠퍼드대 연구팀에 따르면 시리얼로 아침을 먹은 사람의 80%가 혈당이 급등하는 혈당 스파이크를 경험했습니다. 

 이러한 현상이 반복되면 인슐린 저항성이 생겨 당뇨병 발병 위험이 걷잡을 수 없이 커지게 됩니다. 마지막으로 조심해야 할 복병은 가당 요거트입니다. 건강식품으로 알려진 요거트지만, 과일 맛이나 과자가 포함된 제품은 당 함량이 매우 높아 공복 혈당 관리의 적이 됩니다.

 전문가는 요거트를 먹을 때 반드시 무가당 제품을 선택해야 한다고 강조합니다. 아침 공복 상태는 우리 몸이 영양소를 가장 빠르게 흡수하는 시기인 만큼, 무엇을 먼저 넣느냐가 하루의 컨디션과 장기적인 건강 지표를 결정짓게 됩니다. 정제된 당과 탄수화물보다는 혈당을 천천히 올리는 통곡물이나 단백질 위주의 식단으로 전환이 필요합니다.

 무심코 선택한 아침 메뉴가 쌓여 10년 뒤 당신의 혈당 수치를 결정합니다. 내 몸을 살리는 아침 식사, 오늘부터 바꿔보시는 건 어떨까요?

 여러분이 즐겨 먹는 아침 메뉴 중 오늘부터 당장 빼고 싶은 음식은 무엇인가요?",17,0,0,55,3,1,0,,
18158243971378481,2026-03-19T03:22:42+0000,FEED,CAROUSEL_ALBUM,https://www.instagram.com/p/DWDP-mDkwSd/,4,0,"내가 받는 기초연금, 앞으로는 소득에 따라 받는 금액이 달라질지도 모릅니다. 최근 정부가 기초연금 지급 방식을 소득과 재산이 적은 노인에게 더 많이 지급하는 이른바 하후상박식으로 개편하는 방안을 검토하기 시작했습니다. 

 현재 만 65세 이상 소득 하위 70%에게 매월 약 35만 원을 일률적으로 지급하고 있지만, 월 수입이 수백만 원인 노인과 수입이 전혀 없는 노인이 같은 금액을 받는 것이 형평성에 어긋난다는 지적이 제기되었기 때문입니다. 특히 베이비부머 세대의 은퇴로 고령층의 자산 수준이 과거보다 높아지면서, 정말 도움이 필요한 취약계층에게 혜택을 집중해야 한다는 목소리가 커지고 있습니다.

 개편 논의가 급물살을 타는 가장 큰 이유는 폭발적으로 늘어나는 재정 부담 때문입니다. 기초연금 예산은 2014년 6.9조 원에서 2024년 24.4조 원으로 10년 만에 약 4배 가까이 불어났습니다.

 현행 방식을 유지할 경우 2050년에는 연간 66.6조 원이라는 천문학적인 재정이 소요될 것으로 추산됩니다. 이에 정부는 내년부터 소득 하위 40% 이하 노인 부부를 시작으로 부부 감액 제도를 단계적으로 축소하여 실질적인 수급액을 높이는 동시에, 전체적인 지급 대상은 점진적으로 조정하는 최저소득보장안을 논의 중입니다. 단순히 많이 주는 것을 넘어, 한정된 재원을 가장 효율적으로 배분하여 노인 빈곤 문제를 실질적으로 해결하려는 이번 개편안. 

 모두가 만족할 수 있는 합리적인 기준점은 어디일까요?

 재정 고갈을 막기 위한 기초연금의 차등 지급 정책, 여러분은 찬성하시나요?",12,0,0,34,4,1,0,,
18085065728350683,2026-03-19T01:30:08+0000,FEED,CAROUSEL_ALBUM,https://www.instagram.com/p/DWDDGEsk2no/,3,0,"오는 21일, 서울 광화문 광장이 전 세계 아미들의 함성으로 가득 찰 전망입니다. 
 
이번 주말 열리는 그룹 방탄소년단(BTS)의 공연을 앞두고 예상되는 인파만 무려 26만 명에 달합니다. 이는 지난 2002년 월드컵 당시의 열기를 뛰어넘는 사상 초유의 규모입니다. 좁은 공간에 엄청난 인원이 밀집될 것으로 예상되면서 현장의 기대감만큼이나 안전 사고에 대한 우려의 목소리도 높아지고 있습니다. 시민들은 무대 규모와 열기에 설레면서도 수많은 인력을 통제하고 안전을 확보할 수 있을지에 대해 긴장감을 늦추지 못하고 있습니다. 
 
이에 경찰은 단일 공연으로는 역대급인 6,500여 명의 대규모 인력을 투입해 철통 보안에 나섰습니다. 기동대 72개 부대와 특공대가 현장에 배치되며 지상 8m 높이에서 인파를 감시하는 고공 관측차와 드론 탐지 차량 등 첨단 장비가 총동원됩니다. 공연장 주변에는 31개의 전용 출입구를 만들고 모든 입장객을 대상으로 금속탐지기를 이용한 소지품 검사를 실시합니다. 특히 만일의 사태를 대비해 공연 전날부터 민간 총기 출고를 전면 금지하고 공연 종료 후 관람객들이 몰릴 홍대와 이태원 일대까지 경력을 배치하는 등 빈틈없는 안전망을 구축하고 있습니다. 
 
이번 행사는 전 세계의 이목이 쏠린 만큼 한국의 안전 관리 역량을 증명할 중요한 시험대가 될 것입니다. 단순히 즐기는 축제를 넘어 단 한 건의 사고도 없이 마무리되는 성숙한 공연 문화가 정착되기를 기대해 봅니다. 
 
26만 명이 운집하는 도심 속 대형 공연, 안전한 관람을 위해 우리에게 가장 필요한 시민 의식은 무엇이라고 생각하시나요?",16,0,0,53,3,0,0,,
18096510449293484,2026-03-19T00:43:16+0000,FEED,CAROUSEL_ALBUM,https://www.instagram.com/p/DWC9u4gEwQ7/,4,0,"평화로운 일상의 휴식처였던 뚝섬 한강공원 선착장에서 안타까운 소식이 전해졌습니다. 
 
지난 16일 오전 11시 29분경, 서울 성동구 영동대교 북단 뚝섬한강공원 관공선 선착장 인근에서 한 여성이 숨진 채 발견되었습니다. 한강에 사람 형체로 보이는 것이 떠 있다는 행인의 신고를 받고 출동한 경찰과 소방 당국은 현장에서 시신을 수습했습니다. 발견 당시 시신은 이미 어느 정도 부패가 진행된 상태였던 것으로 파악되어, 고인이 홀로 차가운 강물 속에서 오랜 시간을 보냈음을 짐작게 해 안타까움을 더하고 있습니다. 
 
사건을 조사 중인 서울 성동경찰서는 현장 감식과 정황 파악 결과 타살 등 범죄 혐의점은 없는 것으로 잠정 결론을 내렸습니다. 경찰 관계자는 이번 사건을 변사 사건 처리 절차에 따라 종결할 예정이라고 밝혔습니다. 비록 범죄와 연관된 사건은 아니지만, 많은 시민이 오가는 공공장소에서 발생한 비극적인 죽음 앞에 많은 이들이 충격과 슬픔을 감추지 못하고 있습니다. 
 
화려한 도시의 불빛 이면에 가려진 누군가의 외로운 마무리가 우리 사회에 던지는 메시지는 작지 않습니다. 주변의 소외된 이웃을 향한 작은 관심과 따뜻한 시선이 절실히 필요한 시점입니다. 고인의 마지막 가는 길에 깊은 애도를 표하며, 이러한 비극이 반복되지 않기를 진심으로 바랍니다. 
 
차가운 강물에서 발견된 고인의 명복을 빌며, 우리 사회가 놓치고 있는 소중한 생명들에 대해 생각해보게 됩니다. 
 
힘겨운 시간을 보내고 있는 주변 이웃들에게 전하고 싶은 따뜻한 한마디는 무엇인가요?",12,0,0,56,4,1,0,,
18115914349644069,2026-03-17T23:56:37+0000,FEED,CAROUSEL_ALBUM,https://www.instagram.com/p/DWATmPUExfI/,2,0,"평범한 50대 회사원의 차량 트렁크를 열자, 무려 1,500개의 일회용 주사기가 쏟아져 나왔습니다. 
 
최근 파주경찰서는 랜덤 채팅 앱을 통해 마약 투약 상대를 물색하던 50대 남성을 함정수사 끝에 현행범으로 체포했습니다. 검거 당시 남성이 머물던 모텔 방에서는 필로폰으로 추정되는 흰색 가루와 주사기가 발견되었으며, 그의 차량에서는 그동안 차마 버리지 못하고 쌓아둔 수천 개의 주사기가 무더기로 발견되어 충격을 주고 있습니다. 이 남성은 수년 전부터 채팅 앱으로 만난 여성들과 함께 마약을 투약하고 성관계를 맺어온 것으로 드러났습니다. 
 
더욱 논란이 되고 있는 지점은 범행의 중대성에도 불구하고 남성이 석방되었다는 사실입니다. 구속기소 되었던 남성은 마약 치료를 받겠다는 사유로 구속적부심을 신청했고, 법원이 이를 받아들이면서 현재는 풀려난 상태입니다. 마약 범죄가 일상의 영역까지 깊숙이 침투한 상황에서, 재범 위험성이 높은 마약 사범에게 치료를 명분으로 내준 관용이 자칫 수사망을 피해 가는 구실이 될 수 있다는 우려의 목소리가 커지고 있습니다. 
 
일상 곳곳에 스며든 마약의 공포는 이제 더 이상 영화 속 이야기가 아닙니다. 우리 곁의 평범한 이웃이 누군가를 파멸로 이끄는 공급자이자 투약자일 수 있다는 사실이 드러나며 사회적 불안감이 극에 달하고 있습니다. 
 
마약 치료를 이유로 한 가해자의 석방, 사회 안전을 위해 적절한 판결이라고 생각하시나요?",14,0,0,61,2,1,0,,
17880914265489154,2026-03-17T04:00:36+0000,FEED,CAROUSEL_ALBUM,https://www.instagram.com/p/DV-KuXgk10D/,3,0,"암세포가 내뿜는 독가스 속에서도 끝까지 살아남아 공격을 멈추지 않는 무적의 면역세포가 등장했습니다. 
 
그동안 폐암이나 췌장암 같은 고형암은 면역세포가 암세포 주변의 척박한 환경을 견디지 못해 치료 효과가 떨어지는 한계가 있었습니다. 특히 암세포 주변에서 생성되는 일산화질소는 면역세포인 T세포의 신호 전달을 방해하여 마치 독가스처럼 면역세포를 무력화시켰습니다. 전장에서 시야와 호흡을 잃은 병사처럼 면역세포들이 종양 근처에만 가면 전투력을 상실해버리는 것이 현대 암 치료의 큰 난제였습니다. 
 
하지만 포스텍 연구팀은 유전자 조작 없이도 T세포 표면에 일산화질소를 포획하고 제거하는 특수 분자를 부착하는 세포 표면 공학 기술을 세계 최초로 개발했습니다. 일종의 방호복을 입은 T세포는 암세포가 내뿜는 방해 물질이 내부로 침투하기 전에 먼저 차단하여 종양 내부에서도 활발히 증식하고 공격력을 유지할 수 있게 되었습니다. 실제 동물 실험 결과 종양 내부로 침투하는 T세포 수가 급증하고 면역 반응이 강화되면서 종양 성장이 억제되는 놀라운 효과가 증명되었습니다. 
 
이번 연구는 복잡한 유전자 변형 과정 없이 세포 표면을 개조하는 것만으로도 기능을 획기적으로 높였다는 점에서 임상 적용 가능성이 매우 높다는 평가를 받습니다. 고형암 환자들에게 새로운 희망의 빛이 될 이 기술이 암 정복의 마지막 퍼즐 조각이 될 수 있을지 전 세계 과학계가 주목하고 있습니다. 
 
독성 물질마저 뚫고 암을 공격하는 이 놀라운 생명 공학 기술에 대해 당신은 어떻게 생각하시나요?",16,0,0,36,3,0,0,,
18175668355382300,2026-03-17T01:37:54+0000,FEED,CAROUSEL_ALBUM,https://www.instagram.com/p/DV96ZKoE44m/,2,0,"이제 넷플릭스 신작을 기다리며 시간을 헷갈릴 필요가 없습니다. 한국이 넷플릭스의 새로운 표준이 되었기 때문입니다. 
 
글로벌 OTT 플랫폼 넷플릭스가 이달 말부터 한국 오리지널 콘텐츠의 공개 시간을 한국 시각 기준 오후 5시로 전격 고정합니다. 그동안 넷플릭스는 미국 태평양 표준시 자정에 맞춰 전 세계 동시 공개를 원칙으로 해왔습니다. 이 때문에 서머타임 적용 여부에 따라 국내 공개 시간이 오후 4시와 5시를 오가며 이용자들에게 큰 혼란을 주기도 했습니다. 하지만 이제 한국 시청자들의 생활 패턴에 맞춘 독자적인 시간 체계를 도입하며 국내 시장에 대한 예외적인 배려를 시작한 것입니다. 
 
이러한 파격적인 결정의 배경에는 글로벌 시장을 뒤흔드는 K-콘텐츠의 압도적인 위상이 자리 잡고 있습니다. 시장 분석 업체에 따르면 한국 콘텐츠는 넷플릭스 전체 시청 시간에서 본진인 미국에 이어 세계 2위라는 경이로운 점유율을 기록하고 있습니다. 비영어권 콘텐츠 중 한국어 콘텐츠의 비중 또한 1년 만에 12%에서 20%로 급성장하며 영국과 일본을 제치고 독보적인 존재감을 과시하고 있습니다. 넷플릭스 입장에서는 가장 강력한 흥행 보증 수표인 한국 시장과 충성도 높은 1,516만 명의 국내 이용자를 사로잡는 것이 글로벌 전략의 핵심이 된 셈입니다. 
 
단순한 시간 변경을 넘어 전 세계 미디어의 중심축이 한국으로 이동하고 있음을 보여주는 상징적인 사건입니다. 넷플릭스가 한국을 위해 글로벌 원칙까지 수정한 지금, 다음에는 또 어떤 놀라운 변화가 우리를 찾아올까요? 
 
글로벌 플랫폼의 기준마저 바꾼 한국 콘텐츠의 저력, 여러분은 어떻게 체감하고 계신가요?",27,0,0,91,2,2,0,,
18196327378351642,2026-03-17T00:18:48+0000,FEED,CAROUSEL_ALBUM,https://www.instagram.com/p/DV9xV4SE0nY/,5,0,"100억 재산설의 주인공, 215만 유튜버 곽튜브가 아내에게 통장 비밀번호를 알려주지 않았다고 고백해 화제입니다. 
 
최근 한 예능 프로그램에 출연한 곽튜브는 아내에게 비밀번호를 공유하지 않는다는 폭탄 발언으로 모두를 놀라게 했습니다. 하지만 이는 경제권을 숨기려는 의도가 아니라, 자신이 충분히 모아둔 자산이 있으니 아내가 마음 편히 쓰기를 바라는 마음에서 비롯된 독특한 경제 관념이었습니다. 곽튜브는 아내에게 수입 규모는 투명하게 공개하고 있으며, 오히려 너무 알뜰한 아내 때문에 5천 원짜리 물건 하나를 사는 데도 눈치를 보게 된다며 억울함을 호소해 현장을 웃음바다로 만들었습니다. 
 
이날 방송에서는 출산을 앞둔 곽튜브 2세의 입체 초음파 사진도 최초로 공개되었습니다. 아빠를 쏙 빼닮은 코와 입매를 본 출연진들은 유전자의 힘에 경탄을 금치 못했습니다. 특히 곽튜브는 딸이 아빠를 닮는다는 말에 성별 확인 전날 잠을 설쳤지만, 아들이라는 소식에 안도와 감동을 동시에 느꼈다는 솔직한 심경을 전하며 예비 아빠로서의 면모를 드러냈습니다. 100억 재산설과 150평 신혼집 루머에 대해서는 돈이 아예 없다며 단호히 부인하면서도, 은퇴 시점에는 그 정도 자산을 목표로 하겠다는 포부를 밝히기도 했습니다. 
 
사랑하는 사이일수록 돈 관리는 더욱 철저해야 한다는 의견과, 부부라면 모든 것을 공유해야 한다는 의견이 팽팽하게 맞서고 있는 요즘입니다. 곽튜브처럼 수입은 공개하되 각자의 영역을 존중하는 방식이 현대 부부들에게 새로운 대안이 될 수 있을까요? 
 
여러분은 배우자와 통장 비밀번호를 공유해야 한다고 생각하시나요?",21,0,0,73,5,2,0,,
17851346439647798,2026-03-16T21:00:01+0000,FEED,CAROUSEL_ALBUM,https://www.instagram.com/p/DV9al_ZEwfP/,3,0,"사람을 죽인 직후 범인이 가장 먼저 떠올린 것은 다름 아닌 고기와 치킨이었습니다. 
 
최근 강북의 한 모텔에서 발생한 약물 연쇄살인 사건의 피의자 김소영의 기괴한 행적이 드러나며 사회적 공분을 사고 있습니다. 김소영은 지난해 12월부터 올해 2월까지 20대 남성 3명에게 마약류 약물을 탄 음료를 건네 2명을 살해하고 1명에게 중상을 입혔습니다. 더욱 충격적인 사실은 첫 번째 살해 직후 지인에게 항정살을 먹고 싶다는 메시지를 보냈고 두 번째 범행 직후에는 피해자의 카드로 13만 원 상당의 치킨과 즉석밥 등 20여 개의 음식을 주문해 귀가했다는 점입니다. 
 
전문가들은 이러한 행태를 두고 식탐과 물질적 욕망을 채우기 위해 타인을 철저히 도구로 이용한 사이코패스적 성향이라고 분석합니다. 김소영은 평소에도 남성들에게 유명 맛집이나 5성급 호텔 정보를 보내며 자신의 욕망을 충족시켜 줄 대상을 물색해 왔습니다. 필요가 다하면 마치 사회관계망서비스에서 언팔로우를 하듯 아무런 가책 없이 생명을 앗아간 것입니다. 단순히 금전을 노린 범죄를 넘어 타인의 고통보다 자신의 일차적 본능 충족을 우선시하는 극단적인 반사회적 인격 장애의 단면을 보여줍니다. 
 
범죄의 잔혹함을 넘어 인간의 존엄성마저 비웃는 듯한 소름 끼치는 집착. 우리 사회는 이러한 잠재적 괴물들로부터 어떻게 스스로를 보호해야 할까요? 
 
당신이 느낀 이 사건의 가장 섬뜩한 지점은 무엇인가요?",17,0,0,59,3,0,0,,
18085830065594397,2026-03-16T12:08:04+0000,FEED,CAROUSEL_ALBUM,https://www.instagram.com/p/DV8dt3UkzkK/,4,0,"전쟁으로 전 세계가 비명을 지르는 사이 매일 7억 원이 넘는 현금을 쓸어 담는 한국 기업이 있습니다. 
 
중동 전쟁의 여파로 글로벌 원유 수송망이 마비되면서 한국의 해운사 장금상선이 전례 없는 호황을 누리고 있습니다. 이란의 호르무즈 해협 봉쇄로 원유 저장 공간을 확보하지 못한 글로벌 석유 기업들이 장금상선의 초대형 원유 운반선을 임시 저장 시설로 활용하기 위해 줄을 서고 있기 때문입니다. 현재 이 기업이 받는 하루 용선료는 약 50만 달러로 우리 돈 7억 5천만 원에 달하며 이는 불과 1년 전보다 10배나 급등한 수치입니다. 
 
이러한 기록적인 수익의 배경에는 전쟁 직전 공격적으로 초대형 유조선을 확보했던 과감한 전략이 있었습니다. 블룸버그 통신은 이를 두고 한국의 은둔형 해운 사업가가 이번 글로벌 에너지 혼란의 가장 큰 승자 중 한 명으로 떠오르고 있다고 집중 보도했습니다. 지정학적 리스크가 실물 경제의 공급망을 흔들어 놓으면서 유조선 자체가 금값보다 귀한 부유식 창고가 되어버린 역설적인 상황이 벌어지고 있는 것입니다. 
 
세계 경제가 불확실성의 늪에 빠진 상황에서 누군가에게는 재앙인 전쟁이 또 누군가에게는 인생 역전의 기회가 되는 냉혹한 비즈니스의 세계를 보여줍니다. 
 
위기 속에서 기회를 포착하는 이들의 통찰력에 대해 당신은 어떻게 생각하시나요?",15,0,0,48,4,0,0,,
17915494650329772,2026-03-16T10:05:35+0000,FEED,CAROUSEL_ALBUM,https://www.instagram.com/p/DV8PswRk9e2/,3,0,"아직 말도 떼지 못한 우리 아이가 사실은 당신을 속이고 있을지도 모릅니다. 
 
최근 영국 브리스틀대학교 연구팀이 발표한 인지 발달 연구에 따르면, 아이들은 생후 8개월부터 이미 타인을 속이는 기만 행동의 개념을 인식하기 시작하는 것으로 밝혀졌습니다. 특히 생후 10개월 된 영아 4명 중 1명은 부모의 말을 못 들은 척하거나 장난감을 숨기는 등 초보적인 수준의 속임수를 부리는 것으로 나타났습니다. 이는 아이들이 언어를 완벽히 구사하기 훨씬 이전부터 자신의 이득을 취하거나 꾸지람을 피하고자 전략적인 행동을 할 수 있음을 시사하는 충격적인 결과입니다. 
 
아이들의 거짓말은 연령에 따라 더욱 정교하게 진화합니다. 2세 무렵에는 금지된 음식을 몰래 먹고도 고개를 젓는 등 단순한 부정 행동을 보이다가, 3세가 되면 타인의 심리를 이용해 귀신이 먹었다는 식의 허구의 이야기를 지어내는 단계로 발전합니다. 전문가들은 이러한 기만 능력이 침팬지나 새 같은 동물들에게서도 발견되는 본능적인 생존 전략의 일환이라고 분석합니다. 단순히 도덕적인 결함이라기보다 타인의 시선을 의식하고 자신의 상황을 유리하게 이끌려는 고도의 지능 발달 과정으로 보아야 한다는 것입니다. 
 
부모를 당황하게 만드는 아이의 첫 거짓말은 역설적으로 우리 아이의 인지 능력이 정상적으로 성장하고 있다는 가장 확실한 신호일 수 있습니다. 아이가 처음으로 당신을 속였을 때, 당신은 훈육과 대견함 중 어떤 감정을 먼저 느끼셨나요? 
 
아이들의 영악하고도 귀여운 기만 행동에 대해 당신은 어떻게 대처하고 계신가요?",16,0,0,38,3,0,0,,
18095581595007299,2026-03-16T08:15:55+0000,FEED,CAROUSEL_ALBUM,https://www.instagram.com/p/DV8DJfnE6B1/,3,0,"원가 4,480원짜리 과자 한 상자가 한 달 만에 3만 원이 넘는 가격에 거래되고 있습니다. 
 
최근 오리온이 한정판으로 출시한 촉촉한 황치즈칩이 소셜미디어를 중심으로 폭발적인 인기를 끌며 유례없는 품귀 현상을 빚고 있습니다. 현재 주요 온라인 쇼핑몰에서는 정가의 7배가 넘는 3만 1,200원에 판매되고 있으며 중고 거래 플랫폼에서도 원가의 몇 배에 달하는 웃돈이 붙어 거래되는 실정입니다. 기존의 초코칩 대신 짭짤한 황치즈를 가미한 단짠 조합이 MZ세대의 입맛을 사로잡으면서 단순한 간식을 넘어선 희귀 아이템이 되어버린 것입니다. 
 
이러한 현상의 중심에는 한정판이라는 희소성이 주는 심리적 압박과 소셜미디어의 파급력이 자리 잡고 있습니다. 판매 중단 소식이 전해지자마자 사재기와 되팔이 행위가 기승을 부리며 가격을 비정상적으로 끌어올리고 있습니다. 실제로 오리온 고객센터에는 판매 연장을 요청하는 문의가 쏟아지고 있으며 소비자들은 열광적인 반응을 보이고 있습니다. 기업의 시즌 한정 마케팅이 소비자의 구매 욕구를 자극해 시장 가격을 왜곡시키는 현상이 반복되고 있는 셈입니다. 
 
단순히 맛있는 과자를 먹고 싶은 마음을 넘어 남들이 구하지 못하는 것을 소유하려는 과시적 소비 성향이 이러한 대란을 더욱 부추기고 있습니다. 유통 업계는 이러한 소비자 반응을 살피며 정식 출시 여부를 검토 중이지만 과열된 시장 분위기는 식을 줄 모르고 있습니다. 
 
과자 한 상자에 3만 원을 지불하는 이 현상에 대해 당신은 어떻게 생각하시나요?",16,0,0,44,3,1,0,,
18342345532214829,2026-03-16T06:26:11+0000,FEED,CAROUSEL_ALBUM,https://www.instagram.com/p/DV72lvxExAz/,3,0,"유행을 쫓아 시작한 장사가 단 한 달 만에 파산의 비극으로 돌아오고 있습니다. 
 
최근 마라탕이나 탕후루, 두바이 초콜릿처럼 특정 아이템이 뜨면 우후죽순 생겨나는 미투 브랜드의 난립이 외식업계의 생존을 심각하게 위협하고 있습니다. 지난해 외식 브랜드 가맹점 폐점은 2만 9,217건으로 역대 최고치를 기록했으며 가맹본부 수 또한 집계 이래 처음으로 감소하며 산업 전체가 역성장에 직면했습니다. 단순히 유행에 편승해 진입 장벽을 낮춘 부실 프랜차이즈들이 결국 시장의 동반 하락을 불러오고 있는 셈입니다. 
 
이러한 현상의 이면에는 감당하기 어려운 경제적 지표가 깔려 있습니다. 자영업자 대출 잔액은 1,070조 원을 돌파하며 4년 사이 20% 이상 급증했고 인건비와 임대료 상승은 숨통을 조이고 있습니다. 여기에 차액가맹금 반환 소송과 가맹점주 단체교섭권을 담은 법안 개정 등 규제 리스크까지 겹치면서 경영 환경은 더욱 악화되었습니다. 구조적인 한계 속에서 준비되지 않은 창업은 곧장 폐업으로 이어지는 악순환의 고리가 견고해지고 있습니다. 
 
반짝 유행에 기댄 카피 브랜드로는 더 이상 치열한 시장에서 자생력을 확보할 수 없습니다. 브랜드 고유의 제품 개발과 내실 있는 운영 전략이 동반되지 않는다면 소상공인들의 몰락은 멈추지 않을 것입니다. 
 
지속 가능한 외식 생태계를 만들기 위해 우리에게 지금 가장 필요한 자정 노력은 무엇이라고 생각하시나요?",17,0,0,61,3,0,0,,
17903618349383648,2026-03-10T11:34:57+0000,FEED,CAROUSEL_ALBUM,https://www.instagram.com/p/DVs9KDgk8tk/,3,0,"공무원 월급 대신 광고 한 편에 억 소리 나는 몸값이 매겨졌습니다. 
 
충주시청 퇴사 후 개인 채널을 개설한 김선태 전 주무관의 광고 단가표가 유출되어 온라인이 뜨겁습니다. 채널 개설 일주일 만에 구독자 137만 명을 돌파하며 제니나 백종원 같은 최정상급 인물들과 비견되는 성장세를 기록 중입니다. 유출된 문건에 따르면 브랜디드 콘텐츠와 쇼츠 패키지 가격은 최대 1억 원에 달하며 단독 쇼츠 한 편도 5,000만 원을 호가하는 것으로 알려졌습니다. 
 
이러한 압도적 몸값의 배경에는 그만의 독보적인 기획력과 화제성이 자리 잡고 있습니다. 기획부터 편집까지 직접 수행하는 제작 방식과 대중의 트렌드를 정확히 관통하는 감각이 기업들의 러브콜을 이끌어냈습니다. 실제로 광고 문의 메일만 700여 통이 쏟아졌고 국내 유수의 대기업들이 앞다투어 협업을 요청하는 진풍경이 벌어지고 있습니다. 
 
업계에서는 현재의 화제성을 고려할 때 해당 단가가 충분히 납득 가능한 수준이라는 평가를 내놓고 있습니다. 단순한 구독자 수를 넘어 시청자의 높은 몰입도와 브랜드 각인 효과가 금액 이상의 가치를 창출하기 때문입니다. 일인 크리에이터가 공공기관 홍보의 패러다임을 바꾼 데 이어 민간 광고 시장에서도 새로운 기준을 형성하고 있는 셈입니다. 
 
파격적인 몸값만큼이나 큰 기대를 모으고 있는 그의 향후 행보에 대해 여러분은 어떻게 생각하시나요?",24,0,0,96,3,2,0,,
17952839484101823,2026-03-10T07:17:38+0000,FEED,CAROUSEL_ALBUM,https://www.instagram.com/p/DVsftVvkyU9/,5,0,"AI라는 거대한 파도가 사실은 신기루일지도 모릅니다. 
 
노벨 경제학상 수상자 조지프 스티글리츠 교수가 현재의 인공지능 투자 열풍을 지속 불가능한 거품으로 규정하며 강력한 경고를 던졌습니다. 지난해 미국 경제 성장의 약 3분의 1이 AI 관련 활동에서 비롯되었을 만큼 의존도가 높지만 이는 구조적으로 매우 위험한 상태라는 지적입니다. 시장은 일부 기업의 독점적 이익을 기대하고 있으나 실제로는 글로벌 빅테크와 중국 기업들 간의 치열한 경쟁으로 인해 실제 수익성은 제로에 수렴할 가능성이 크기 때문입니다. 
 
더욱이 AI가 인간의 일자리를 대규모로 대체할 것이라는 전망 또한 과장되었다고 분석했습니다. 교육이나 의료 배관공과 같은 직종은 인간 간의 상호작용과 복합적인 숙련도가 핵심이기에 기술만으로 대체하기 어렵다는 것입니다. 인공지능의 본질은 인간을 밀어내는 것이 아니라 능력을 보완하는 지능 보조 도구에 머물 것이라는 통찰입니다. 문제는 이 거품이 꺼질 때 발생할 단기적 거시경제 충격과 사회안전망의 부재입니다. 기술의 진보보다 중요한 것은 급변하는 전환기를 견뎌낼 정책적 대응 능력입니다. 
 
기술이 지배하는 미래 사회에서 우리가 지켜내야 할 인간 고유의 가치는 무엇이라고 생각하시나요?",18,0,0,52,5,0,0,,
18163456432416674,2026-03-10T04:38:22+0000,FEED,CAROUSEL_ALBUM,https://www.instagram.com/p/DVsNe6ok0uG/,3,0,"주한미군의 전력이 빠져나가도 우리의 안보는 과연 안전할까요. 
 
최근 미국의 중동 정세 불안으로 주한미군의 방공 무기 반출이 이어지며 대북 억지력 공백에 대한 국민적 우려가 확산하고 있습니다. 이에 대해 이재명 대통령은 국무회의에서 한국의 군사력이 북한을 압도하므로 안보 지장은 전혀 없다는 입장을 공식 발표했습니다. 주한미군 무기 반출은 자국 군사 필요에 따른 결정이며 이를 전적으로 막기 어려운 국제 정치적 현실을 인정한 셈입니다. 
 
현재 한국의 군사력 순위는 전 세계 5위권에 해당하며 연간 국방비 지출액은 북한 전체 GDP의 1.4배를 상회하는 수준입니다. 핵이라는 비대칭 전력을 제외한 재래식 전투 역량에서 이미 비교 불가능한 우위를 점하고 있다는 분석입니다. 동맹의 지원이 일시적으로 줄어들더라도 우리 군의 독자적인 방어 체계와 높은 사기만으로도 충분히 국가를 보위할 수 있다는 자신감이 배경에 깔려 있습니다. 
 
결국 이번 사태는 특정 우방에만 의존하는 안보 방식에서 벗어나야 한다는 교훈을 줍니다. 외부 지원이 차단되는 최악의 시나리오에서도 독자적으로 대응할 수 있는 자주국방 역량 강화가 시급한 시점입니다. 국제 질서의 급격한 변화 속에서 스스로의 생존을 책임지는 독립적 안보 체계 구축이 향후 국가 전략의 핵심이 될 전망입니다. 
 
진정한 국가 방위는 타인의 도움 없이 스스로의 힘으로 지킬 때 비로소 완성되는 것일까요?",14,0,0,48,3,0,0,,
18127992343548031,2026-03-10T02:50:31+0000,FEED,CAROUSEL_ALBUM,https://www.instagram.com/p/DVsBI6ck9Hi/,4,0,"아내의 몸에서 피가 쏟아지던 기묘한 꿈이 인생을 바꾸어 놓았습니다. 
 
최근 경기 안성시 공도읍의 한 판매점에서 즉석 복권인 스피또 1000 제 103회차 1등 당첨자가 탄생했습니다. 당첨금은 5억 원에 달합니다. 평소 매주 로또를 구매하던 주인공은 아내가 꾼 특별한 꿈 이야기를 듣고 이번에는 평소와 달리 즉석 복권을 선택했습니다. 
 
당첨자는 아내가 자신의 몸에서 피가 철철 흐르는 꿈을 꿨다는 이야기를 들었습니다. 꿈의 내용이 무섭기보다는 묘한 기분이 들어 검색해본 결과 이것이 재물운을 상징하는 길몽임을 확인했습니다. 평소의 습관에 더해진 기묘한 꿈의 암시가 복권 구매의 결정적인 계기가 된 것입니다. 
 
그는 당첨금을 대출 상환과 주택 마련 자금으로 활용할 계획입니다. 이는 단순한 행운을 넘어 경제적 안정을 얻게 된 사례로 주목받고 있습니다. 개인적인 빚으로 고통받던 그에게 이번 당첨은 삶의 홀가분함을 선사했습니다. 홀가분한 노후 대책을 세우게 된 그는 큰 행복감을 드러냈습니다. 
 
당신이 최근에 꾼 꿈 중에서 가장 기억에 남는 기묘한 장면은 무엇인가요?",18,0,0,61,4,1,0,,
17969711690867125,2026-03-10T01:21:52+0000,FEED,CAROUSEL_ALBUM,https://www.instagram.com/p/DVr2_s5EyZs/,3,0,"고령 운전자의 페달 조작을 실시간으로 기록하는 눈이 생깁니다. 
 
서울시는 최근 빈번하게 발생하는 급발진 의심 사고와 페달 오조작 논란을 해결하기 위해 고령 택시 운수종사자를 대상으로 페달 블랙박스 설치 지원 사업을 추진합니다. 이번 사업은 사고 발생 시 원인을 명확히 규명하여 불필요한 분쟁을 줄이고 시민들이 안심하고 택시를 이용할 수 있는 환경을 조성하기 위해 마련되었습니다. 
 
지원 대상은 서울시 내 개인 및 법인 택시 사업자로 총 400대에 대해 대당 최대 25만 원의 설치비를 지원합니다. 특히 만 70세 이상의 고령 운전자 비율과 월평균 운행 거리를 주요 기준으로 선정하여 사고 위험이 상대적으로 높은 구간부터 우선 도입할 계획입니다. 장착되는 블랙박스는 페달 조작 영상과 주행 속도 변화를 상시 녹화하며 충격 발생 전후 상황을 상세히 담아내게 됩니다. 
 
이 장치는 사고 시 보험 및 사법 절차에서 결정적인 판단 근거로 활용될 뿐만 아니라 운전자 스스로의 운전 습관을 개선하는 효과도 기대됩니다. 서울시는 이번 시범 사업을 통해 데이터 분석과 설문조사를 병행하며 안전장치 보급의 실효성을 검증할 예정입니다. 고령화 사회에서 운전 미숙과 기계 결함 사이의 진실을 밝히는 중요한 전환점이 될 것으로 보입니다. 
 
고령 운전자 사고 예방을 위해 페달 블랙박스 의무화가 필요하다고 생각하시나요?",17,0,0,65,3,1,0,,
18000344132728491,2026-03-09T11:00:52+0000,FEED,CAROUSEL_ALBUM,https://www.instagram.com/p/DVqUdk5k1TS/,3,0,"하루에 방귀를 몇 번이나 뀌는지 정확히 알고 계신가요. 
 
사람들은 보통 자신이 하루에 10회에서 20회 정도 가스를 배출한다고 생각하지만 실제로는 그 두 배인 평균 32회에 달한다는 연구 결과가 나왔습니다. 미국 메릴랜드대학교 연구진은 수소 센서가 부착된 스마트 속옷을 활용해 사람들의 일상적인 가스 배출 횟수를 정밀하게 측정했습니다. 조사 결과 개인별 편차는 매우 커서 하루 최소 4회에서 최대 59회까지 기록되었습니다. 우리가 스스로 자각하지 못하거나 수면 중에 배출되는 양이 예상보다 훨씬 많다는 사실이 과학적으로 증명된 것입니다. 
 
이러한 현상의 핵심 원인은 장내 미생물의 대사 활동에 있습니다. 우리가 섭취한 식이섬유나 복합 탄수화물은 소화 효소로 분해되지 않고 대장에 도달하여 미생물의 먹이가 됩니다. 이 발효 과정에서 부산물로 수소 가스가 생성되는데 센서는 이러한 식단 변화를 95%의 정확도로 감지해냈습니다. 특히 섬유질이 풍부한 음식을 섭취한 지 3~4시간 후에 가스 배출이 활발해지는 것은 음식물이 대장에 도달하는 시간과 정확히 일치합니다. 결국 잦은 방귀는 장내 미생물이 활발하게 일하고 있다는 건강한 신호입니다. 
 
연구진은 이제 인간 방귀 도감 프로젝트를 통해 정상적인 배출 기준치를 수립하고 있습니다. 이는 단순한 생리 현상을 넘어 장 건강 상태를 진단하는 중요한 데이터가 될 전망입니다. 어떤 음식이 개인의 장내 미생물을 자극하는지 파악함으로써 맞춤형 식단 설계까지 가능해질 것으로 보입니다. 자신의 몸이 내보내는 가스 신호를 더 이상 부끄러워하거나 숨길 필요가 없는 시대가 오고 있습니다. 
 
건강한 장 환경을 상징하는 당신의 하루 방귀 횟수는 과연 몇 번일까요?",15,0,0,55,3,0,0,,
17908668264181513,2026-03-09T10:23:49+0000,FEED,CAROUSEL_ALBUM,https://www.instagram.com/p/DVqQOH1E8XE/,3,0,"매일 쓰는 물티슈가 당신의 생명을 위협하는 흉기가 될 수 있습니다. 
 
최근 영국의 한 제조 시설에서 생산된 물티슈가 치명적인 박테리아에 오염되어 6명이 사망하고 62명이 감염되는 사태가 발생했습니다. 감염자 중에는 면역력이 약한 영유아와 고령층이 다수 포함되어 큰 충격을 주고 있습니다. 영국 보건당국은 해당 제품을 보유하고 있다면 확인 즉시 폐기하라는 긴급 권고를 내렸습니다. 
 
이번 사태의 원인은 버크홀데리아 스타빌리스라는 세균입니다. 이 균은 주로 토양이나 물에 서식하며 건강한 사람에게는 무해하지만 상처 부위를 통해 체내에 침투할 경우 매우 위험합니다. 조사 결과 오염된 4개 브랜드 제품은 비멸균 상태로 제조되었습니다. 제조 공정 중 위생 관리가 미흡하여 세균이 대량 번식한 것으로 분석됩니다. 
 
특히 해당 제품들이 상처 소독이나 주사 부위를 닦는 용도로 사용되면서 박테리아가 혈류로 직접 침투해 패혈증을 유발했습니다. 이는 조직 손상과 장기 부전을 일으켜 결국 사망에 이르게 하는 치명적인 결과를 낳았습니다. 비멸균 위생용품의 안전성 문제가 다시금 사회적 화두로 떠오르고 있습니다. 
 
일상 속의 사소한 위생용품이 불러온 비극적인 참사 앞에 우리가 신뢰할 수 있는 안전 기준은 무엇인가요?",17,0,0,51,3,0,0,,
17917918479295689,2026-03-09T08:39:42+0000,FEED,CAROUSEL_ALBUM,https://www.instagram.com/p/DVqETlPk8pn/,3,0,"낯선 사람이 건넨 호의가 죽음의 초대장이 되었습니다.

 지난해 말부터 서울 강북구 일대 모텔에서 남성들을 상대로 연쇄 살인을 저지른 피의자의 신상이 공개되었습니다. 

 20세 김소영은 약물을 섞은 음료를 피해자들에게 건네 2명을 숨지게 하고 1명에게 중상을 입혔습니다. 그녀는 평소 자신이 처방받은 정신과 약물을 숙취해소제에 섞어 범행에 활용한 것으로 드러났습니다. 

 김소영은 피해자들이 숨질 줄 몰랐다며 살해 의도를 완강히 부인하고 있습니다. 하지만 수사 기관은 범행의 계획성과 치사량을 넘는 약물 투여 등을 근거로 살인 혐의를 적용해 구속 송치했습니다. 특히 수사 과정에서 추가 범행 정황이 포착되면서 사안의 중대성을 고려해 이름과 얼굴을 대중에 전격 공개하기로 결정했습니다. 

 이번 사건은 타인의 신뢰와 호의를 악용해 생명을 앗아간 잔혹한 범죄로 사회적 공분을 사고 있습니다. 무분별한 약물 오남용과 이를 강력 범죄의 도구로 삼는 행위에 대한 엄중한 처벌이 요구되는 시점입니다.

 피의자가 주장하는 우발적 사고라는 변명에 대해 당신이 생각하는 합당한 처벌은 무엇인가요?",14,0,0,49,3,0,0,,
18073247525393913,2026-03-09T07:49:46+0000,FEED,CAROUSEL_ALBUM,https://www.instagram.com/p/DVp-l3LEzC6/,3,0,"외국인이 3조 원을 던질 때 개인은 4조 원을 샀습니다. 
 
오늘 국내 증시는 이란 사태로 인한 국제 유가 폭등 여파에 휩쓸리며 대폭락을 기록했습니다. 코스피 지수는 전 거래일 대비 5.96% 하락한 5,251.87로 마감하며 시장 전반에 공포가 확산되었습니다. 장 중 한때 지수가 8% 넘게 빠지며 서킷브레이커와 사이드카가 동시 발동되는 등 2020년 팬데믹 이후 가장 혼란스러운 하루를 보냈습니다. 
 
이러한 폭락의 근본 원인은 중동발 에너지 수급 불안입니다. 에너지 수입 의존도가 높은 한국 경제의 특성상 호르무즈 해협 봉쇄 가능성은 제조업 중심 기업들에 치명적인 위험 요소로 작용했습니다. 외국인과 기관이 동반 매도에 나서며 지수를 끌어내린 반면 개인 투자자들은 저점 매수 기회로 판단해 대규모 물량을 받아내며 우상향에 베팅하는 상반된 흐름을 보였습니다. 
 
제조업 전반의 실적 악화 우려가 선반영된 지금 시장은 초저점 구간에 진입했다는 분석이 나옵니다. 다만 대외 변수의 불확실성이 여전히 높은 만큼 신중한 접근이 필요해 보입니다. 
 
역대급 폭락장에서 당신이 선택한 투자 방향은 무엇인가요?",14,0,0,40,3,0,0,,
17929700445216398,2026-03-07T09:10:54+0000,FEED,CAROUSEL_ALBUM,https://www.instagram.com/p/DVk-SZnE0ra/,3,0,"국가의 권고로 맞은 백신이 한 가족의 가장을 앗아갔습니다. 
 
백신 접종 열흘 뒤 급성 심근경색으로 사망한 공무원 유족이 질병청을 상대로 낸 소송에서 승소했습니다. 사법부가 코로나 백신과 심근경색 사망의 인과성을 공식 인정한 첫 사례입니다. 그간 정부는 고지혈증 등 기저질환을 이유로 보상을 거부해 왔으나 법원은 접종과 사망 사이의 명확한 시간적 밀접성을 근거로 국가 책임을 인정했습니다. 
 
법원은 백신 부작용이 다른 원인 때문이라 단정할 수 없다면 인과관계를 폭넓게 인정해야 한다고 보았습니다. 백신 피해 보상 특별법의 취지를 적극 반영해 의학적 추론이 가능하다면 유족의 손을 들어준 것입니다. 이는 정부가 입증 책임을 좁게 해석해 온 관행에 제동을 건 결과입니다. 
 
현재 백신 사망 신고 중 인과성 인정 비율은 단 1%에 불과합니다. 질병청은 항소했으나 국가 방역 정책에 따른 피해를 어디까지 책임질지에 대한 사회적 논의는 더욱 거세질 전망입니다. 국가의 부름에 응답한 결과가 비극일 때 우리 사회는 어떤 책임을 져야 합니까?",15,0,0,35,3,0,0,,
18204934519328450,2026-03-06T06:49:21+0000,FEED,CAROUSEL_ALBUM,https://www.instagram.com/p/DViJSt5E9DG/,3,0,"강남까지 단 20분이면 도착하는 황금 라인이 눈앞으로 다가왔습니다. 
 
서울 강동구에서 하남 미사를 거쳐 남양주 진접2지구까지 잇는 17.95km 길이의 강남하남남양주선 광역철도 사업이 본격화되었습니다. 현재 하남 미사지구에서 강남역까지 이동하려면 40분 이상 소요되지만 9호선 5단계 연장선이 개통되면 이동 시간은 절반 수준인 20분대로 대폭 단축됩니다. 경기 동북부의 교통 접근성이 향상되면서 다산지금지구와 왕숙지구 등 인근 지역 부동산 시장도 크게 들썩이고 있습니다. 
 
이번 사업은 총 6개 공구로 나뉘어 진행되며 서울시가 담당하는 1공구는 이달 입찰 공고를 거쳐 내년 하반기 착공에 들어갈 예정입니다. 다만 경기도 구간인 2공구와 5공구에서 수익성 저하로 인해 건설사들이 입찰을 기피하며 유찰되는 변수가 발생했습니다. 설계와 시공을 별도로 발주하게 될 경우 사업 기간이 길어져 2031년 완공 목표가 늦춰질 가능성도 존재합니다. 핵심 노선인 만큼 원활한 사업 진행 여부가 지역 발전의 성패를 가를 것으로 보입니다. 
 
강남 접근성을 획기적으로 바꿀 이번 지하철 연장 사업의 가장 큰 수혜지는 어디라고 보시나요?",14,0,0,47,3,1,0,,
18075584846115501,2026-03-06T05:16:38+0000,FEED,CAROUSEL_ALBUM,https://www.instagram.com/p/DVh-rpKkwJM/,3,0,"전쟁의 공포로 주식 시장이 요동칠 때 가장 위험한 선택은 패닉 셀링입니다. 
 
최근 미국과 이스라엘의 이란 공습으로 국내 증시가 9⋅11 테러 이후 최대 낙폭을 기록하며 큰 변동성을 보였습니다. 외국인 투자자들은 리스크 관리 차원에서 삼성전자와 SK하이닉스 등 대형주를 대거 매도하며 지수 하락을 주도했습니다. 하지만 과거 베트남과 이라크 전쟁 사례를 비추어 볼 때 전쟁 초기의 급락은 일시적인 현상이며 시장은 결국 자생력을 바탕으로 우상향하는 흐름을 보였습니다. 
 
이번 하락은 그동안의 주가 상승분을 일부 반납한 것일 뿐 국내 기업들의 이익 전망이나 펀더멘털 자체는 견고합니다. 다만 변동성이 극심한 만큼 레버리지 투자는 지양하고 개별 종목보다는 시장 전체를 사는 지수 투자 전략이 유효합니다. 외국인들의 급격한 매도 물량은 이미 상당 부분 소화되었으며 향후 적극적인 매수세가 다시 유입될 가능성이 큽니다. 유가 상승에 따른 인플레이션 우려가 있으나 글로벌 에너지 의존도가 과거보다 낮아 관리 가능한 수준입니다. 
 
불확실성이 가득한 시장에서 당신이 생각하는 가장 안전한 투자처는 어디인가요?",12,0,0,40,3,0,0,,
17866740018594593,2026-03-06T01:39:04+0000,FEED,CAROUSEL_ALBUM,https://www.instagram.com/p/DVhlyJxE0xI/,3,0,"단돈 3만원으로 12명을 만나는 가성비 연애 시대가 왔습니다. 
 
최근 2030 세대 사이에서 로테이션 소개팅이라 불리는 만남이 빠르게 확산하고 있습니다. 한 장소에서 10분마다 자리를 옮기며 여러 명의 이성을 만나는 방식입니다. 참가자들은 회원 가입 단계에서 신분증과 재직증명서를 제출해 신원을 철저히 검증받습니다. 전문직이나 고소득자 등 특정 조건을 충족해야 참여할 수 있는 행사도 인기입니다. 관련 데이팅 앱 이용자 수도 전년 대비 약 15% 증가하며 시장 규모가 커지고 있습니다. 
 
이러한 유행은 시간과 비용 대비 효율을 중시하는 청년층의 소비 성향이 반영된 결과입니다. 단순 대화뿐만 아니라 와인이나 전시 관람을 결합한 체험형 만남도 등장했습니다. 다만 업체가 영세한 경우 민감한 개인정보가 유출될 우려가 있어 각별한 주의가 필요합니다. 신분증 사본이나 연봉 정보 등은 파쇄 절차를 거치는 신뢰할 수 있는 업체를 선택하는 것이 권장됩니다. 효율적인 만남이 새로운 표준으로 자리 잡으며 연애 시장의 판도가 바뀌고 있습니다. 
 
조건과 효율을 따지는 만남 속에서 당신이 생각하는 사랑의 본질은 무엇인가요?",17,0,0,74,3,0,0,,
18105111493873982,2026-03-05T23:05:47+0000,FEED,CAROUSEL_ALBUM,https://www.instagram.com/p/DVhUPgxk9ji/,4,0,"쿠팡에서 구매한 18K 금 귀걸이가 사실은 아연과 구리로 만든 가짜인 것으로 드러나 소비자들의 주의가 요구됩니다. 한 피해자는 부모님과 아내를 위해 약 80만 원 상당의 귀걸이를 주문했으나 각인이 없는 점을 수상히 여겨 감정을 의뢰했습니다. 감정 결과 해당 제품은 금 함량이 전혀 없는 일반 액세서리에 불과했으며 함께 동봉된 보증서 역시 무작위로 찍어낸 조잡한 위조품인 것으로 밝혀졌습니다. 
 
문제는 거대 플랫폼인 쿠팡의 안일한 대응입니다. 피해자가 지난 1일 해당 사실을 신고하며 추가 피해 방지를 요청했음에도 닷새가 지난 현재까지 제품은 여전히 판매 중입니다. 유통되지 않는 가짜 보증서와 유령 법인 판매자를 걸러내지 못한 채 가품 판매를 방치하고 있다는 비판이 쏟아지고 있습니다. 플랫폼 측은 확인 즉시 조치하겠다는 입장만 반복하며 구체적인 시점은 밝히지 않아 공분을 사고 있습니다. 
 
전문가들은 온라인 금 구매 시 한국조폐공사나 공인된 협회의 인증을 받은 제품인지 반드시 확인해야 한다고 조언합니다. 안전자산에 대한 선호도가 높아지는 시기를 틈타 기승을 부리는 온라인 가품 사기를 근절하기 위해서는 유통 플랫폼의 엄격한 입점 관리와 실질적인 피해 구제 대책이 시급한 시점입니다. 플랫폼의 책임 회피 속에 소비자들의 자구책 마련이 절실해지고 있습니다. 
 
플랫폼의 가품 방치와 책임 회피에 대해 여러분은 어떻게 생각하시나요?",14,0,0,48,4,0,0,,
17951143644087835,2026-03-05T08:33:58+0000,FEED,CAROUSEL_ALBUM,https://www.instagram.com/p/DVfweJsE7Cw/,4,0,"전쟁은 방금 터졌는데 기름값은 벌써 폭등하며 시민들을 분노케 하고 있습니다. 
 
중동 지역의 지정학적 위기가 고조되면서 국내 휘발유 가격이 L당 1800원대를 돌파했습니다. 지난달 말 전국 평균 1692원이었던 가격이 불과 닷새 만에 84원 이상 급등하며 서민 경제에 비상이 걸렸습니다. 특히 서울 일부 주유소는 1900원을 넘어 2000원대 진입을 눈앞에 두고 있어 택배 기사와 배달 노동자 등 생계형 운전자들의 타격이 극심한 상황입니다. 
 
보통 국제 유가 상승이 국내에 반영되기까지는 약 2주가 소요되지만 이번에는 이례적으로 즉각 반영되었습니다. 정유업계는 공급망 차단 우려와 수요 급증을 원인으로 꼽지만 소비자들은 가격 인상 시점의 불투명성을 지적합니다. 내릴 때는 천천히 올릴 때는 누구보다 빠르게 움직이는 정유사의 가격 정책에 대한 비판이 폭발하고 있습니다. 원유가 들어오기도 전에 판매가부터 올리는 행태는 납득하기 어렵다는 반응이 지배적입니다. 
 
정부는 상황의 심각성을 인지하고 석유사업법에 따른 최고가격 지정을 강력히 검토 중입니다. 공정거래위원회는 정유사 간의 담합 여부를 집중 조사할 예정이며 매점매석 행위에 대해서는 형사 처벌까지 예고했습니다. 행정력을 총동원해 불합리한 가격 거품을 걷어내겠다는 강력한 의지를 표명하고 있습니다. 정유사의 투명한 가격 정책 시행이 그 어느 때보다 절실한 시점입니다. 
 
국제 정세를 빌미로 한 기름값 쇼크를 막을 가장 현실적인 대책은 무엇일까요?",15,0,0,50,4,3,0,,
18151016557459375,2026-03-05T06:51:28+0000,FEED,CAROUSEL_ALBUM,https://www.instagram.com/p/DVfkvTbk4e5/,6,0,"단 3일의 연차로 9일간의 황홀한 자유를 얻을 수 있는 역대급 기회가 찾아옵니다. 
 
2026년도 월력요항에 따르면 올해 공휴일은 총 70일이며 주 5일 근무자 기준 연간 총 118일을 쉴 수 있습니다. 특히 하반기에는 추석 연휴를 시작으로 10월 개천절 대체공휴일과 한글날이 이어지는 징검다리 구간이 핵심입니다. 개천절 대체공휴일인 10월 5일과 9일 한글날 사이 평일에 연차를 활용하면 최대 9일간의 휴식이 가능해집니다. 
 
상반기 역시 5월 근로자의 날과 어린이날 사이 그리고 6월 지방선거 임시공휴일이 있어 짧고 굵은 연휴 설계가 가능합니다. 또한 18년 만에 공휴일로 지정된 7월 17일 제헌절은 본격적인 여름휴가 시즌 이전에 새로운 활력을 불어넣을 것으로 보입니다. 공휴일 숫자보다 연차를 어디에 배치하느냐에 따라 실제 휴식의 질이 완전히 달라진다는 사실이 중요합니다. 
 
이미 많은 직장인이 항공권을 선점하며 자신만의 휴가 계획을 세우는 데 돌입했습니다. 
 
당신이 꿈꾸는 2026년 가장 완벽한 황금연휴 시나리오는 언제인가요?",22,0,0,63,6,0,0,,
18011593061677164,2026-03-04T13:34:44+0000,FEED,CAROUSEL_ALBUM,https://www.instagram.com/p/DVduGGbE7hz/,3,0,"바닥인 줄 알고 던진 승부수가 개미들의 비명으로 돌아오고 있습니다. 
 
최근 중동 정세 불안과 외국인의 거센 매도세로 코스피와 코스닥이 동반 급락하자 개인 투자자들이 레버리지 ETF에 수천억 원을 쏟아부었습니다. KODEX 레버리지와 코스닥150 레버리지에만 하루 동안 약 7,000억 원의 순매수가 몰렸습니다. 삼성전자와 SK하이닉스 등 반도체 주도주에 대한 믿음으로 관련 레버리지 상품에도 막대한 자금이 유입되었습니다. 주가 하락을 공격적인 매수 기회로 판단한 투자자들이 시험대에 오른 모습입니다. 
 
하지만 일간 수익률을 2배로 추종하는 레버리지 상품의 특성상 하락장에서의 손실은 파괴적입니다. 실제로 최근 이틀간 주요 레버리지 ETF는 26%가 넘는 하락률을 기록하며 투자자들에게 큰 타격을 입혔습니다. 지수가 소폭만 더 밀려도 손실 폭은 순식간에 두 자릿수로 치솟는 구조입니다. 이에 대응해 금 현물이나 월배당 커버드콜 같은 방어형 상품으로 자금이 이동하는 양상도 함께 포착되고 있습니다. 
 
증권가 전문가들은 메모리 반도체 공급 부족에 따른 중장기적 우상향을 점치며 코스피 5,500선에서의 하방 경직성을 예상하고 있습니다. 단기적인 불확실성은 불가피하겠으나 실적 바탕의 주도주에 대한 투자 기회는 여전히 유효하다는 분석입니다. 다만 지금처럼 변동성이 극에 달한 시점에서는 무리한 베팅보다는 냉철한 포트폴리오 관리가 무엇보다 중요합니다. 
 
변동성의 파도 속에서 당신은 어떤 투자 원칙을 지키고 계신가요?",17,0,0,59,3,0,0,,
17864991270597177,2026-03-04T08:38:42+0000,FEED,CAROUSEL_ALBUM,https://www.instagram.com/p/DVdMN09E08e/,3,0,"죽은 줄 알았던 이란의 권력이 다시 살아나고 있습니다. 
 
미국과 이스라엘 공습으로 최고지도자 알리 하메네이가 사망한 뒤 그의 아들 모즈타바 하메네이가 차기 지도자로 선출됐다는 현지 보도가 나왔습니다. 트럼프 대통령은 유력 후보들이 전멸했다고 밝혔으나 이란은 모즈타바의 생존을 주장하며 반전을 예고했습니다. 
 
모즈타바는 공식 직책 없이도 2019년 미국의 제재 대상에 오를 만큼 강력한 실권자입니다. 혁명수비대의 지지 아래 그가 선출된 배경에는 군사와 안보 운영에 익숙한 강경파가 필요했기 때문입니다. 그는 선친의 강경 노선을 계승하며 내부 결속을 다지는 핵심 역할을 할 것으로 분석됩니다. 
 
새로운 지도자의 등장은 중동의 긴장감을 더욱 고조시킬 전망입니다. 이란의 항전 의지가 꺾이지 않는 한 미국과의 군사 충돌은 장기화될 가능성이 큽니다. 권력 승계가 공식화되면 국제 안보 지형은 걷잡을 수 없는 혼돈으로 빠져들 것입니다. 
 
끝없는 보복의 고리 속에서 우리는 평화의 실마리를 찾을 수 있을까요?",13,0,0,50,3,1,0,,
18112809733655503,2026-03-04T06:50:47+0000,FEED,CAROUSEL_ALBUM,https://www.instagram.com/p/DVc_3flkw53/,3,0,"박봄의 충격적인 자필 편지가 연예계를 뒤흔들고 있습니다. 
 
박봄은 자신의 사회관계망서비스에 장문의 편지를 올려 과거 약물 논란의 진실을 주장했습니다. 그녀는 당시 복용한 애더럴이 치료 목적이었으며 마약이 아니라고 강조했습니다. 특히 멤버의 사건을 덮기 위해 전 소속사와 산다라박이 자신을 마약 사용자처럼 몰아갔다는 폭탄 발언을 던졌습니다. 
 
이에 대해 산다라박 측은 즉각 사실무근이라는 입장을 내놓았습니다. 오히려 박봄의 현재 건강 상태가 우려된다며 애정 섞인 걱정을 표했습니다. 박봄은 소속사가 정량보다 많은 양을 썼다고 허위 보고를 했다며 자신의 영혼이 울고 있다고 고통을 호소하고 있습니다. 양측의 주장이 극명하게 엇갈리며 팬들에게 큰 충격을 안겼습니다. 
 
이번 사건은 케이팝 역사상 가장 사랑받았던 팀 내부의 균열을 보여주는 사례로 남을 전망입니다. 과거의 약물 규정과 소속사의 관리 방식에 대한 의문이 다시 제기되고 있습니다. 진실 공방이 가속화됨에 따라 양측의 신뢰 회복은 당분간 어려울 것으로 보입니다. 명확한 사실 관계 확인이 이루어지기 전까지 논란은 지속될 것입니다. 
 
상처만 남은 이 진실 공방 속에서 여러분은 누구의 손을 들어주고 싶으신가요?",17,0,0,63,3,0,0,,
18101967970917474,2026-03-04T03:13:50+0000,FEED,CAROUSEL_ALBUM,https://www.instagram.com/p/DVcnCfPE1Oq/,4,0,"오빠 자취방 놀러 가고 싶어요. 소름 끼치는 살인마의 유혹이었습니다. 
 
최근 강북구 모텔 연쇄 살인 사건의 피의자 김 씨가 피해자들을 유인하기 위해 보낸 메시지 내용이 공개되어 큰 충격을 주고 있습니다. 김 씨는 만남을 집요하게 제안하며 신뢰를 쌓은 뒤 범행을 저지른 것으로 드러났습니다. 누군가에게는 평범한 호감의 표시였을 대화가 피해자들에게는 죽음으로 가는 덫이 되어버린 참혹한 현실입니다. 
 
하지만 이번 비극은 충분히 막을 수 있었던 인재라는 지적이 나옵니다. 경찰은 이미 1월 초 상해 사건 신고를 접수했고 2월 초에는 김 씨를 유력한 용의자로 특정했음에도 즉각적인 체포에 나서지 않았습니다. 수사 기관의 안일한 판단과 느린 대처가 추가 희생자를 낳은 결정적인 원인이 되었습니다. 용의자를 알고도 한 달 넘게 방치한 사이 무고한 생명들이 차례로 희생되었습니다. 
 
유족 측 변호사는 초동 수사의 명백한 과실을 주장하며 강력한 항의를 이어가고 있습니다. 범죄 징후가 뚜렷한 상황에서도 행정적 절차를 이유로 검거를 미룬 대가는 너무나 가혹했습니다. 이번 사건은 우리 사회의 범죄 대응 시스템이 가진 치명적인 허점을 노출하며 전면적인 개편 필요성을 시사합니다. 더 이상 수사 기관의 방치로 인한 희생자가 나오지 않도록 엄중한 문책이 필요합니다. 
 
부실 수사가 초래한 연쇄 살인 대참사, 수사 기관의 책임은 어디까지라고 보시나요?",18,0,0,63,4,2,0,,
18182867857371514,2026-03-03T08:50:26+0000,FEED,CAROUSEL_ALBUM,https://www.instagram.com/p/DVaow8qk1iU/,3,0,"기적의 비만 치료제, 그 끝은 요요의 늪일까요? 
 
위고비와 마운자로 등 비만 치료제가 선풍적인 인기지만 투약 중단 후 발생하는 체중 반등이 새로운 과제로 떠올랐습니다. 연구에 따르면 약물 중단 환자들은 한 달 평균 0.4kg씩 체중이 늘며 이는 비약물 치료군보다 4배 빠른 속도입니다. 인체는 체중 감소 시 에너지 소비를 줄이고 식욕을 높여 원래대로 돌아가려는 생리적 보상 반응을 보이기 때문입니다. 식욕을 억제하던 호르몬 작용이 멈추는 순간 인체는 다시 과거의 상태를 회복하려 작동하기 시작합니다. 
 
하지만 사용자의 3분의 1은 감량 체중 유지에 성공했습니다. 핵심은 생활 습관의 유지입니다. 운동 병행 그룹은 약물 단독 그룹보다 성공률이 2배 높았습니다. 근육량 감소는 기초대사량을 낮춰 살이 찌기 쉬운 체질로 만들기에 하루 30분 이상의 유산소와 근력 운동 병행이 필수입니다. 약물의 도움을 받는 동안 망가진 대사 체계를 스스로 바로잡는 노력이 반드시 수반되어야 합니다. 
 
갑작스러운 중단보다는 단계적 감량으로 식욕 반동을 최소화해야 합니다. 수면과 스트레스 관리 역시 호르몬 균형에 매우 중요합니다. 결국 비만 치료제는 건강을 위한 시작점일 뿐 지속 가능한 삶을 완성하는 것은 스스로의 변화된 노력입니다. 
 
약물 이후의 삶을 지탱할 당신만의 건강한 습관은 무엇인가요?",20,0,0,72,3,2,0,,
18146002477463328,2026-03-03T07:45:40+0000,FEED,CAROUSEL_ALBUM,https://www.instagram.com/p/DVahWiJkyKg/,3,0,"하늘 위 향긋한 커피 한 잔이 당신의 건강을 심각하게 위협할 수 있습니다. 
 
최근 현직 승무원들이 기내에서 제공되는 온수와 커피의 위생 실태를 폭로하며 음용 자제를 강력히 권고하고 나섰습니다. 비행기 내부의 온수 공급 탱크가 제대로 청소되지 않은 채 장기간 운용되고 있어 세균 번식의 온상이 되고 있다는 주장입니다. 실제로 뉴욕시립대 식품정책센터의 조사에 따르면 일부 항공사의 음용수 수질이 위험 등급으로 평가받기도 했습니다. 
 
원인은 허술한 관리 체계와 비위생적인 처리 방식에 있습니다. 일부 항공사에서는 남은 커피를 화장실 변기에 버리도록 교육하는데 이 과정에서 변기 속 유해 세균과 오염 입자가 커피포트로 역유입될 가능성이 매우 높습니다. 이렇게 오염된 포트가 다시 커피 제조에 사용되면서 대장균이나 노로바이러스 같은 병원체에 노출될 위험이 커지는 구조입니다. 연착이나 재정 문제로 기내 청소가 후순위로 밀리는 현실 또한 위생 사각지대를 키우는 요인입니다. 
 
전문가들은 기내에서 가급적 밀폐된 병에 담긴 생수나 캔 음료를 선택할 것을 권장합니다. 화장실 문 손잡이나 잠금장치 역시 세균 오염이 심각하므로 손 소독제와 항균 물티슈를 지참하여 수시로 청결을 유지해야 합니다. 건조한 기내 환경에서 비강 점막을 보호하기 위한 충분한 수분 섭취도 필수적입니다. 안전한 비행을 위해 우리는 기내 위생의 진실을 정확히 마주해야 합니다. 
 
즐거운 여행길에서 건강을 지키기 위한 당신만의 철저한 기내 위생 수칙은 무엇인가요?",17,0,0,64,3,0,0,,
17873385381437796,2026-03-03T06:04:07+0000,FEED,CAROUSEL_ALBUM,https://www.instagram.com/p/DVaVuxbk5EW/,3,0,"지겨운 구내식당 대신 일대 맛집을 자유롭게 누비는 직장인들이 늘고 있습니다. 종이 식권이나 사내 식당 중심의 낡은 복지에서 벗어나 어디서나 결제 가능한 모바일 플랫폼이 새로운 기업 복지 모델로 급부상했습니다. NHN페이코의 기업복지 솔루션 연간 거래액은 2,900억 원을 돌파하며 전년 대비 32% 성장했고 특히 복지포인트 거래액은 1년 새 53%나 급증하며 시장 성장을 견인했습니다. 
 
이러한 변화의 핵심은 범용성과 임직원의 선택권 확대에 있습니다. 7만 개의 가맹점과 60만 개의 결제처를 확보한 플랫폼을 통해 일반 식당은 물론 편의점과 온라인 쇼핑몰까지 이용이 가능해졌습니다. 현대벤디스의 식권대장 역시 대기업 고객사가 두 배로 늘어나며 연간 거래액 1,800억 원을 기록하는 등 시장의 파이가 커지고 있습니다. 기업은 정산의 효율성을 얻고 직원은 취향에 맞는 점심을 즐기는 구조입니다. 
 
이제 기업 복지는 단순한 식대 관리를 넘어 종합 플랫폼 경쟁으로 진화하고 있습니다. 항공과 의료 등 대규모 사업장을 중심으로 디지털 전환이 가속화되면서 플랫폼 간의 제휴처 확대 경쟁은 더욱 치열해질 전망입니다. 복지가 플랫폼으로 재편되는 흐름은 당분간 지속될 것입니다. 
 
당신이 회사를 선택할 때 가장 중요하게 생각하는 점심 복지는 무엇인가요?",16,0,0,51,3,0,0,,
18361818817201404,2026-03-03T03:35:37+0000,FEED,CAROUSEL_ALBUM,https://www.instagram.com/p/DVaEvHGk5iS/,3,0,"65세 이상이면 누구나 누리던 보편적 복지의 틀이 근본적으로 흔들리고 있습니다.

 기초연금 예산은 2014년 6조 9천억 원에서 2026년 27조 4천억 원으로 12년 만에 4배 가까이 폭증하며 국가 재정의 지속 가능성에 대한 의문이 커졌습니다.

 현재는 월 소득 인정액이 247만 원 이하인 하위 70%가 대상이지만, 실제로는 근로 소득이 460만 원이 넘는 고소득 노인까지 혜택을 받는다는 비판이 거셉니다.

 지하철 무임승차 역시 서울 기준 2030년 예상 비용이 3,797억 원에 달해 운영 적자의 주범으로 꼽히는 실정입니다.

 정부는 단순히 연령을 상향하기보다 소득 하위 70%에게만 무임을 적용하여 비용을 71.7% 절감하는 최저소득보장 방식을 심도 있게 검토하고 있습니다.

 이는 대상을 점진적으로 좁히는 대신 저소득 어르신에게 연금액을 더 올려주는 선택과 집중의 패러다임 전환을 의미합니다.

 이미 해외 사례처럼 소득 수준에 따라 복지를 차등 적용하는 체계가 우리 사회에도 본격적으로 도입될 전망입니다.

 재정 건전성과 노인 빈곤 해결 사이에서 가장 합리적인 기준은 무엇일까요?",15,0,0,47,3,0,0,,
18086336351181886,2026-03-02T06:55:28+0000,FEED,CAROUSEL_ALBUM,https://www.instagram.com/p/DVX2z-_k-VS/,3,0,"지드래곤의 평범한 인사가 대륙을 발칵 뒤집어놓았습니다. 
 
지난달 두바이에서 열린 공연 중 음력설(Lunar New Year)이라는 명칭으로 새해 인사를 건넨 지드래곤을 향해 중국 누리꾼들의 비난이 쏟아지고 있습니다. 같은 무대에서 중국 아이돌이 중국설(Chinese New Year)이라고 발언한 것과 비교하며 조직적인 반발이 이어졌습니다. 이는 자국의 문화를 아시아 전체의 표준으로 강요하려는 중화주의적 사고방식에서 비롯된 갈등으로 분석됩니다. 누군가에게는 당연한 인사가 누군가에게는 실망이라는 이름의 공격 대상이 된 셈입니다. 
 
음력설은 특정 국가의 전유물이 아니라 한국의 설날과 베트남의 뗏 등 여러 국가가 공유하는 고유한 문화적 자산입니다. 글로벌 매체 역시 음력설이 다양한 아시아 국가의 명절임을 명확히 밝히며 명칭의 보편성을 강조한 바 있습니다. 사실에 근거하지 않은 억지 주장은 오히려 해당 국가의 문화적 품격을 떨어뜨리는 결과를 초래합니다. 스타들이 외압에 굴하지 않고 올바른 표현을 사용하는 것은 문화 왜곡을 막는 중요한 방어선이 됩니다. 
 
타국의 문화를 존중하는 글로벌 매너의 정착이 시급한 시점입니다. 보편적 가치로서의 문화를 지키려는 노력이 그 어느 때보다 중요해졌습니다. 
 
다른 나라의 고유한 문화를 존중하지 않는 집단적 행동을 우리는 어떻게 바라봐야 할까요?",18,0,0,75,3,0,0,,
17984882510790602,2026-03-02T02:55:11+0000,FEED,CAROUSEL_ALBUM,https://www.instagram.com/p/DVXbUJCE8J9/,4,0,"성교육 현장에서 강사들이 성희롱과 외압의 표적이 되고 있습니다.

 최근 실태조사에 따르면 프리랜서 성교육 강사의 58.8%가 수업 방해를 경험했고 27.9%는 성희롱 피해를 입었습니다.

 수강생들의 노골적인 성적 발언과 집단적 조롱이 빈번하게 발생하지만 이를 제재할 장치는 턱없이 부족합니다.

 이들의 월평균 소득은 1,518,000원 수준으로 응답자의 77.9%가 법정 최저임금에도 미치지 못하는 열악한 환경에서 심각한 고용 불안에 시달리고 있는 것으로 나타났습니다.

 문제의 본질은 지자체 위탁 구조와 정치적 개입에 있습니다. 학부모의 항의를 이유로 동성애나 페미니즘 등 특정 주제를 강의에서 제외하라는 부당한 검열이 일상화되어 교육의 독립성이 심각하게 훼손되고 있습니다.

 1 년 이하의 단기 계약이 반복되는 불안정한 신분 구조는 강사들이 피해를 입어도 당당하게 문제 제기를 하지 못하도록 가로막고 있습니다.

 성인지 감수성을 기르는 교육 주체로서 강사의 자율성을 보장하는 제도적 개선이 시급합니다.

 강사의 권익 보호와 올바른 성교육을 위해 우리 사회에 가장 시급한 대책은 무엇이라고 생각하시나요?",17,0,0,61,4,2,0,,
18360992599167535,2026-03-01T23:58:55+0000,FEED,CAROUSEL_ALBUM,https://www.instagram.com/p/DVXHJFVE10f/,4,0,"멀쩡해 보이는 식용유가 당신의 건강을 서서히 파괴하고 있을지 모릅니다. 
 
튀김이나 전을 부친 뒤 남은 기름을 색이 맑다는 이유로 다시 사용하는 가정이 많습니다. 하지만 눈에 보이는 색상과 달리 기름 내부에서는 이미 치명적인 화학 변화가 일어나고 있습니다. 식품의약품안전처에 따르면 식용유는 열과 공기에 노출되는 순간부터 산화가 시작됩니다. 
 
가열 과정에서 생성된 과산화물은 알데하이드류 등 2차 산화 생성물로 분해됩니다. 특히 170 도에서 180 도 이상의 고온 조리가 반복될수록 총 극성물질 수치가 급격히 높아집니다. 이는 기름의 분해와 산화 부산물을 합친 지표로 해외에서는 엄격히 제한하는 수치입니다. 단백질 찌꺼기가 남은 육류 튀김유는 변질 속도가 더욱 빠릅니다. 
 
낮은 온도에서 연기가 나거나 점도가 높아지는 것은 변질의 강력한 신호입니다. 건강을 지키기 위해서는 조리 직후 찌꺼기를 걸러 밀폐 보관하거나 상태가 의심될 때 과감히 버리는 결단이 필요합니다. 폐기 시에는 환경을 위해 전용 수거함을 이용해야 합니다. 
 
절약과 건강 사이에서 당신은 어떤 가치를 선택하시겠습니까?",18,0,0,62,4,0,0,,
18059050370374423,2026-03-01T16:39:18+0000,FEED,CAROUSEL_ALBUM,https://www.instagram.com/p/DVWU1T3k6Wn/,4,0,"집을 팔지 않는 선택이 고통이 될 시대가 옵니다. 
 
이재명 대통령은 싱가포르 순방 중 다주택자와 비거주 주택 보유자들을 향해 강력한 경고 메시지를 던졌습니다. 주택을 소유하는 행위 자체는 개인의 자유 영역이지만 그 결과가 경제적 이익이 될지 아니면 손실이 될지는 오직 정부의 정책에 달려 있다는 점을 분명히 한 것입니다. 이는 지금까지의 부동산 불패 신화에 의존해온 투기 세력에 대한 정면 승부 선언으로 풀이됩니다. 
 
그동안의 부동산 실패는 투기꾼의 도덕성 결여보다 투기가 가능하도록 방치한 정부와 정치권의 제도적 결함에 원인이 있다고 분석했습니다. 앞으로는 세금과 금융 그리고 규제 시스템을 철저히 재설계하여 다주택 보유가 사회적 비용에 상응하는 막대한 부담이 되도록 만들 계획입니다. 좁은 국토에도 불구하고 투기 폐해를 극복한 싱가포르의 사례를 본보기 삼아 망국적 투기 고리를 확실히 끊어내겠다는 의지입니다. 
 
주택 투기가 청년들의 미래를 앗아가고 국가의 근간을 흔드는 비정상적인 상황을 더 이상 좌시하지 않겠다는 강력한 추진력을 예고했습니다. 정부 정책을 불신하며 이익을 쫓는 선택이 결국 뼈아픈 손실로 돌아가는 정상 사회를 구현하겠다는 구상입니다. 
 
투기가 더 이상 돈이 되지 않는 나라에서 우리는 어떤 변화를 맞이하게 될까요?",18,0,0,79,4,1,0,,
18094356374060976,2026-03-01T16:36:40+0000,FEED,CAROUSEL_ALBUM,https://www.instagram.com/p/DVWUh_OE0-Z/,3,0,"두바이의 상징인 7성급 호텔이 화염에 휩싸였습니다.

 중동의 지정학적 위기가 민간 영역으로 번지며 두바이 전역이 공포에 빠졌습니다.

 미국의 이란 공습에 대한 보복으로 이란의 공격이 시작되면서 세계적 허브인 두바이 국제공항이 전면 폐쇄되는 초유의 사태가 벌어졌습니다.

 공항 내부는 드론 공격으로 인한 파편으로 아수라장이 되었으며 현장 직원 4명이 부상하는 등 인명 피해까지 속출하고 있습니다.

 공격의 여파는 주요 관광 시설까지 미치고 있습니다. 랜드마크인 7성급 부르즈 알 아랍 호텔 외벽에 드론 파편이 충돌하며 화재가 발생했고 인공섬 팜 주메이라에도 드론이 떨어져 불길이 치솟았습니다.

 페르시아만 인접성으로 인해 두바이는 더 이상 안전지대가 아닙니다.

 군사 기지를 겨냥한 보복이 민간인을 위협하는 무차별적 공격으로 변질되며 긴장감은 최고조에 달했습니다.

 현재 총영사관은 교민들에게 외출 자제와 비상식량 및 의약품 확보를 긴급 당부했습니다.

 국가 간의 복수가 무고한 시민의 일상을 파괴하고 세계 경제의 동맥을 위협하고 있습니다.

 확전의 기로에 선 중동 정세가 가져올 파장은 어디까지일까요? 민간 시설을 겨냥한 보복 공격에 대해 당신은 어떻게 생각하시나요?",17,0,0,61,3,5,0,,
18090988889111711,2026-03-01T14:29:35+0000,FEED,CAROUSEL_ALBUM,https://www.instagram.com/p/DVWF_NZk7kJ/,4,0,"텅 빈 상가와 늘어가는 임대 딱지가 우리 골목의 현주소입니다. 
 
음식업과 부동산임대업을 하는 사업자 수 감소세가 20 개월 넘게 이어지고 있습니다. 올해 1 월 기준 음식업 가동 사업자는 801,887 명으로 전년 동월 대비 1.9% 감소하며 21 개월 연속 하락세를 기록했습니다. 특히 30 대 미만 청년 사업자는 1 년 전보다 4.5% 줄어들어 창업보다 폐업이 많은 업종이 14 개 중 11 개에 달합니다. 내수 경기 악화로 인해 자영업자의 매출이 급감하면서 폐업과 휴업이 속출하고 있는 비극적인 상황입니다. 
 
상가 공실률도 심각한 수준입니다. 중대형 상가의 공실은 전년 대비 13.8% 늘었고 소규모 상가도 8.1% 증가했습니다. 임대 수익이 정체되고 공실이 늘어나면서 버티지 못한 임대사업자들까지 시장을 떠나고 있습니다. 청년 고용률은 43.6% 로 코로나 시기 이후 5 년 만에 가장 낮은 수치를 기록하며 경제 활력이 급격히 떨어지고 있습니다. 경기 반등의 온기가 아직 내수 시장까지 미치지 못해 자영업자들의 한숨은 깊어져만 갑니다. 
 
골목 상권의 붕괴를 막고 다시 활기를 불어넣기 위해 우리 사회가 가장 먼저 해결해야 할 과제는 무엇일까요?",18,0,0,61,4,0,0,,
18084213725261515,2026-03-01T14:27:07+0000,FEED,CAROUSEL_ALBUM,https://www.instagram.com/p/DVWFtMQk4Rw/,4,0,"내리지 않았는데 돈이 나갑니다. 서울교통공사는 오는 7일부터 지하철 하차 시 교통카드를 태그하지 않으면 다음 승차 때 기본운임을 추가 부과하는 도시철도 하차 미태그 페널티 제도를 시행합니다. 지난해 1월부터 11월까지 서울교통공사 구간에서만 하차 미태그 사례가 하루 평균 8,000건에 달하는 등 제도적 허점을 노린 부정 승차가 만연했기 때문입니다. 기존에는 버스와 지하철 사이 환승할인을 받지 못하는 페널티만 있었으나 이제는 도시철도만 이용할 때도 적용됩니다. 
 
거리에 따른 추가 운임을 고의로 회피하는 행위를 방지하고 정당하게 운임을 지불하는 시민과의 형평성을 맞추기 위한 조치입니다. 적용 대상은 선불 및 후불 교통카드이며 추가 부과 금액은 성인 1,550원, 청소년 900원, 어린이 550원입니다. 다만 정기권이나 1회권, 우대권 등은 적용 대상에서 제외됩니다. 고의적인 부정 승차를 막기 위한 이 제도가 대중교통 이용 문화를 어떻게 바꿀지 주목됩니다. 새로운 부담이 아닌 제도적 공백을 보완하는 이번 변화를 통해 투명한 요금 지불 문화가 정착되기를 기대합니다. 
 
당신은 이 페널티 제도가 부정 승차를 근절하는 실효성 있는 대책이라고 생각하시나요?",20,0,0,58,4,0,0,,
17999445878879787,2026-03-01T12:41:53+0000,FEED,CAROUSEL_ALBUM,https://www.instagram.com/p/DVV5qaGE-GH/,5,0,"한 달 만에 12%가 폭등했습니다. 중동발 위기가 고조되며 안전자산인 금값이 기록적인 상승세를 보이고 있습니다. 미국과 이스라엘의 이란 공습 소식에 심리적 불안감이 극대화된 결과입니다. 국내 금 시세는 1g당 24만 원 선을 회복했고 관련 액티브 ETF 수익률도 13.48%를 기록했습니다. 글로벌 시장에서도 금 선물 가격이 5,200달러를 넘어서며 7개월 연속 상승 곡선을 그리는 중입니다. 국제 은값 역시 18% 급등하며 귀금속 시장 전반이 들썩이고 있습니다. 
 
이번 사태의 핵심 원인은 지정학적 리스크의 확대입니다. 이란 최고 지도자 사망 소식과 미 대법원의 관세 판결에 따른 불확실성이 더해지며 실물 자산 가치가 치솟고 있습니다. 지정학적 긴장은 귀금속 가격의 추가 상승을 이끌 전망입니다. 하지만 무작정 낙관하기는 이릅니다. 연준의 기준금리 추가 인상 가능성이 금값 상한선을 누를 수 있는 변수로 꼽히기 때문입니다. 금리가 오르면 금의 투자 매력도는 상대적으로 낮아지는 구조를 가집니다. 금값의 행방은 어디로 향할까요?",19,0,0,69,5,3,0,,
17860113156546744,2026-03-01T00:36:43+0000,FEED,CAROUSEL_ALBUM,https://www.instagram.com/p/DVUmrKLk4jG/,3,0,"나, 한국에 가서 이렇게 예뻐졌어.

 전 세계 SNS를 뜨겁게 달구고 있는 Korea Glow Up 챌린지를 아시나요?

 단순한 관광을 넘어 외모의 변화를 목표로 삼는 K-뷰티 투어가 글로벌 대세로 자리 잡았습니다. 지난해 한국을 찾은 외국인 환자 수는 약 1,170,000 명으로 전년 대비 2 배나 급증했습니다.

 이 중 무려 68% 가 피부과와 성형외과를 방문하며 한국의 수준 높은 미용 의료 서비스를 경험하고 있습니다.

 이러한 열풍의 배경에는 세계적 수준의 품질과 압도적인 가격 경쟁력이 있습니다.

 인도네시아 등 현지보다 절반 이하로 저렴한 시술 비용과 아마존 가격보다 훨씬 합리적인 화장품 가격이 여행객들을 끌어모으고 있습니다. 실제로 화장품 수출액은 사상 처음으로 100 억 달러를 돌파하며 핵심 산업으로 부상했습니다.

 여행사들은 이제 피부 시술과 퍼스널컬러 진단, 쇼핑을 결합한 전용 패키지 상품을 출시하며 폭발적인 수요에 대응하고 있습니다.

 전문가들은 K-컬처의 인기와 한국의 미용 기술력이 시너지를 내며 이러한 흐름이 장기화될 것으로 전망합니다.

 의료관광 코디네이터와 통역 인력의 상주는 물론, 맞춤형 경제 교육과 연계된 뷰티 콘텐츠가 한국 관광의 핵심 경쟁력이 되었습니다.

 한국이 전 세계 뷰티 산업의 중심지로 확고히 자리 잡는 지금, 우리가 준비해야 할 다음 단계는 무엇일까요? 

 글로벌 뷰티 성지가 된 한국의 변화를 보며 여러분은 어떤 가능성을 발견하셨나요?",17,0,0,64,3,0,0,,
18109535476743051,2026-02-28T00:11:01+0000,FEED,CAROUSEL_ALBUM,https://www.instagram.com/p/DVR-79WE0oF/,5,0,"막막한 미래 앞에서 잠시 숨을 고르고 있는 44만 명의 청년을 위해 정부가 전방위적인 지원 사격에 나섰습니다. 
 
고용노동부, 중소벤처기업부, 재정경제부, 행정안전부 등 4개 주요 부처가 협력하여 쉬는 청년들을 위한 역대급 규모의 종합 대책을 발표했습니다. 이번 정책은 단순한 일자리 제공을 넘어 주거, 자산 형성, 창업, 지역 정착까지 청년 삶의 전 과정을 아우르는 입체적인 지원을 골자로 합니다. 특히 구직 의욕을 잃은 청년들을 위해 청년도전지원사업 참여 인원을 확대하고, 미취업 청년들을 위한 일자리 첫걸음 보장센터를 전국에 신설하여 밀착 관리를 시작합니다. 
 
구체적인 내용을 살펴보면 실질적인 경제적 혜택이 눈에 띕니다. 2026년 6월 출시 예정인 청년미래적금에 대한 이자소득 비과세 혜택을 추진하여 청년들의 목돈 마련을 돕습니다. 또한 창업을 꿈꾸는 청년들에게는 최대 1억 원의 대출 및 보증 지원과 4,000억 원 규모의 혁신창업펀드를 통해 든든한 버팀목이 되어줄 예정입니다. 수도권 노후 청사와 국유지를 활용한 공공주택 공급은 가장 큰 고민인 주거 안정을 해결하는 핵심 열쇠가 될 것으로 기대됩니다. 
 
정부는 이번 정책을 통해 청년들이 사회에 안착할 수 있는 튼튼한 사다리를 놓겠다고 약속했습니다. 지방 소멸 위기 지역에 매년 10개소의 청년마을을 조성하여 지역 청년들의 자립을 돕는 등 세심한 배려도 잊지 않았습니다. 이제는 청년들이 이러한 정책을 적극적으로 활용하여 다시 한번 도전할 용기를 낼 차례입니다. 
 
당신에게 가장 필요하다고 느껴지는 정책은 무엇인가요?",18,0,0,86,5,0,0,,
17854353186653428,2026-02-27T07:52:40+0000,FEED,CAROUSEL_ALBUM,https://www.instagram.com/p/DVQO-WQE-xI/,3,0,"60만 원이라는 공돈의 유혹 뒤에는 정교하게 설계된 중독의 덫이 숨어 있습니다. 
 
틱톡 라이트가 2년 만에 사용자 700만 명을 돌파했습니다. 미션 수행 시 현금성 포인트를 지급하는 보상형 이벤트가 성장을 견인했습니다. 특히 최대 60만 원 상당의 보상을 내건 이벤트는 이용자들을 강력하게 끌어당기며 기존 플랫폼을 압도하는 성장세를 기록 중입니다. 누군가에게는 쏠쏠한 용돈벌이로 보이지만 그 이면에는 심각한 사회적 부작용이 도사리고 있습니다. 
 
배경에는 콘텐츠 소비에 금전적 보상을 결합한 전략이 있습니다. 이용자의 체류 시간을 극대화하여 앱 의존도를 높이는 구조입니다. 유럽연합은 이미 이러한 모델이 청소년의 SNS 중독을 초래한다고 판단하여 해당 기능을 철수시킨 바 있습니다. 보상을 받기 위해 끊임없이 영상을 시청하게 만드는 방식이 뇌의 보상 체계를 교란하고 일상생활을 마비시킬 수 있다는 경고입니다. 
 
반면 한국은 위험성을 평가할 공식 기준이 없어 규제 사각지대에 놓여 있습니다. 경제적 이득을 미끼로 한 경쟁이 심화되면서 사용자의 일상 파괴에 대한 우려가 커지고 있습니다. 수익 창출이라는 명목 아래 지불해야 할 중독의 비용은 늘어갈 전망입니다. 기업의 이윤 추구가 개인의 정신 건강보다 우선시되는 상황에서 제동 장치가 시급한 시점입니다. 
 
혜택과 중독 사이에서 우리가 지켜야 할 적정 선은 어디일까요?",20,0,0,76,3,2,1,,
18054942809450215,2026-02-26T11:39:15+0000,FEED,CAROUSEL_ALBUM,https://www.instagram.com/p/DVOEHC8E9Gy/,4,0,"우리가 매일 쓰는 금융 앱이 나의 가장 민감한 정보를 몰래 팔아넘기고 있었습니다. 
 
카카오페이가 지난 6년 동안 무려 4,045만 명에 달하는 고객의 개인 신용 정보를 중국 알리페이에 무단으로 제공한 사실이 드러났습니다. 2018년부터 최근까지 고객 동의 절차도 없이 총 542건의 방대한 데이터가 넘어간 것입니다. 이에 금융당국은 신용정보법 위반 등을 근거로 약 129억 원의 과징금을 부과하며 철퇴를 가했습니다. 
 
사건의 본질은 보안 시스템의 허점과 기업의 윤리 의식 결여에 있습니다. 결제 서비스 고도화를 핑계로 고객의 이름과 전화번호는 물론 상세한 결제 내역까지 암호화되지 않은 채 전송된 정황도 포착되었습니다. 이는 단순한 행정 실수를 넘어선 명백한 이용자 기만행위입니다. 거대 핀테크 기업의 성장이 고객의 희생 위에 세워진 것은 아닌지 깊은 의구심을 자아냅니다. 
 
이번 사태로 국민적 불신은 걷잡을 수 없이 커지고 있습니다. 편리함이라는 명목 아래 우리의 개인정보가 얼마나 값싸게 취급되고 있는지 재점검해야 할 때입니다. 
 
기업의 성장이 고객의 신뢰보다 우선시되는 현실에서 여러분은 어떤 선택을 하시겠습니까?",15,0,0,53,4,1,0,,
18078550115068438,2026-02-26T09:34:05+0000,FEED,CAROUSEL_ALBUM,https://www.instagram.com/p/DVN1yPqk6gt/,4,0,"운동 끝난 뒤 세탁기에 바로 넣은 운동복이 당신의 옷을 망치고 있습니다. 
 
위생을 위해 실천한 즉각적인 세탁이 오히려 옷감 내부에 지독한 악취를 가두는 역효과를 낸다는 사실이 밝혀졌습니다. 세탁을 마친 후에도 운동복에서 퀴퀴한 냄새가 나거나 다시 입었을 때 불쾌한 향이 되살아난다면 잘못된 보관과 세탁 습관을 점검해야 합니다. 
 
기능성 소재는 땀과 피지를 섬유 속으로 빠르게 흡수하는 특성이 있습니다. 땀이 증발하지 못한 상태로 세탁기에 방치되면 습기가 갇혀 세균이 폭발적으로 번식합니다. 이때 발생한 냄새 분자는 섬유 깊숙이 자리 잡아 일반적인 세정으로는 완벽히 제거되지 않습니다. 또한 섬유유연제 사용은 기능성 의류 표면을 코팅하여 통기성을 저하시키고 오히려 세균을 가두는 환경을 조성합니다. 
 
따라서 세탁 전 통풍이 잘되는 곳에서 땀을 완전히 말리는 과정이 필수적입니다. 옷을 뒤집어 안쪽 면의 오염물을 직접 제거하고 세제 양을 절반으로 줄이는 것이 옷 수명을 늘리는 비결입니다. 30도 이하의 찬물 세탁과 자연 건조만이 기능성 의류의 탄성과 성능을 온전히 유지할 수 있습니다. 
 
여러분은 지금 소중한 운동복을 제대로 관리하고 계신가요?",17,0,0,61,4,0,0,,
18000278588905831,2026-02-26T05:45:01+0000,FEED,CAROUSEL_ALBUM,https://www.instagram.com/p/DVNbkeyk6NH/,3,0,"계곡의 불법 시설들이 연기처럼 사라졌다는 보고가 올라왔습니다. 
 
최근 행정안전부는 전국 하천과 계곡 내 불법 점용 시설을 조사한 결과 총 835건이 파악되었다고 정부에 보고했습니다. 하지만 이 수치는 과거 경기도 한 곳에서만 적발되었던 1만 1,727개의 불법 시설물 규모와 비교했을 때 상식적으로 납득하기 어려운 수준입니다. 누군가 의도적으로 현황을 축소하거나 은폐했다는 의혹이 제기되는 지점입니다. 
 
이러한 부실 조사의 배경에는 불법 시설 업주와 지역 공직자 사이의 뿌리 깊은 유착 관계가 자리 잡고 있다는 분석이 지배적입니다. 단속 정보를 미리 흘리거나 현장 조사를 형식적으로 진행하며 국가 행정의 근간을 흔드는 행태가 반복되고 있습니다. 이는 단순한 행정 실수가 아닌 직무유기와 허위공문서 작성에 해당하는 중대한 범죄 행위입니다. 
 
정부는 이번 부실 보고를 엄중하게 인식하고 행안부를 통한 재조사와 전수조사를 지시했습니다. 만약 이번 재보고 기회마저 놓친다면 관계자들에 대한 형사 처벌과 강력한 징계가 뒤따를 전망입니다. 공공의 자산인 계곡이 특정 개인의 사익을 위해 점유되는 악습을 끊어내기 위한 강력한 법 집행이 예고되었습니다. 
 
국민 모두의 쉼터인 자연을 되찾기 위해 우리에게 가장 필요한 조치는 무엇이라고 생각하시나요?",15,0,0,55,3,0,0,,
17849555376641052,2026-02-26T05:42:24+0000,FEED,CAROUSEL_ALBUM,https://www.instagram.com/p/DVNbRWFk3C0/,5,0,"가족이라는 가장 단단한 울타리가 누군가에게는 가장 날카로운 흉기가 되었습니다. 
 
방송인 박수홍 씨의 매니지먼트를 전담하며 수십억 원을 횡령한 혐의로 기소된 친형 박 모 씨에게 징역 3년 6개월의 실형이 최종 확정되었습니다. 대법원은 26일 원심의 판결을 유지하며 상고를 기각했습니다. 함께 기소된 형수 역시 일부 횡령 가담 혐의가 인정되어 징역 1년에 집행유예 2년이 확정되었습니다. 2011년부터 10년 넘게 이어진 이 잔인한 횡령 사건은 연예계뿐만 아니라 우리 사회 전반에 가족 간 신뢰와 경제적 윤리에 대한 무거운 질문을 던지고 있습니다. 
 
재판부는 이번 범행이 가족회사라는 특수한 환경과 형제 사이의 신뢰를 악용했다는 점을 명확히 지적했습니다. 내부 감시 체계가 취약한 구조를 이용해 회사 자금을 아파트 관리비나 변호사 선임료 등 사적인 용도로 지출한 행위는 죄질이 매우 불량하다고 판단했습니다. 특히 피해자가 전적으로 의지했던 혈육에 의해 벌어진 일이라는 점에서 법원은 가중 처벌 요소를 적용했습니다. 1심보다 무거워진 2심의 실형 선고가 대법원에서 확정되며 긴 법정 공방은 일단락되었습니다. 
 
이번 판결은 법인이라는 공적 영역과 가족이라는 사적 영역이 혼재된 상황에서 벌어지는 경제 범죄에 경종을 울리고 있습니다. 평생을 일궈온 자산을 믿었던 가족에게 탈취당한 피해자의 상처는 법적 처벌만으로 온전히 치유되기 어려울 것입니다. 물질적 풍요보다 우선되어야 할 인간의 도리와 신뢰의 가치가 무너진 현실을 우리는 어떻게 마주해야 할까요? 
 
무너진 신뢰와 잃어버린 시간 앞에서 진정한 정의는 무엇이라고 생각하시나요?",15,0,0,50,5,0,0,,
18121824907594676,2026-02-26T04:44:58+0000,FEED,CAROUSEL_ALBUM,https://www.instagram.com/p/DVNUsw9kxjj/,5,0,"일상의 도로가 공포의 추락 현장으로 변했습니다. 
 
지난 저녁 서울 반포대교를 달리던 포르쉐가 난간을 뚫고 한강 둔치로 추락하는 사고가 발생했습니다. 사고 차량은 아래 도로를 달리던 차량을 덮친 뒤 멈춰 섰으며 이 과정에서 운전자들이 다쳐 병원으로 이송되었습니다. 단순 사고인 줄 알았던 현장에서 수십 개의 일회용 주사기와 향정신성 의약품인 프로포폴이 발견되면서 사회적 충격을 주고 있습니다. 
 
경찰은 운전자를 약물 운전 및 마약류 관리법 위반 혐의로 긴급체포했습니다. 차량 내부에서 발견된 의료용 관과 약물이 채워진 주사기는 운전자가 상습적으로 투약했거나 사고 직전 약물을 사용했을 가능성을 강력하게 시사합니다. 최근 고가 외제차 운전자들의 약물 사고가 반복되는 현상은 의료용 마약류 관리 체계의 허술함과 공권력을 경시하는 비뚤어진 특권 의식을 여실히 보여줍니다. 
 
약물 운전은 음주보다 감지하기 어렵고 환각으로 인해 대형 참사로 이어질 위험이 큽니다. 퇴근길 시민들이 밀집한 한강 근처에서 발생한 이번 사고는 자칫 대규모 인명 피해로 번질 뻔한 아찔한 상황이었습니다. 처벌 수위를 높여야 한다는 목소리가 커지고 있습니다. 
 
무고한 생명을 위협하는 도로 위 시한폭탄 약물 운전을 막을 방법은 무엇일까요?",123,0,1,252,6,3,0,,
18090896897024589,2026-02-26T02:08:10+0000,FEED,CAROUSEL_ALBUM,https://www.instagram.com/p/DVNCwVjkx1T/,3,0,"어쩌면 당신은 매일 아침 스스로 머리카락을 뽑고 있을지도 모릅니다. 
 
많은 사람이 찰랑거리는 머릿결을 위해 값비싼 제품을 사용하지만 정작 일상 속 사소한 습관들이 모낭을 파괴하고 있다는 사실은 간과하곤 합니다. 

 전문가들은 머리를 세게 묶는 행위가 견인성 탈모를 유발하며 이 습관이 반복될 경우 영구적인 탈모로 이어질 수 있다고 강력히 경고합니다.

 또한 젖은 머리로 잠드는 습관은 두피를 세균과 곰팡이가 번식하기 쉬운 환경으로 만들어 비듬과 모낭염을 일으키는 주범이 됩니다. 
 
모발의 95%를 차지하는 케라틴 단백질을 지키기 위해서는 극단적인 다이어트를 피하고 양질의 단백질을 포함한 풍부한 영양을 공급해야 합니다.

 특히 젖은 상태에서의 고데기 사용이나 드라이 샴푸 방치는 모발 구조를 근본적으로 파괴하고 끊어지게 만드는 치명적인 행위입니다.

 비오틴 같은 영양제에 무분별하게 의존하기보다 잘못된 생활 습관을 하나씩 바로잡는 것이 모발 건강을 회복하는 가장 확실한 방법입니다. 
 
당신의 풍성한 내일을 위해 오늘 당장 포기할 수 있는 나쁜 습관은 무엇인가요?",19,0,0,64,3,0,0,,
18085055333181804,2026-02-25T23:26:27+0000,FEED,CAROUSEL_ALBUM,https://www.instagram.com/p/DVMwP3mk-ee/,2,0,"최근 중고거래 플랫폼의 구인 게시판에 상상을 초월하는 이색 공고들이 올라오며 큰 논란이 일고 있습니다.

 남편의 불륜 상대를 불러달라며 현금을 제시하거나 지각을 피하기 위해 집 비밀번호를 알려줄 테니 방문해서 깨워달라는 요청까지 등장했습니다.

 단순히 바퀴벌레를 잡아주거나 줄을 서주는 소일거리를 넘어 이제는 법적 분쟁이나 범죄로 이어질 수 있는 위험한 영역까지 거래의 대상이 되고 있습니다.

 이러한 현상의 배경에는 국내 일인 가구가 팔백만 가구를 돌파하며 세 집 중 한 집이 나 홀로 가구인 현실이 자리 잡고 있습니다.

 과거에는 지인이나 이웃에게 부탁했을 사적인 도움들을 이제는 시장에서 구매하는 방식으로 해결하고 있는 것입니다.

 부탁할 사람이 없는 고립된 개인이 플랫폼을 통해 즉각적인 해결을 시도하면서 개인화의 심화가 서비스의 사적 외주화라는 기형적인 결과물을 낳았습니다.

 하지만 사적 복수를 대행하게 하는 행위는 명예훼손이나 무단침입 같은 법적 처벌로 이어질 가능성이 매우 큽니다.

 플랫폼의 편리함 뒤에 숨겨진 안전 문제와 윤리적 기준에 대한 사회적 합의가 절실한 시점입니다.

 모든 관계가 거래로 대체되는 오늘날 당신은 이웃을 진정으로 신뢰할 수 있습니까?",19,0,0,65,2,0,0,,
18068978906228712,2026-02-25T12:02:03+0000,FEED,CAROUSEL_ALBUM,https://www.instagram.com/p/DVLh7KgE4ny/,3,0,"미국 사법부 판결조차 무시하는 전례 없는 관세 폭격이 시작되었습니다.

 트럼프 대통령은 연방 대법원이 상호관세를 위법이라 판결했음에도 불구하고 기존 관세 정책을 강행하겠다는 의지를 국정연설에서 공식화했습니다.

 현재 대다수 국가와 기업들이 기존 협정을 유지하려 한다는 점을 강조하며 만약 이를 거부할 경우 대통령의 법적 권한을 동원해 훨씬 더 불리한 조건의 새로운 합의를 강요하겠다고 경고했습니다.

 이러한 강경책의 배경에는 관세 수입으로 미국의 소득세 체계를 대체하겠다는 파격적인 경제 구상이 있습니다.

 외국 기업에 부과하는 세금을 늘려 자국민의 재정적 부담을 덜어주겠다는 전략이지만 이는 글로벌 공급망의 붕괴와 극심한 인플레이션을 초래할 위험이 큽니다.

 특히 수출 의존도가 높은 국가들에게는 미국 시장 접근을 담보로 한 거대한 무역 장벽이 세워지는 셈입니다.

 법치주의와 경제 질서가 충돌하는 가운데 미국발 관세 전쟁은 이제 피할 수 없는 현실이 되었습니다.

 자국 우선주의가 불러올 글로벌 경제의 대혼란 속에서 우리에게 남겨진 생존 전략은 무엇이라고 생각하십니까?",17,0,0,59,3,0,0,,
17868746718562827,2026-02-25T08:56:08+0000,FEED,CAROUSEL_ALBUM,https://www.instagram.com/p/DVLMpgMk0P4/,3,0,"공직 사회의 텃세가 한 공무원의 퇴사까지 불러왔는지에 관심이 쏠리고 있다.

 충주시 공식 유튜브 채널을 이끌던 뉴미디어 담당자는 구독자 약 97만 명을 앞두고 사직서를 제출했고, 이 소식 이후 채널 구독자가 약 21만 명 줄어든 것으로 집계됐다.

 일부 시청자 댓글을 통해 조직 내 시기·질투와 따돌림 의혹이 제기되자, 국민신문고에는 집단 따돌림 여부를 조사해 달라는 민원이 4건 접수됐다.

 이에 시는 관련 부서를 중심으로 사실관계를 점검했으나, 내부 갈등이나 따돌림 정황은 확인되지 않았다고 밝혔다.

 本人 역시 공식 입장을 통해 왕따설과 내부 갈등설은 사실이 아니며, 퇴사는 개인적인 목표와 새로운 도전에 대한 고민 끝에 내린 결정이라고 설명했다.

 그럼에도 텃세 논란과 구독자 반응이 이어지는 상황에서, 당신은 이 퇴사와 논란의 핵심을 어디에 두고 보고 있나요?",18,0,0,50,3,1,0,,
17906881323358253,2026-02-25T08:45:55+0000,FEED,CAROUSEL_ALBUM,https://www.instagram.com/p/DVLLeq1E6qj/,3,0,"256억 원이라는 거액의 승소금을 포기하며 던진 승부수의 끝은 어디일까요. 
 
하이브와의 법정 공방 일심에서 승소한 민희진 대표가 모든 분쟁을 종결하자는 파격적인 제안을 내놓았습니다. 본인이 법적으로 보장받은 풋옵션 대금 전액을 내려놓는 대신 현재 진행 중인 모든 민형사상 소송을 즉각 중단하고 멤버들과 팬들이 입은 상처를 회복하는 데 집중하자는 것이 핵심입니다. 단순히 개인의 이익을 넘어 파트너사와 팬덤을 향한 모든 고발까지 멈추라는 요구입니다. 
 
이런 결정은 뉴진스 멤버들이 자유롭게 활동할 수 있는 환경을 최우선으로 고려한 선택으로 분석됩니다. 일심 법원은 하이브가 제기한 주주간계약 해지 소송을 기각하고 민 대표의 권리를 인정하며 사실상 그녀의 손을 들어주었습니다. 그럼에도 불구하고 소모적인 법정 싸움을 멈추고 다시 창작의 영역으로 복귀하겠다는 강한 의지를 표명한 것입니다. 아티스트가 다시 빛날 수 있는 길을 열어주는 것이 어른들의 역할임을 강조했습니다. 
 
이 제안이 수용될 경우 케이팝 산업을 뒤흔들었던 전례 없는 내홍은 새로운 국면을 맞이하게 될 전망입니다. 다만 질의응답 없는 일방적 입장 발표에 대한 비판도 존재하는 상황입니다. 어른들의 권력 다툼 속에서 아티스트를 보호하기 위한 가장 현실적인 해결책은 무엇이라고 생각하십니까?",19,0,0,63,3,1,0,,
18040938662740584,2026-02-25T06:45:55+0000,FEED,CAROUSEL_ALBUM,https://www.instagram.com/p/DVK9vrfE_-L/,5,1,"교과서 한 지문을 1분 안에 끝까지 읽지 못하는 초중학생이 대부분이라는 조사 결과가 나왔다.

 2024년 충남 지역 검사에서 초등학생의 98%, 중학생의 92%가 제한 시간 내 지문을 완독하지 못했고, 지문 속 어휘 의미를 묻는 테스트에서도 초등 93%, 중학생 96%가 기준 점수에 미달해 문해력 결핍으로 분류됐다.

 2023년 같은 지역 조사에서도 초등생 72%, 중학생 93%가 시간 내 완독에 실패해 비슷한 양상이 반복됐다.

 다른 조사에서는 전국 중학교 3학년 가운데 약 27%가 적정 문해력에 못 미치고 10% 이상은 초등 수준으로 평가됐으며, 초등학생의 약 89%가 짧은 영상 형식의 콘텐츠를 이용하는 것으로 나타났다.

 한편 사춘기 이전부터 숏폼 콘텐츠에 많이 노출될수록 집중력 저하와 문해력 약화 가능성이 지적되고 있는데, 이런 수치가 이어질 경우 앞으로 학습과 일상에서 어떤 변화를 마주하게 될까?",16,0,0,56,6,0,0,,
17955050513933882,2026-02-25T06:44:15+0000,FEED,CAROUSEL_ALBUM,https://www.instagram.com/p/DVK9jkOk5zE/,2,0,"의대 합격이 곧 안정된 미래를 보장한다는 믿음은 점점 흔들리고 있다.
 
 최근 의료 현장에서는 영상 판독, 진료 보조, 문헌 검색과 요약, 보고서 작성까지 AI가 수행하는 비중이 커지고 있고, 이로 인해 사람이 맡던 일부 연구·사무 업무 인력은 실제로 줄어들고 있다.

 한편 의대 정원은 매년 약 3000명 수준으로, 사실상 전국 상위권 수험생 상당수가 의대로 몰리는 구조가 형성되었다.

 일부 최상위 대학에서는 정시 최초 합격자 100명 이상이 등록을 포기하고 의학 계열로 이동한 사례가 보고되며, 반도체와 AI 산업을 다루는 계약학과에서도 비슷한 포기 양상이 나타났다.

 동시에 여러 조사에서 향후 5년간 AI·클라우드·빅데이터 등 신기술 분야에서 수십만 명 규모의 인력이 부족할 것으로 전망되고 있는데, 의사 쏠림과 기술 인력 부족이 함께 진행되는 이 상황에서 지금 선택하는 진로는 10년 뒤에도 여전히 유효할 수 있을까?",14,0,0,45,2,0,0,,
17901698799222582,2026-02-24T10:57:33+0000,FEED,CAROUSEL_ALBUM,https://www.instagram.com/p/DVI1v6Hk_Hw/,6,0,"순직 경찰의 죽음을 예능 퀴즈로 소비해도 되는 걸까요. 
 
 예능 운명전쟁49에서는 피의자 검거 중 흉기에 찔려 순직한 경찰의 사인을 맞히는 미션이 등장했고, 출연자의 저속한 표현과 진행자의 따라 하기까지 그대로 방송됐습니다. 앞서 순직 소방관의 죽음도 비슷한 방식으로 다뤄지며 유족과 노조가 강하게 반발한 바 있죠. 경찰 직장협의회와 소방 공무원 노조는 공적 희생을 점술 놀이와 경쟁의 소재로 삼은 것은 명백한 2차 가해라고 지적하며 회차 삭제와 공개 사과를 요구했습니다. 제작진과 출연자는 뒤늦게 유족 동의 절차 미흡과 표현의 부적절성을 인정했지만, 공무 중 순직이라는 죽음까지 웃음의 소재가 되는 지금, 표현의 자유와 유가족의 존엄 사이에서 우리는 선을 어디에 그어야 할까요.",19,0,0,64,6,0,0,,
18040901984741935,2026-02-24T08:51:22+0000,FEED,CAROUSEL_ALBUM,https://www.instagram.com/p/DVInToNk85B/,4,0,"조회수가 출산의 고통보다 중요한 순간이 있었다. 
 팔로워 1200만 명이 넘는 한 인플루언서는 아내의 23시간 진통과 분만 장면을 촬영해 온라인에 올렸다.
 영상에는 3도 회음부 열상, 산후 출혈로 3344ml의 피를 쏟고 응급 수술과 수혈을 받는 장면, 노출된 신체 일부까지 담겼고, 그는 중간에 기저귀 광고 문구를 읽으며 홍보도 진행했다. 

 논란이 커지자 영상은 삭제됐고, 그의 계정은 사생활 침해와 상업적 이용 관련 정책 위반으로 차단됐다.

 이후 아내는 위험성과 예측 불가능성을 알리고 싶었다고 밝히며, 일부 시청자는 출산 위험을 이해하는 데 도움이 됐다고 했지만, 많은 이들은 생명이 위중한 순간까지 기록과 마케팅에 사용됐다는 점을 문제로 지적하고 있다. 

 당신이라면 이런 장면을 어디까지 찍고, 어디까지 공개할 수 있다고 생각하나요?",23,0,0,100,4,5,0,,
18381906352094515,2026-02-24T03:06:40+0000,FEED,CAROUSEL_ALBUM,https://www.instagram.com/p/DVH_3CHk8Ry/,4,0,"생리대 하나에 100원이면, 비로소 기본이 기본값이 된 걸까요. 
 
생활용품점이 10매 1000원, 개당 100원짜리 국내 생산 생리대를 예고하면서, 그동안 대형마트 기준 개당 221~375원, 해외보다 평균 40% 비싸던 국내 생리대 가격이 다시 도마에 올랐습니다. 같은 브랜드 10개입 2000원, 4개입 1000원보다 최대 60% 낮춘 가격에, 소포장을 유지해 급히 필요할 때도 부담을 줄이겠다는 취지죠. 
 
한편에선 뒤늦게 작동하기 시작한 시장의 신호라는 해석과 함께, 그 사이 생리 빈곤과 공공 생리대 논의가 반복돼 왔다는 점도 짚어야 합니다. 이번 100원 생리대는 기본권 보장의 출발점일까요, 아니면 또 다른 단기 가격 경쟁에 불과할까요. 가격·품질·접근성 사이에서 당신이 생각하는 좋은 생리대의 기준은 무엇인가요?",18,0,0,59,4,0,0,,
17881520691374446,2026-02-24T03:02:39+0000,FEED,CAROUSEL_ALBUM,https://www.instagram.com/p/DVH_ZjBk3ri/,4,0,"불길은 1시간 남짓 만에 잡혔지만, 한 생명은 끝내 돌아오지 못했다. 
 
 24일 오전 6시 18분쯤 서울 강남구 대치동 은마아파트 8층에서 화재가 발생해, 이 집에 살던 10대 여성이 숨지고 같은 집에 있던 2명은 얼굴에 화상을 입고 연기를 마셔 병원으로 옮겨졌다. 윗층 주민 1명도 다쳐 모두 3명이 부상한 것으로 집계됐다. 주민 약 70여 명이 계단과 옥상 등으로 긴급 대피했으며, 소방당국은 출동 후 약 30분 만에 큰 불길을 잡고 화재 발생 1시간 20분 뒤인 오전 7시 36분쯤 완전히 진화했다고 밝혔다. 현재 경찰과 소방은 발화 지점과 전기·가스 설비 상태, 내부 구조 등을 조사하며 정확한 화재 원인과 피해 규모를 파악 중이다. 잇따르는 공동주택 화재 속에서, 우리가 사는 아파트의 경보·대피 체계와 점검 관행은 지금 이대로도 충분하다고 볼 수 있을까?",19,0,0,79,4,0,0,,
18009477653686060,2026-02-24T01:55:52+0000,FEED,CAROUSEL_ALBUM,https://www.instagram.com/p/DVH3wZuEyBw/,4,0,"Z세대는 사랑과 섹스보다 ‘꿀잠’과 자기 관리를 택하는 경향이 강해지고 있다. 

 설문에서 67%가 성관계보다 수면을, 다수는 안정적 직장과 개인적 성공을 우선한다고 답했다. 디지털 플랫폼은 쉽게 즐길 수 있는 콘텐츠로 인간관계를 대체하고, SNS는 비현실적 연애 기준을 만들어 현실의 관계를 번거롭고 비효율적으로 느끼게 한다. 그 결과 행복의 축은 ‘우리’에서 ‘나’로 이동했고, Z세대는 연애보다 에너지 보존과 자기 보호를 중시하는 새로운 독립을 선택하고 있다.",22,0,0,82,4,3,0,,
18094661162294816,2026-02-23T21:42:56+0000,FEED,CAROUSEL_ALBUM,https://www.instagram.com/p/DVHaz9iE6VU/,5,0,"비트코인 6만 4,000달러, 이 선이 뚫리면 우리는 '지옥'을 보게 될 것입니다. 
 
최근 비트코인이 6만 7,000달러 선에서 아슬아슬한 줄타기를 이어가는 가운데, 시장의 전설적인 전략가 마이크 맥글론이 던진 경고장이 화제입니다. 단순히 가격이 조금 떨어지는 수준이 아닙니다. 6만 4,000달러라는 숫자는 단순한 가격표가 아니라, 수많은 기관과 기업들이 '본전'을 지키기 위해 필사적으로 방어하는 최후의 보루이기 때문입니다. 이 둑이 터지는 순간, 자산 시장 전반에 연쇄적인 폭락이 시작될 수 있다는 충격적인 분석입니다. 
 
[현상: 한 자릿수 공포 지수, 얼어붙은 코인판] 현재 시장 분위기는 그야말로 ‘시베리아 벌판’입니다. 디지털 자산 데이터 제공업체 알터너티브에 따르면, 오늘의 공포·탐욕 지수는 단 ‘9’를 기록했습니다. 0에 가까울수록 시장이 극심한 공포에 질려 있다는 뜻인데, 어제(8)에 이어 이틀 연속 한 자릿수대를 유지하고 있습니다. 이더리움, 솔라나, XRP 등 주요 알트코인들 역시 힘없이 무너지고 있으며, 투자자들은 반등의 기약 없는 하락세에 패닉 셀(Panic Sell)을 고민하고 있는 절박한 상황입니다. 구글 트렌드에서는 ""비트코인은 끝났다""는 검색량이 폭증하며 대중의 공포가 극에 달했음을 보여줍니다. 
 
[원인 분석: 버핏지수 2.3배, 행운의 시대는 끝났다] 왜 이런 비관론이 쏟아지는 걸까요? 맥글론은 지금의 위기를 '행운의 끝'과 '되돌림(Reversion)의 시작'으로 정의합니다. 가장 강력한 근거는 바로 '버핏지수'입니다. 현재 명목 GDP 대비 시가총액 비율은 무려 2.3배에 가깝습니다. 워런 버핏이 ""100%만 넘어도 고평가""라고 말했던 이 지표가 230%를 가리키고 있다는 건, 주식과 코인 등 모든 자산에 유례없는 거품이 끼어 있다는 증거입니다. 2017년 비트코인이 1만 달러를 향해 가던 시절의 버핏지수가 1.5배였던 것과 비교하면, 지금은 떨어질 폭이 훨씬 더 크고 위험하다는 분석입니다. 
 
특히 6만 4,000달러는 단순한 심리적 선을 넘어 기관 투자자들의 평단가가 밀집된 구역입니다. 이 지점이 뚫리면 자동 손절 물량이 시장을 덮치는 '알고리즘 투매'가 발생하게 됩니다. 
 
[심화 및 전망: 자산 디플레이션의 도미노가 시작될까] 맥글론이 경고한 ‘디플레이션성 도미노’는 단순한 물가 하락이 아닙니다. 자산 가치가 급락하면서 신용이 위축되고, 이것이 다시 자산 가격을 끌어내리는 악순환을 뜻합니다. 2025년까지 우리가 누렸던 '알파 수익'의 달콤한 행운이 이제는 잔혹한 '가격 회귀'의 위험으로 돌아오고 있는 셈입니다. 암호화폐 시장은 이미 하락을 시작했으며, 이는 더 넓은 경제 시장의 침체를 알리는 선행 지표가 될 가능성이 큽니다. 
 
누군가는 '공포에 사라'고 말하지만, 지금의 공포는 차원이 다릅니다. 지표가 가리키는 위험은 그 어느 때보다 구체적이고 매섭습니다. 무조건적인 '존버'가 답이 아닐 수도 있는 지금, 우리는 가장 냉정해져야 합니다. 
 
과연 6만 4,000달러는 전설의 예언대로 무너질까요, 아니면 기적적인 반등의 시작점이 될까요? 여러분이 생각하는 비트코인의 '진짜 바닥'은 어디인가요?""",20,0,0,94,5,1,0,,
17926339413232460,2026-02-23T11:51:04+0000,FEED,CAROUSEL_ALBUM,https://www.instagram.com/p/DVGXE_Ik1PI/,6,0,"퇴근하고도, 은행을 갈 수 있다면 어떨까요? 
 
하나은행이 평일 저녁 9시까지 문을 여는 야간 특화 점포를 도입했습니다. 기존 영업점이 오후 4시면 문을 닫는 것과 달리, 이 점포는 오전 9시부터 밤 9시까지 운영됩니다. 이름부터 “하나 9시 라운지”. 직장인과 소상공인이 많은 잠실새내역 금융센터와 이수역 지점 두 곳에서 먼저 시작했습니다. 
 
하나 9시 라운지는 단순 ATM이 아니라, 은행 직원과 화상으로 실시간 상담하는 디지털 무인 점포입니다. 화면 속 직원과 얼굴을 보며 상담하면서, 예·적금 신규 가입과 재예치, 각종 제신고, 개인 대출 간편 상담, 인터넷뱅킹 가입·변경, 보안카드 발급·등록, 체크카드 발급 같은 업무를 처리할 수 있습니다. 평소 반차를 내야만 가능했던 창구 업무 상당 부분을, 이제 퇴근 후에도 할 수 있게 된 셈입니다. 
 
이런 시도가 나온 배경에는, 지난 몇 년간 빠르게 진행된 지점 축소와 디지털 전환이 있습니다. 모바일뱅킹 이용자는 계속 늘었고, 그만큼 오프라인 점포는 줄었습니다. 그 과정에서 “오전 9시~오후 4시”라는 전통적인 은행 영업 시간이 현실과 점점 더 어긋나기 시작했죠. 근무시간에 은행 갈 수 없는 직장인, 장사 시간과 영업시간이 겹치는 소상공인의 불편은 오래된 이야기였습니다. 
 
하나은행의 이번 실험은 그 불편을 완전히 없애지는 못해도, 방향성을 분명하게 보여줍니다. 낮 9시~4시에는 기존 지점과 라운지가 함께 돌아가서 창구 혼잡과 대기 시간을 줄이고, 4시 이후에는 하나 9시 라운지가 바통을 이어받는 구조입니다. 은행 문은 닫혀도, 은행 업무는 계속되는 셈입니다. 특히 역세권 중심으로 배치해 “퇴근길에 들르는 은행”이라는 새로운 이용 패턴을 노리고 있습니다. 
 
물론 한계도 있습니다. 화상 상담 기반 무인 점포라는 특성상, 고액 현금 거래나 복잡한 기업 금융 같은 업무는 여전히 어렵습니다. 디지털 기기에 익숙한 사람에게는 편리하지만, 고령층이나 비대면 채널이 낯선 고객에겐 또 다른 장벽이 될 수 있습니다. 실제 직원이 상주하지 않기 때문에, 민감한 상담에서 느끼는 심리적 안정감은 기존 창구와 다를 수 있고, “상담 내용이 화면 너머로만 남는다”는 불안감도 일부 존재합니다. 
 
은행 입장에서는, 야간 영업을 전면 확대하기보다는 디지털 무인 점포로 실험하는 것이 비용과 효율 면에서 현실적인 선택입니다. 인건비와 점포 유지비를 크게 늘리지 않고도, “은행은 낮에만 갈 수 있다”는 인식을 조금씩 바꾸는 효과를 노릴 수 있기 때문입니다. 최근 몇 년 사이 여러 금융사가 챗봇, 화상창구, 24시간 자동화 코너를 확대한 것도 같은 흐름 안에 있습니다. 
 
그럼에도 불구하고, 하나은행의 9시 라운지가 상징하는 바는 분명합니다. 
“고객이 은행 시간에 맞추는 게 아니라, 은행이 고객의 시간에 다가가려는 첫 시도”라는 점입니다. 
 
이제 질문은 우리에게 돌아옵니다. 
당신이라면, 퇴근 후 집에 가는 길에 이런 야간 은행을 실제로 이용하게 될까요? 
그리고 앞으로의 은행은 더 많은 무인 점포와 화상 상담으로 가야 한다고 보나요, 
아니면 여전히 사람이 직접 마주 앉는 창구가 중심이어야 한다고 생각하나요?",22,0,0,77,6,3,0,,
18093899644954846,2026-02-23T06:06:37+0000,FEED,CAROUSEL_ALBUM,https://www.instagram.com/p/DVFvqKfE-wZ/,6,0,"어제까지는 줄 서서 먹던 쿠키가, 오늘은 “요즘 누가 그거 사?”가 됐습니다. 
 
두바이 쫀득 쿠키, 이른바 ‘두쫀쿠’. 불과 몇 달 전만 해도 SNS와 검색어를 뒤덮던 이 디저트가 이제는 소멸 국면에 들어섰다는 분석이 나옵니다. 검색 데이터에 따르면 두쫀쿠 관련 검색량은 작년 10월부터 완만히 상승하다가 올해 1월 중순 정점을 찍은 뒤 하락세로 돌아섰습니다. 검색량은 실제 구매 수요에 앞서 움직이는 선행 지표로 여겨지기 때문에, 판매 역시 피크 이후 빠르게 둔화되고 있는 것으로 해석됩니다. 
 
열풍의 그늘은 원재료 가격에서 더 뚜렷하게 나타납니다. 두쫀쿠의 핵심 재료인 카다이프는 작년 10월 5kg당 약 6만 원 수준이던 것이 올해 1월에는 14만 원까지 두 배 넘게 뛰었습니다. 피스타치오 역시 비슷한 흐름을 보이며 5kg당 5만 원에서 11만 원대로 급등했다가, 올해 2월 들어 두 재료 모두 다시 5만~10만 원대 수준으로 떨어진 것으로 전해집니다. 한 원재료업자는 “피스타치오 1kg이 4만 원대에서 많게는 15만 원까지 올랐다”는 체감치를 이야기하기도 했습니다. 특정 디저트 하나가 재료 수입·유통 시장의 가격 구조까지 흔들어 놓은 셈입니다. 
 
문제는 이 비용 폭등과 급락의 리스크를 가장 직접적으로 떠안은 주체가 동네 카페, 소규모 베이커리 같은 자영업자들이라는 점입니다. SNS에서 두쫀쿠 열풍이 시작되자, 많은 매장이 관련 메뉴를 급히 개발하고 비싼 원재료를 쓸어 담았습니다. 하지만 공급이 늘고 유행이 식기 시작하면 남는 것은 비싼 재고, 길게 맺은 계약, 그리고 줄어든 손님입니다. 일부 사장들은 “지금은 예전만큼 안 팔리는데, 이미 재료값이 너무 올라 남는 게 거의 없다”고 호소합니다. 
 
그렇다면 왜 이렇게 빨리 뜨고, 이렇게 빨리 식었을까요? 분석에 따르면 이번 현상은 “단기간 형성된 과열 수요가 구조적 소비로 전환되지 못하고 소멸한 전형적인 초단기 트렌드”에 가깝습니다. 인스타그램 릴스, 틱톡, 쇼츠 같은 숏폼 콘텐츠는 ‘겉은 바삭, 속은 쫀득’한 식감과 피스타치오·카다이프의 이국적인 비주얼을 짧은 영상으로 폭발적으로 퍼뜨렸습니다. 온라인에는 두쫀쿠 판매처를 지도처럼 모아놓은 ‘두쫀쿠 맵’이 돌았고, 한겨울 새벽에도 매장 앞 오픈런과 긴 줄이 반복됐습니다. 
 
하지만 이 바이럴 사이클은 그만큼 빨리 소모됩니다. 처음에는 한두 곳의 매장에서만 맛볼 수 있던 희소성이 강력한 동력이었지만, 이후 프랜차이즈, 대형 카페, 호텔 디저트까지 유사 제품을 쏟아내면서 “어디서나 볼 수 있는 메뉴”가 되는 순간 매력이 떨어집니다. 공급이 충분해지고, 비슷한 비주얼의 모방 제품이 넘쳐나면, 소비자에게는 “한 번쯤 먹어봤다”는 경험만 남고 다시 줄을 설 이유는 사라집니다. 
 
또 다른 데이터는 이런 초단기 유행이 이미 구조화된 패턴임을 보여줍니다. 최근 몇 년 사이 국내 팝업스토어 운영 비중은 크게 늘었지만, 평균 운영 기간은 오히려 3주 안팎에서 2주 남짓으로 더 짧아졌습니다. “빨리 열고, 더 빨리 끝내는” 방식이 기본값이 된 것입니다. 두쫀쿠는 이 흐름 속에서 태어나고, 번성하고, 식어 버린 하나의 사례일 뿐일 수 있습니다. 
 
이제 초점은 자연스럽게 “그다음”으로 옮겨갑니다. 유통·식품 업계에서는 이미 ‘제2의 두쫀쿠’를 찾기 위해 새로운 바이럴 메뉴, 한정판 상품, 콜라보 아이템을 준비하고 있습니다. 시장 분석에서는 “이제는 단기 흥행 그 자체보다, 흥행 이후의 전략이 기업 가치에 더 중요해지는 단계”라는 지적이 나옵니다. 한 방에 뜨는 히트 상품 하나에 의존하기보다는, 후속 제품(SKU)과 시즌 한정, 브랜드 협업으로 스토리를 이어 가며 반복 구매를 만들 수 있느냐가 관건이 된다는 뜻입니다. 
 
소비자 입장에서 우리는 점점 더 빨리 질리는 존재가 되어 가고, 자영업자와 브랜드 입장에서는 더 짧아진 유행 주기 속에서 어떤 리스크를 감수할지 선택해야 하는 시대가 되었습니다. 두쫀쿠 열풍의 급부상과 급락은 단순한 디저트 유행을 넘어, “숏폼과 바이럴이 지배하는 시대에 우리는 어떻게 소비하고, 브랜드는 어떻게 살아남을 것인가”라는 질문을 남깁니다. 
 
만약 당신이 가게를 운영하는 사장님이라면, 또 유행을 소비하는 MZ 세대라면, 이런 초단기 트렌드가 다시 왔을 때 어디까지 올라타고, 어디에서 내려오는 게 가장 현실적인 선택이라고 생각하나요?",23,0,0,96,6,0,0,,
18093227684091707,2026-02-23T04:59:57+0000,FEED,CAROUSEL_ALBUM,https://www.instagram.com/p/DVFoB2SEyyB/,5,0,"연 80만 원, 모든 주민에게 똑같이 준다면 당신은 찬성하나요, 반대하나요? 
 
전북 무주군이 전국 최초로 ‘전 군민 기본소득’ 실험을 시작했습니다. 인구 약 2만 명의 작은 군이지만, 정책의 상징성은 결코 작지 않습니다. 무주군은 군비 등 자체 예산을 들여 군민 1인당 연 80만 원을 기본소득 형태로 지급합니다. 소득도, 재산도, 직업도 묻지 않습니다. 부자든 자영업자든 농민이든 취준생이든, 모든 주민이 똑같이 받는 보편적 기본소득입니다. 지급 방식은 지역사랑상품권인 ‘무주사랑상품권’으로, 무주 지역 가맹점에서만 사용할 수 있도록 설계됐습니다. 
 
이 실험은 어느 날 갑자기 떨어진 발상이 아닙니다. 정부는 이미 농어촌 기본소득 시범사업 지침을 확정해 올해 2월 말부터 경기 연천, 강원 정선, 충북 옥천, 충남 청양, 전북 순창·장수, 전남 곡성·신안, 경북 영양, 경남 남해 등 10개 군 주민에게 매월 15만 원을 지급하기로 했습니다. 이 역시 지역사랑상품권으로 지급돼, 동네 마트·식당·가게에서만 쓸 수 있도록 한 구조입니다. 인구 소멸, 청년 유출, 지역 상권 붕괴가 겹친 농어촌에서 “사람을 붙잡고, 돈의 선순환을 만들기 위해” 현금을 직접 쥐여주는 실험이 시작된 셈입니다. 
 
그러나 이번 무주의 실험은 한 단계 더 나아갑니다. 
농어촌 시범사업은 국가 주도의 한시적 실험에 가깝지만, 무주형 기본소득은 지방자치단체가 스스로 설계한 ‘지역판 기본소득’에 가깝습니다. 전북 지역 보도에 따르면, 무주군은 2026년 2월 2일 이전부터 무주에 주민등록을 두고 실제 거주하고 있는 주민을 대상으로 하고, 기존 주민은 3월 6일까지 읍·면 행정복지센터에 신청하면 실거주 여부 확인을 거쳐 3월 중 첫 지급을 받게 됩니다. 단순한 현금 살포가 아니라, “실제 이 지역에서 사는 사람에게, 지역에서만 쓸 수 있는 돈을 주는 구조”인 셈입니다. 
 
그런데 왜 지금, 왜 기본소득일까요? 
 최근 기본소득 논쟁은 지역 정책을 넘어 기술·노동 문제와 직결된 글로벌 이슈가 됐습니다. AI 확산으로 인한 대규모 해고, 플랫폼 노동의 불안정성이 커지면서 “열심히 일하면 중산층이 된다”는 오래된 공식을 믿기 어려워졌습니다. 이런 상황에서 일론 머스크는 이미 2016년부터 “생산 자동화로 기본소득이 불가피하다”고 말해왔고, 최근에는 아예 “보편적 고소득(Universal High Income) 시대”를 이야기합니다. AI와 로봇이 대부분의 노동을 대신하면, 폭발적으로 증가한 부를 어떻게 나눌 것인가, 그 배분 메커니즘으로 기본소득을 보는 시각입니다. 
 
OpenAI의 CEO 샘 올트먼은 한 발 더 나아가, 미국에서 저소득층 1,000명에게 3년간 매달 1,000달러(약 140만 원)를 무조건 지급하는 실험을 진행했습니다.  소액만 받는 통제 그룹과 비교했을 때, 수혜자들은 식비·주거·교통 같은 필수 지출을 더 안정적으로 할 수 있었고, 재정 계획·교육·창업과 관련된 결정을 5~26% 더 많이 내리는 것으로 나타났습니다. 많은 사람이 우려하던 “일 안 하게 되는 것 아니냐”는 부분에서도, 실제로는 주당 근로시간이 평균 1.3시간, 연간으로는 약 8일 정도만 줄어든 수준이었습니다. 즉, 단순히 “일을 포기하게 만드는 돈”이라기보다, 생존 걱정을 조금 덜어주고 중장기적인 선택을 가능하게 하는 장치로 작동했다는 해석도 나옵니다. 
 
핀란드 정부의 실험도 비슷한 시사점을 줍니다. 2017~2018년, 핀란드는 실업자 2,000명에게 매달 560유로(당시 약 73만 원)를 조건 없이 지급했습니다. 결과는 어땠을까요? 고용률을 크게 끌어올리지는 못했지만, 스트레스 감소·정신 건강 개선은 뚜렷했습니다. 지지자들은 “사람을 더 건강하게, 안정적으로 만든 돈”이라고 평가했고, 비판하는 쪽은 “세금을 들였지만 일자리는 늘지 않았다”고 지적했습니다. 같은 데이터를 두고도, 사회가 무엇을 우선순위로 두느냐에 따라 해석이 달라지는 대표적인 사례죠. 
 
서울시가 시도한 ‘디딤돌소득’도 있습니다. 이 제도는 모든 시민에게 똑같은 액수를 주는 엄밀한 의미의 기본소득은 아니지만, 기준 중위소득 85%와 비교해 모자라는 소득의 절반을 현금으로 채워주는 방식이었습니다. 소득이 낮을수록 더 많이 받는 구조로, 일종의 “바닥을 받쳐주는 기본소득형 안전망”에 가깝습니다. 이처럼 한국 안팎의 다양한 실험들이 서로 다른 이름을 달고 있지만, 결국 공통 질문은 하나입니다. 
“국가와 지역사회는 시민의 ‘최소한의 삶’을 어디까지",24,0,0,104,5,1,0,,
18118068544613881,2026-02-22T19:28:06+0000,FEED,CAROUSEL_ALBUM,https://www.instagram.com/p/DVEmlcTk9wR/,4,0,"다 너 잘되라고 하는 소리야, 이 말이 당신의 인생을 망치고 있다면 지금 당장 이 리포트를 읽어야 합니다. 
 
최근 우리 사회에서 가장 많이 회자되는 단어 중 하나인 가스라이팅, 하지만 정작 내가 처한 상황이 가스라이팅인지 아닌지 구분하기는 쉽지 않습니다. 심리 상담 전문가들의 공통된 의견에 따르면, 가스라이팅은 영화처럼 극적인 폭력으로 시작되지 않습니다. 오히려 아주 다정하고 친밀한 관계 속에서 조언이라는 가면을 쓰고 서서히 스며듭니다. 전문가들은 이를 관계의 바이러스라고 부르기도 합니다. 
 
🤔 가스라이팅의 본질: 너를 위해서라는 거짓말 가스라이팅을 행하는 사람들의 가장 흔한 수법은 너를 제일 잘 아는 건 나뿐이야 혹은 다 너 잘되라고 하는 소리야라는 문장입니다. 이들은 상대방의 판단력을 의도적으로 흐리게 만듭니다. 처음에는 사소한 취향이나 기억을 부정하다가, 결국에는 상대방이 스스로의 상식과 직관을 믿지 못하게 만듭니다. 
 
인터뷰에 응한 전문가는 가스라이팅의 목적은 결국 통제와 지배라고 말합니다. 상대방을 고립시키고 자신에게만 의존하게 만듦으로써 정서적 노예 상태로 만드는 것이죠. 이 과정에서 피해자는 자신이 예민한가? 혹은 내가 정말 잘못했나?라는 끊임없는 자기 의심에 빠지게 됩니다. 
 
📉 자존감이 무너질 때 일어나는 일들 가스라이팅에 장기간 노출되면 가장 먼저 나타나는 현상은 자존감의 완전한 붕괴입니다. 예전에는 자신감 넘치던 사람이 어느 순간부터 사소한 결정조차 스스로 내리지 못하게 됩니다. 상대방의 눈치를 보느라 자신의 감정을 억압하게 되고, 결국에는 우울증이나 불안 장애로 이어지는 경우가 많습니다. 
 
더 무서운 것은 사회적 고립입니다. 가해자들은 주변 친구나 가족들이 너를 안 좋게 생각하더라 혹은 그 사람들은 너를 이용하는 거야라는 식의 거짓 정보를 흘려 주변 관계를 끊어놓습니다. 결국 의지할 곳이 가해자뿐인 상황을 인위적으로 만들어내는 것입니다. 
 
✅ 심리 전문가가 제안하는 건강한 관계 리포트 
 
현재 나의 관계가 건강한지 점검해 볼 수 있는 전문가들의 3가지 핵심 체크리스트를 정리해 드립니다. 지금 바로 나의 마음 상태를 확인해 보세요. 
 
감정의 존중 여부: 건강한 관계는 서로의 다름을 인정합니다. 내가 서운함을 표현했을 때 네가 너무 예민한 거야라고 일축하는 것이 아니라, 아 그랬구나, 그렇게 느꼈을 수 있겠다라고 공감해 주는 것이 정상적인 관계의 시작입니다. 
 
사회적 지지망의 유지: 나를 진심으로 아끼는 사람은 내가 다른 사람들과 좋은 관계를 맺는 것을 기뻐합니다. 만약 누군가가 당신의 주변 사람들을 근거 없이 비난하며 멀어지게 유도한다면, 그것은 명백한 위험 신호입니다. 
 
판단의 주체성 확인: 어떤 결정을 내릴 때 내 의견보다 상대방의 허락이 더 중요해졌다면 경계해야 합니다. 당신의 삶의 주인은 오직 당신입니다. 조언은 참고 사항일 뿐, 최종 결정권은 항상 나에게 있어야 합니다. 
 
💡 마지막 추가 팁: 거리 두기의 용기 만약 이 글을 읽으며 떠오르는 사람이 있다면, 잠시 물리적, 정서적 거리를 두어 보세요. 혼자만의 시간을 가지며 나의 직관이 다시 살아나는지 확인해야 합니다. 나를 진심으로 사랑하는 사람은 나를 작게 만들지 않습니다. 오히려 내가 더 넓은 세상으로 나갈 수 있도록 용기를 주는 사람입니다. 
 
나를 지키는 것은 이기적인 것이 아니라 가장 숭고한 책임입니다. 지금 자존감이 낮아져 힘들어하는 친구나, 항상 내 편이 되어주는 소중한 사람을 소환해서 이 리포트를 함께 읽어보세요! 👇 
 
#글렌드 #인간관계 #심리학",21,0,0,66,4,1,0,,
17943251877132877,2026-02-22T09:23:33+0000,FEED,CAROUSEL_ALBUM,https://www.instagram.com/p/DVDhZook4wq/,4,0,"사랑하는 연인과 함께 미래를 꿈꾸며 시작하는 데이트 통장, 하지만 왜 많은 커플이 데이트 통장을 쓰고도 돈을 모으지 못할까요? 💸 
 
 베테랑 자산관리사들은 의외의 진단을 내놓았습니다. 데이트 통장이 오히려 커플의 재테크를 방해하는 독이 될 수 있다는 세련된 경고입니다. 단순히 돈을 합치는 것이 능사가 아니라, 그 안에 숨겨진 심리적, 경제적 메커니즘을 이해해야 합니다. 
 
🤔 데이트 통장의 함정: 내 돈이 아니라는 착각 우리는 보통 데이트 통장에 돈을 입금하는 순간, 그 돈을 내 개인 자산에서 제외된 공금으로 인식합니다. 여기서 심각한 심리적 오류가 발생합니다. 각자의 지갑에서 나갈 때는 아까웠던 돈이, 공동 통장에서 나갈 때는 비교적 쉽게 쓰게 되는 것이죠. 
 
 전문가는 이를 공동 지출의 함정이라고 부릅니다. 각자 낼 때는 가성비를 따지던 커플들이, 공동 통장을 쓰면서부터는 우리 돈이니까 괜찮다며 평소보다 더 비싼 식당을 가거나 계획에 없던 지출을 하는 경향이 뚜렷해집니다. 결국 데이트 비용은 늘어나고, 개인의 저축 여력은 줄어드는 악순환에 빠집니다. 
 
📉 목적 없는 저축의 위험성 많은 커플이 단순히 데이트 비용을 편하게 결제하기 위해 통장을 만듭니다. 하지만 구체적인 목표(예: 결혼 자금, 여행 자금)가 없는 공동 통장은 관리가 허술해지기 마련입니다. 돈이 남으면 다음 달로 넘기는 것이 아니라, 남았으니 더 맛있는 걸 먹자는 보상 심리가 작동하기 때문입니다. 
 
결과적으로 데이트 통장은 돈을 모으는 도구가 아니라, 소비를 합리화하는 도구로 전락하기 쉽습니다. 실제로 상담을 받은 커플 중 상당수가 데이트 통장을 만든 후 개인 저축액이 평균 15% 이상 감소했다는 통계도 있습니다. 
 
✅ 자산관리사가 제안하는 커플 재테크 리포트 
 
성공적으로 자산을 모으고 있는 커플들의 공통된 전략 3가지를 정리해 드립니다. 지금 바로 카페에서 연인과 함께 대화해 보세요. 
 
선 저축 후 지출의 원칙: 데이트 통장에 얼마를 넣을지 고민하기 전에, 각자의 개인 통장에서 매달 목표로 하는 저축액을 먼저 이체하세요. 그 후 남은 금액 중 일부를 데이트 비용으로 합치는 것이 순서입니다. 
 
지출 항목의 세분화: 식비, 문화생활비, 여행 적금 등으로 통장을 나누거나 용도를 명확히 하세요. 특히 여행이나 결혼 같은 큰 목적이 있는 돈은 절대 데이트 비용으로 전용하지 않도록 별도의 계좌를 운영해야 합니다. 
 
각자의 경제권 존중하기: 모든 돈을 합치는 것보다, 각자의 자산 현황을 투명하게 공유하되 운영은 각자가 하는 것이 장기적으로 건강한 관계를 유지하는 데 도움이 됩니다. 서로의 소비 성향을 비난하기보다, 공동의 목표를 위해 함께 노력하는 파트너십을 구축하는 것이 핵심입니다. 
 
💡 마지막 추가 팁: 소비 피드백 시간 한 달에 한 번, 데이트 통장 내역을 함께 보며 과도했던 지출은 없었는지 가볍게 대화 나누는 시간을 가지세요. 이 과정은 단순히 돈을 아끼는 것을 넘어, 서로의 가치관을 확인하고 더 깊은 신뢰를 쌓는 소중한 기회가 됩니다. 
 
사랑은 뜨겁게, 돈 관리는 차갑게 해야 미래의 행복을 지킬 수 있습니다. 지금 옆에 있는 연인이나 미래를 계획 중인 친구를 소환해서 이 리포트를 함께 읽어보세요! 👇 
 
#글렌드 #재테크 #커플재테크",19,0,0,90,4,4,0,,
18386453023155825,2026-02-22T03:42:12+0000,FEED,CAROUSEL_ALBUM,https://www.instagram.com/p/DVC6VkAE_o0/,3,0,"AI에게 살인 방법을 물어본 사람이 결국 그 기록 때문에 덜미를 잡혔습니다. 
 
최근 서울 강북구의 한 모텔에서 발생한 연쇄 사망 사건이 단순 상해치사에서 계획적인 살인 사건으로 대전환을 맞이했습니다. 경찰은 당초 피의자 김 모 씨가 남성들을 잠들게만 하려 했을 뿐 죽을 줄은 몰랐다는 주장을 바탕으로 상해치사죄 적용을 검토했습니다. 하지만 피의자의 스마트폰을 디지털 포렌식 하는 과정에서 결정적인 증거가 발견되었습니다. 바로 챗GPT와의 대화 기록입니다. 경찰 조사와 법률 전문가들의 인터뷰에 따르면, 이번 사건은 AI 사용 기록이 피의자의 내밀한 살인 의도를 증명하는 가장 객관적인 지표가 된 역사적인 사례입니다. 
 
🤔 챗GPT에게 물어본 치명적인 질문들 경찰 수사 과정에서 드러난 김 씨의 챗GPT 기록은 충격 그 자체였습니다. 김 씨는 범행 전 수면제 과량과 술을 함께 먹으면 어떻게 되는지 물었고, AI로부터 매우 위험하며 사망에 이를 수 있다는 경고성 답변을 직접 확인했습니다. 이는 피의자가 자신의 행위가 죽음으로 이어질 수 있음을 사전에 명확히 인지하고 있었음을 증명합니다. 법적으로 살인죄를 적용하기 위해서는 미필적 고의가 입증되어야 하는데, AI와의 대화 로그가 그 고의성을 논리적이고 객관적으로 뒷받침한 것입니다. 
 
더욱 소름 돋는 점은 범행의 진화 과정입니다. 지난해 12월, 한 남성에게 약물이 든 음료를 건넸으나 남성이 죽지 않고 깨어나자 김 씨는 챗GPT에 여러 차례 그 이유를 묻고 대응 방법을 검색했습니다. 이후 실제 사망한 피해자들에게는 수면제의 양을 기존보다 2배 이상 늘려 범행을 저질렀습니다. 이는 우발적인 사고가 아니라, AI를 통해 살인 방법을 학습하고 실패를 보완하며 더욱 치밀하게 준비한 계획 범죄임을 보여줍니다. AI가 범죄의 도구이자 학습서로 활용된 것입니다. 
 
📉  거짓말을 이기는 데이터 피의자 김 씨는 피해자가 경찰에 진정을 제출하자 이에 대응하는 법률적 방법까지 챗GPT에 물어본 것으로 알려졌습니다. 하지만 본인이 범행 준비와 은폐에 활용했던 그 도구가 결국 본인의 혐의를 입증하는 가장 강력한 증거가 되었습니다. 현대 범죄 수사에서 디지털 포렌식은 이제 진실을 밝히는 필수적인 과정입니다. 전문가들은 인터뷰에서 인간의 기억은 왜곡되거나 입은 거짓을 말할 수 있지만, 서버와 기기에 남은 디지털 기록은 사건의 진실을 가감 없이 보여준다고 강조합니다. 
 
이번 사건은 AI 기술이 범죄의 도구로 악용될 수 있다는 어두운 단면을 보여줌과 동시에, 역설적으로 범죄자의 숨겨진 의도를 파헤치는 가장 정교한 수사 도구가 될 수 있음을 시사합니다. 우리가 생성형 AI와 나누는 모든 대화는 단순한 텍스트를 넘어, 우리의 생각과 의도를 투영하는 디지털 흔적으로 남습니다. 지울 수 없는 기록이 결국 정의를 실현하는 근거가 되는 시대가 온 것입니다. 
 
✅ 전문가가 분석한 디지털 증거 리포트 
 
기술이 진화할수록 범죄의 양상도 복잡해지지만, 우리가 주목해야 할 3가지 핵심 포인트가 있습니다. 
 
무너진 완전 범죄의 꿈: 검색 기록, 위치 정보, 대화 로그 등 우리가 일상적으로 사용하는 모든 디지털 도구는 범죄 발생 시 피의자의 심리 상태를 입증하는 가장 객관적인 증거가 됩니다. 지워도 복구되는 데이터는 이제 범죄자의 최대 적입니다. 
 
AI 기술의 윤리적 과제: 살인 방법이나 범죄 전략을 묻는 질문에 AI가 답변을 제공하는 것에 대한 기술적 필터링과 윤리적 가이드라인이 더욱 정교해져야 할 시점입니다. 기술의 편리함 뒤에 숨은 위험을 통제하는 시스템이 필요합니다. 
 
포렌식 수사의 새로운 지평: 이제 경찰은 피의자의 입에서 나오는 진술보다 기기에 남은 디지털 로그를 먼저 분석합니다. AI 사용 기록은 이제 피의자의 내면 의도를 들여다보는 거울과 같은 역할을 하고 있습니다. 
 
 디지털 기록의 무게 우리가 무심코 검색한 내용이 나중에 나를 증명하거나 혹은 나를 구속하는 강력한 힘을 가질 수 있습니다. 디지털 공간에서의 모든 행동에는 책임이 따른다는 사실을 잊지 마세요. 기술은 도구일 뿐이며, 그것을 사용하는 사람의 목적이 결국 모든 결과를 결정합니다. 
 
지울 수 없는 기록이 밝혀낸 이번 사건의 전말은 우리에게 기술의 편리함만큼이나 무거운 책임감을 일깨워줍니다. 진실은 반드시 기록으로 남는다는 사실을 다시 한번 생각해보게 되는 사건입니다.  
 
#글렌드 #AI범죄 #챗GPT",21,0,0,102,3,1,0,,
17965336989034736,2026-02-21T10:13:31+0000,FEED,CAROUSEL_ALBUM,https://www.instagram.com/p/DVBCUrrEwi6/,6,0,"지각한 거 당신 잘못 아닙니다. 
 
최근 전 세계 아이폰 사용자들 사이에서 알람이 설정된 시간에 울리지 않거나 소리가 너무 작아 들리지 않는다는 불만이 폭주하고 있습니다. 중요한 면접이나 출근길을 망친 유저들은 자신의 잠귀를 탓하며 자책했지만, 이는 명백한 소프트웨어 버그로 밝혀졌습니다. 테크 전문가들의 인터뷰와 기술 리포트에 따르면 이 현상은 아이폰의 고도화된 인공지능 센서가 작동하는 과정에서 발생한 치명적인 오류입니다. 특히 최신 iOS 업데이트 이후 관련 증상을 호소하는 사례가 전 세계적으로 급증하며 사용자들의 분노를 사고 있습니다. 
 
🤔 범인은 똑똑한 척하는 주시 지각 기능입니다 아이폰에는 주시 지각(Attention Aware)이라는 기능이 탑재되어 있습니다. 사용자가 화면을 쳐다보고 있을 때 알람이나 벨소리의 크기를 자동으로 줄여주는 배려 섞인 기능이죠. 하지만 문제는 이 센서가 사용자가 깊은 잠에 빠져 있는 동안에도 얼굴을 인식하거나, 주변의 사물을 사용자의 시선으로 착각하여 알람 소리를 최소화한다는 점입니다. 당신은 깊게 잠들어 있는데 아이폰은 당신이 이미 잠에서 깨어 화면을 보고 있다고 판단해 소리를 모기 소리만큼 줄여버린 것입니다. 
 
📉 전 세계적인 알람 대란과 애플의 반응 소셜 미디어 틱톡과 엑스(X)에서는 아이폰 알람 버그 때문에 해고 위기에 처했다는 직장인들의 성토가 밈처럼 번지고 있습니다. 애플 역시 해당 문제를 공식적으로 인지하고 있으며 현재 내부적으로 수정 작업을 진행 중이라고 발표했습니다. 하지만 구체적인 업데이트 일정은 아직 확정되지 않아 유저들의 불안은 계속되고 있습니다. 테크 전문가들은 인터뷰를 통해 고도화된 AI 센서가 오히려 인간의 가장 기본적인 생활 패턴인 수면을 방해하는 역설적인 상황이라고 지적합니다. 편리함을 위해 도입된 지능형 기능이 예상치 못한 변수와 만나면서 삶의 질을 떨어뜨리는 결과를 초래한 셈입니다. 
 
🛠️ 내일 아침을 사수하기 위한 긴급 조치 애플의 공식 패치가 배포되기 전까지 스스로를 지킬 수 있는 방법은 명확합니다. 아이폰 설정 메뉴에서 페이스 ID 및 암호 항목에 들어간 뒤 주시 지각 기능을 비활성화하는 것입니다. 이 옵션을 끄면 아이폰이 사용자의 시선을 감지해 소리를 줄이는 동작을 멈추게 되어 알람이 원래 설정된 크기로 울리게 됩니다. 또한 취침 모드나 방해 금지 모드가 알람 설정과 충돌하지 않는지도 꼼꼼히 확인해야 합니다. 기술이 우리를 배신할 때는 가장 아날로그적인 방식으로 대응하는 것이 정답일 수 있습니다. 
 
✅ 아이폰 유저를 위한 지각 방지 리포트 
 
내일 아침 안전하게 일어나기 위해 지금 당장 체크해야 할 3가지 포인트입니다. 
 
주시 지각 기능 끄기: 설정 앱에서 시선 감지 옵션을 해제하여 알람 소리가 작아지는 것을 원천 차단하세요. 
시스템 업데이트 대기: 애플의 공식 공지를 확인하고 관련 버그 수정이 포함된 최신 iOS 버전으로 즉시 업데이트해야 합니다. 
아날로그 혹은 보조 알람 활용: 소프트웨어 신뢰도가 회복될 때까지는 아이패드나 별도의 탁상시계를 예비용으로 사용하는 것이 가장 안전합니다.
 
💡 마지막 추가 팁: 기술의 편리함 뒤에 숨은 리스크 우리는 점점 더 많은 일상을 스마트 기기에 의존하고 있습니다. 하지만 기술이 고도화될수록 예기치 못한 작은 구멍이 우리의 삶에 큰 균열을 만들 수 있음을 기억해야 합니다. 아이폰의 주시 지각 기능은 분명 혁신적인 아이디어였으나 완벽하지 않은 기술은 언제든 우리를 곤란하게 만들 수 있습니다. 중요한 약속이 있는 날이라면 기계의 지능보다 자신의 철저한 준비를 더 믿어야 할 때입니다. 
 
내일 아침에도 지각할까 봐 조마조마한 친구나 아이폰 알람 소리가 작다고 투덜대던 동료를 소환해서 이 해결책을 꼭 알려주세요! 👇 
 
#글렌드 #아이폰알람 #애플버그",21,0,0,93,6,0,0,,
18096494908772523,2026-02-21T03:05:41+0000,FEED,CAROUSEL_ALBUM,https://www.instagram.com/p/DVARXLfkzTI/,5,0,"피부과에 수백만 원을 쏟아붓고, 좋다는 연고는 다 발라봤는데 왜 제 여드름은 제자리걸음일까요? 💸 
 
글렌드가 분석한 피부과 전문의들의 공통된 의견은 충격적입니다. 우리가 여드름을 없애려고 행하는 가장 기본적인 습관이, 사실은 여드름을 키우는 가장 큰 원인이 될 수 있다는 세안의 역설 때문입니다. 
 
🤔 여드름은 지저분해서 생기는 것이 아닙니다 우리는 흔히 여드름이 피지가 많고 지저분해서 생긴다고 오해합니다. 그래서 더 세게, 더 뽀득뽀득하게, 더 오래 씻으려 하죠. 하지만 전문가는 단호하게 경고합니다. “뽀득뽀득한 느낌은 피부 장벽이 비명을 지르는 소리입니다.” 
 
우리 피부의 가장 바깥쪽에는 약산성 보호막(Acid Mantle)이 존재합니다. 이 막은 외부 세균의 침입을 막고 수분 증발을 방지하는 핵심적인 역할을 합니다. 하지만 강력한 세정제로 피부를 박박 문지르면 이 보호막이 통째로 씻겨 나가게 됩니다. 
 
📉 보호막이 사라진 피부에 일어나는 일 보호막이 무너지면 피부는 비상사태에 돌입합니다. 수분이 순식간에 날아가면서 피부는 극도로 건조해지고, 우리 몸은 이를 보충하기 위해 보상성 피지를 평소보다 훨씬 더 많이 뿜어내기 시작합니다. 
 
결과는 어떻게 될까요? 겉은 번들거리는데 속은 당기는 수부지(수분 부족형 지성) 피부가 되고, 과다 분비된 피지가 각질과 엉겨 붙어 모공을 막으면서 여드름은 더욱 악화되는 악순환에 빠집니다. 즉, 많이 씻을수록 피부는 더 많은 기름을 만들어내는 것입니다. 
 
✅ 전문가가 권장하는 여드름 탈출 세안 리포트 
 
인터뷰를 통해 확인한 전문의들의 공통된 권장 사항 3가지를 정리해 드립니다. 지금 바로 화장실 거울 앞에 붙여두세요. 
 
60초의 법칙: 세안제를 얼굴에 묻히고 문지르는 시간은 최대 1분을 넘기지 마세요. 세정 성분이 피부에 오래 머무를수록 자극은 기하급수적으로 늘어납니다. 60초면 노폐물을 씻어내기에 충분한 시간입니다. 
 
미온수(30~32도) 세안: 찬물로 마무리하면 모공이 좁아진다는 말은 의학적 근거가 부족합니다. 너무 뜨거운 물은 피부 장벽의 지질을 녹여버리고, 너무 찬물은 피지를 굳게 만듭니다. 체온보다 약간 낮은 미지근한 물이 피부 자극을 최소화하는 최적의 온도입니다. 
 
수건은 톡톡 누르기만: 세안 후 수건으로 얼굴을 빡빡 문지르는 행위는 미세한 상처를 내어 염증을 유발합니다. 깨끗한 수건으로 얼굴을 가볍게 눌러 물기만 흡수시킨다는 느낌으로 마무리하세요. 가능하면 일회용 해면이나 부드러운 티슈를 사용하는 것도 방법입니다. 
 
💡 마지막 추가 팁: 약산성 세안제 여드름 전용 제품 중 거품이 너무 많이 나고 세정력이 강한 알칼리성 제품은 피하세요. 피부의 본래 농도와 비슷한 pH 5.5 내외의 약산성 세안제를 사용해야 피부 장벽을 보호하며 여드름균의 번식을 막을 수 있습니다. 
 
피부는 무엇을 바르느냐보다 어떻게 지키느냐가 중요합니다. 지금 옆에서 얼굴 빡빡 문지르며 세수하고 있을 친구나, 여드름 때문에 스트레스받는 연인을 소환해서 이 리포트를 공유해 주세요! 👇 
 
#글렌드 #여드름 #피부관리",14,0,0,57,5,0,0,,
18124658551492977,2026-02-20T11:46:27+0000,FEED,CAROUSEL_ALBUM,https://www.instagram.com/p/DU-oKgnkybD/,3,0,"한때 혁신과 도전을 꿈꾸며 사표를 던졌던 직장인들이 다시 친정으로 돌아오고 있습니다. 
 
퇴사했던 회사로 다시 재입사하는 이른바 연어족(부메랑 근로자)이 2026년 고용 시장의 핵심 키워드로 떠오르고 있습니다. 지난해에만 퇴사 후 5년 이내에 원래 다니던 회사로 돌아간 인원이 98만 명을 넘어서며 4년 새 12% 이상 급증한 것으로 나타났습니다. 전문가들의 인터뷰에 따르면 이러한 현상은 단순히 개인의 향수를 넘어 현재 대한민국 경제가 직면한 고용 한파와 산업 구조의 급격한 변화를 그대로 반영하고 있습니다. 
 
🤔 왜 다시 예전 직장으로 돌아갈까요? 가장 큰 원인은 얼어붙은 채용 시장입니다. 2022년 1분기 약 600만 건에 달했던 신규 채용 규모가 작년에는 540만 건 수준으로 크게 줄어들면서 이직 시장의 리스크가 커졌습니다. 새로운 조직에 적응해야 하는 피로감과 불확실성을 감수하기보다는 업무 프로세스와 사내 문화를 이미 잘 알고 있는 익숙한 환경에서 안정을 찾으려는 심리가 강해진 것입니다. 또한 이직했던 곳에서의 처우나 분위기가 기대에 못 미칠 경우 퇴사 후 재입사를 택하는 사례가 늘고 있습니다. 
 
📉 기업이 연어족을 반기는 이유 기업 입장에서도 연어족 채용은 매력적인 카드입니다. 신규 인력을 채용하여 교육하고 조직에 적응시키는 데 드는 막대한 비용과 시간을 절약할 수 있기 때문입니다. 이미 업무 능력이 검증된 상태이고 사내 인적 네트워크가 형성되어 있어 즉시 전력감으로 활용이 가능합니다. 특히 경력직 채용이 대세가 된 상황에서 외부의 불확실한 인재보다는 한 번 겪어본 신뢰할 수 있는 사람을 다시 불러들이는 것이 경영 효율성 측면에서 훨씬 유리하다는 판단입니다. 
 
⚖️ 연어족 증가가 가져올 고용 시장의 명암 하지만 연어족의 증가는 신규 구직자들에게는 또 다른 벽이 되고 있습니다. 기업들이 경력직 재입사자를 선호할수록 사회초년생들을 위한 신입 채용의 문은 더욱 좁아질 수밖에 없기 때문입니다. 전문가들은 재입사 트렌드가 고착화될 경우 노동 시장의 유연성이 떨어지고 세대 간의 일자리 갈등이 심화될 수 있다고 경고합니다. 모험을 기피하는 사회 분위기가 인재의 선순환을 막고 조직의 혁신 동력을 저해할 수 있다는 우려도 제기됩니다. 
 
✅ 2026년 연어족 시대를 읽는 3가지 리포트 
 
직장인과 기업 모두가 생각해야 할 변화의 지점입니다. 
 
아름다운 이별의 중요성: 언젠가 다시 돌아갈 수 있다는 가능성이 열리면서 퇴사 시 매너를 지키는 굿바이 에티켓이 경력 관리의 핵심 요소가 되었습니다. 
 
기업의 재입사 프로그램 체계화: 유능한 인재를 다시 불러들이기 위한 알럼나이(Alumni) 네트워크 관리와 재채용 프로세스를 공식화하는 기업들이 늘어날 전망입니다. 
 
신규 채용 축소에 대한 대책: 경력직 위주의 시장 재편 속에서 청년층의 일자리 기회가 박탈되지 않도록 하는 제도적 보완과 기업의 사회적 책임이 강조되어야 합니다. 
 
💡 마지막 추가 팁: 돌아갈 곳이 있다는 안도감 혹은 정체 친정으로의 복귀는 누군가에게는 실패를 딛고 일어서는 기회일 수 있지만 누군가에게는 도전을 멈춘 안주가 될 수도 있습니다. 중요한 것은 장소가 아니라 그곳에서 내가 어떤 성장을 이어갈 수 있느냐입니다. 연어처럼 거친 물살을 거슬러 돌아온 당신의 선택이 진정한 도약을 위한 발판이 되기를 응원합니다. 
 
퇴사했던 회사에서 재입사 제안이 온다면 여러분은 어떤 선택을 하실 건가요? 지금 이 소식을 전 직장 동료나 이직을 고민하는 친구에게 공유하고 함께 의견을 나눠보세요! 👇 
 
#글렌드 #연어족 #재입사",21,0,1,91,4,2,0,,
17883843297354847,2026-02-20T06:22:35+0000,FEED,CAROUSEL_ALBUM,https://www.instagram.com/p/DU-DGZXE09-/,5,0,"내가 떠난 뒤에도 나의 인스타그램 계정이 살아 움직이며 친구들의 소식에 좋아요를 누른다면 그것은 축복일까요 아니면 비극일까요? 
 
최근 페이스북과 인스타그램의 모기업 메타(Meta)가 사용자의 사후에도 인공지능이 대신 계정을 운영할 수 있는 기술 특허를 확보하며 전 세계적인 논쟁을 불러일으켰습니다. 동아일보와 비즈니스인사이더 등 국내외 주요 매체들의 분석에 따르면 이 기술은 사용자의 생전 게시물과 댓글 그리고 상호작용 데이터를 AI에 학습시켜 사용자의 페르소나를 그대로 복제하는 원리입니다. 글렌드가 분석한 전문가들의 인터뷰에 따르면 이제 인류는 육체적 사망 이후에도 디지털 공간에서 영생을 누리는 디지털 불멸(Digital Immortality)의 시대로 진입하고 있습니다. 
 
🤔 사후 아바타: 말투부터 취향까지 복제 이 기술의 핵심은 단순한 자동 응답이 아닙니다. AI가 고인의 평소 말투와 선호하는 주제 그리고 친구들과의 관계 패턴을 완벽히 습득하여 마치 본인이 살아있는 것처럼 자연스럽게 소통하는 것이 목적입니다. 옥스퍼드 인터넷 연구소의 칼 외만 교수는 2100년경에는 페이스북에만 죽은 사람의 계정이 49억 개에 달할 것이라는 충격적인 전망을 내놓기도 했습니다. 이미 미국과 일본 등지에서는 고인의 목소리와 기억을 학습시킨 AI 아바타 서비스가 실제 비즈니스 모델로 출시되어 운영 중입니다. 
 
📉 1,180억 달러 규모의 거대 사후 시장 전문가들은 이른바 사후 아바타(Posthumous AI Avatar) 시장이 2034년경 최대 1,180억 달러 규모로 성장할 것으로 예측하고 있습니다. 죽음을 비즈니스로 연결하는 이 거대한 흐름은 유족들에게는 고인과 소통하는 듯한 정서적 위안을 제공할 수 있지만, 반대로 고인의 인격권 침해라는 심각한 윤리적 쟁점을 동반합니다. 내가 생전에 동의하지 않은 나의 데이터가 죽은 뒤에도 기업의 영리 목적으로 활용되거나 나의 의도와 다른 발언을 할 수 있다는 공포가 현실화되고 있는 것입니다. 
 
⚖️ 추모인가 혹은 기괴한 집착인가 기술이 앞서가는 상황에서 고인의 디지털 사후 권리(Digital Personality Rights)를 보호하기 위한 법적 장치는 턱없이 부족합니다. 동아일보 기사에 따르면 전문가들은 고인의 동의 없는 데이터 활용이 애도를 방해하고 고인에 대한 왜곡된 이미지를 심어줄 수 있다고 경고합니다. 디지털 공간에 영원히 갇힌 고인의 자아는 과연 누구를 위한 것일까요? 죽음을 삶의 자연스러운 마침표로 받아들이지 못하고 데이터로 박제하려는 욕망이 가져올 사회적 혼란에 대해 이제는 진지한 고민이 필요합니다. 
 
✅ 디지털 사후 세계를 대비하는 3가지 리포트 
 
우리가 지금 당장 고민해봐야 할 데이터의 미래입니다. 
 
디지털 유언장의 대중화: 나의 사후 데이터를 삭제할 것인지 혹은 아바타로 남길 것인지에 대한 법적 효력을 갖춘 의사 표시가 일상화되어야 합니다. 
 
기술 윤리의 가이드라인 수립: 메타와 같은 빅테크 기업들이 사후 데이터를 활용함에 있어 유족의 동의 범위와 사용 기한을 엄격히 제한하는 국제적 기준이 필요합니다. 
 
건강한 애도 문화의 정립: 기계를 통한 가짜 재회가 주는 위안보다 남겨진 이들이 상실을 건강하게 극복하고 현실의 삶을 지속할 수 있도록 돕는 정서적 지원이 우선되어야 합니다. 
 
💡 마지막 추가 팁: 잊힐 권리의 소중함 당신이 오늘 남긴 흔적들이 훗날 당신의 의지와 상관없이 영원히 박제될 수 있습니다. 디지털 시대에 가장 중요한 권리는 기억되는 것이 아니라 어쩌면 평화롭게 잊힐 권리일지도 모릅니다. 기술은 우리에게 불멸을 약속하지만 그 이면에 숨겨진 데이터의 무게를 감당하는 것은 결국 산 자들의 몫입니다. 
 
죽어서도 SNS 활동을 이어가는 미래에 대해 여러분은 찬성하시나요? 소름 돋는 이 소식을 지금 바로 당신의 친구나 연인에게 공유하고 함께 이야기 나눠보세요! 👇 
 
#글렌드 #디지털영생 #AI아바타",20,0,0,87,5,1,0,,
18024453998800640,2026-02-20T02:38:25+0000,FEED,CAROUSEL_ALBUM,https://www.instagram.com/p/DU9pckgE3iB/,6,0,"마스코트가 떠나면 브랜드는 무너집니다. 
 
충주시 유튜브를 전국구 플랫폼으로 만든 충주맨 김선태 주무관의 사직은 우리 사회 공적 시스템의 한계를 적나라하게 드러냈습니다. 사직 발표 직전 100만 명을 바라보던 구독자 수는 순식간에 75만 명대로 급감하며 한 개인의 이탈이 조직 전체에 얼마나 치명적인지 증명했습니다. 글렌드가 분석한 이번 사태의 본질은 유능한 인재를 품지 못하는 폐쇄적인 조직 문화와 특정 개인에게 지나치게 의존한 브랜딩이 가져온 예고된 리스크입니다. 
 
조직의 특정 직원이 마스코트가 되는 순간 회사는 강력한 홍보 효과를 얻지만 동시에 거대한 위기를 떠안게 됩니다. 해당 직원의 이미지가 곧 회사의 정체성이 되어버리기 때문에 그가 퇴사하거나 논란에 휘말리면 회사의 가치도 함께 추락할 수밖에 없습니다. 충주시 사례처럼 구독자 수가 단기간에 25만 명이나 증발하는 현상은 시스템이 아닌 사람에게만 의존한 브랜딩이 얼마나 취약한지 보여주는 뼈아픈 교훈입니다. 경영진은 스타 플레이어의 탄생을 반기면서도 그가 떠난 자리를 메울 수 있는 시스템적 대안을 반드시 마련해야 합니다. 
 
조직 내부가 질투로 병들고 있다면 외부에서는 공교육의 근간을 흔드는 범법 행위가 공공연히 자행되고 있습니다. 최근 기소된 일타강사들의 수능 문항 부정 거래는 공정성을 뿌리째 뽑는 명백한 범죄이자 카르텔입니다. 현직 교사들에게 수억 원을 주고 문제를 사들이는 행위는 교육 시스템 전체의 신뢰를 무너뜨리는 중대한 도전입니다. 유능한 인재는 질투해서 내쫓고 정작 단죄해야 할 범죄자 앞에서는 복지부동하는 행정이야말로 대한민국이 당면한 시스템의 위기입니다. 
 
이제는 바뀌어야 합니다. 공직 사회는 성과를 내는 인재를 지키는 투명한 시스템을 구축해야 합니다. 승진과 보상이 시기의 대상이 되지 않도록 객관적인 평가 체제를 확립하고 혁신가가 지속 가능하게 일할 수 있는 문화를 조성해야 합니다. 동시에 교육 당국은 사교육 시장의 불법 거래를 차단할 수 있는 상시 감시 체계를 가동하여 공교육의 정당성을 회복해야 합니다. 공무원이 제 일을 하지 않을 때 그 피해는 고스란히 성실하게 일하는 대다수 선량한 시민에게 돌아갑니다. 
 
대한민국 시스템은 지금 신뢰를 시험받고 있습니다. 유능한 인재를 품지 못하는 조직과 범죄 앞에서 눈을 감는 행정기관이 지속되는 한 국가의 장래는 어둡습니다. 이제라도 공공 부문은 폐쇄성을 깨고 복지부동의 자세에서 일어나 공정의 가치를 바로 세워야 합니다. 회사의 이름보다 개인의 이름이 더 커지는 순간을 경계하고 사람이 바뀌어도 흔들리지 않는 단단한 시스템 브랜딩을 시작해야 할 때입니다. 
 
여러분의 조직은 한 사람의 능력에 의존하고 있나요 아니면 단단한 시스템 위에 서 있나요? 지금 조직의 미래와 브랜딩 리스크를 고민하는 모든 분이 꼭 읽어봐야 할 리포트입니다. 👇 
 
#글렌드 #시스템 #조직문화",24,0,0,104,6,0,0,,
18192672712355389,2026-02-20T01:54:07+0000,FEED,CAROUSEL_ALBUM,https://www.instagram.com/p/DU9kYFEE-9W/,3,0,"수조 원의 빚더미 대신 수조 원의 가치를 창출하는 법, 지금 밀라노가 보여주는 실용주의 올림픽에 그 정답이 있습니다. 
 
2026 밀라노-코르티나 담페초 동계 올림픽이 전 세계의 찬사를 받으며 막바지에 다다랐습니다. 이번 올림픽은 단순히 스포츠 축제를 넘어, 적자 올림픽의 굴레를 벗어던진 혁신적인 경제 모델로 평가받습니다. 글렌드가 분석한 국제올림픽위원회(IOC) 관계자와 도시 공학 전문가들의 인터뷰에 따르면, 이번 대회의 핵심 키워드는 과시가 아닌 지속 가능성입니다. 
 
🤔 밀라노 모델: 92퍼센트의 미학 과거의 올림픽이 도시의 위상을 뽐내기 위해 거대한 경기장을 새로 짓는 데 집중했다면, 밀라노는 정반대의 길을 선택했습니다. 이번 대회에서 사용되는 경기 시설의 무려 92퍼센트가 기존에 있던 시설이거나 임시 시설입니다. 전문가들은 인터뷰를 통해 이제는 거대한 콘크리트 건축물이 아니라, 이미 가진 자원을 얼마나 창의적으로 재활용하느냐가 도시 경쟁력의 핵심이라고 강조합니다. 
 
이러한 실용주의는 기업 경영에도 큰 시사점을 줍니다. 새로운 것을 창조하기 위해 막대한 자본을 투입하기보다, 기존의 인프라를 최신 기술과 결합해 효율을 극대화하는 방식입니다. 실제로 이번 대회는 인공지능(AI)을 활용한 물류 최적화와 에너지 관리 시스템을 도입해 운영 비용을 과거 대회의 절반 수준으로 줄이는 데 성공했습니다. 
 
📉 올림픽과 럭셔리의 만남: 브랜딩의 진화 이탈리아 하면 떠오르는 패션과 럭셔리 산업 역시 이번 올림픽의 주인공입니다. 아르마니, 프라다 등 세계적인 브랜드들이 단순한 후원을 넘어 올림픽의 디자인 전반에 참여하며 올림픽을 하나의 거대한 런웨이로 만들었습니다. 인터뷰에 참여한 마케팅 전문가는 올림픽은 이제 스포츠를 넘어 라이프스타일 브랜딩의 장이 되었다고 분석합니다. 
 
대중은 더 이상 국가의 힘을 과시하는 상징물에 열광하지 않습니다. 대신 자신의 가치관과 일치하는 지속 가능한 브랜드, 그리고 세련된 경험을 제공하는 콘텐츠에 지갑을 엽니다. 밀라노 올림픽이 보여주는 친환경적 접근과 럭셔리 브랜딩의 결합은 2026년 현재 가장 강력한 소비 트렌드 중 하나인 가치 소비와 맞닿아 있습니다. 
 
✅ 전문가가 제안하는 올림픽 비즈니스 리포트 
 
변화하는 시대에 기회를 잡기 위해 우리가 주목해야 할 3가지 핵심 포인트를 정리해 드립니다. 
 
본질에 집중하는 실용주의: 껍데기를 치장하는 데 에너지를 쏟지 마세요. 밀라노가 경기장 대신 콘텐츠에 투자했듯, 우리도 자신의 핵심 가치를 강화하는 데 자원을 집중해야 합니다. 
 
기술을 통한 지속 가능성: 이번 대회의 탄소 중립 목표는 단순한 구호가 아니었습니다. 데이터와 AI를 활용해 자원 낭비를 최소화하는 기술적 접근이 뒷받침되었습니다. 비즈니스든 개인이든 지속 가능성은 이제 선택이 아닌 생존의 필수 조건입니다. 
 
경험의 프리미엄화: 올림픽은 이제 TV 중계를 넘어 메타버스와 증강현실(AR)을 통해 개인화된 경험을 제공합니다. 사람들의 기억에 남는 것은 기록이 아니라 그 순간 느꼈던 특별한 경험입니다. 
 
💡 마지막 추가 팁: 트렌드 읽는 법 세상의 큰 흐름을 읽고 싶다면 올림픽 같은 거대 행사가 돈을 쓰는 방식을 유심히 살펴보세요. 자본이 어디로 흐르는지 보면 미래의 부가 어디에 머무를지 보입니다. 밀라노의 성공적인 효율 경영은 앞으로 모든 산업의 표준이 될 것입니다. 
 
변화하는 세상에서 나만의 기회를 찾고 계신가요? 지금 올림픽 열기에 푹 빠져 있는 친구나, 비즈니스 인사이트가 필요한 동료를 소환해서 밀라노의 비밀을 함께 공유해 보세요! 👇 
 
#글렌드 #올림픽 #밀라노2026",18,0,0,79,3,1,0,,
18383370466153876,2026-02-19T13:47:01+0000,FEED,CAROUSEL_ALBUM,https://www.instagram.com/p/DU8RKv2k9at/,3,0,"어쩌면 당신은 매일 ‘독’을 마시고 있을지도 모릅니다. 
 
물론 진짜 독약은 아닙니다. 하지만 우리 몸에 그만큼 치명적인 영향을 미치는 것들, 바로 액상과당, 밀가루, 그리고 술 이야기입니다. 무심코 마신 음료수, 습관처럼 먹던 빵과 면, 하루의 피로를 푼다던 술 한 잔이 사실은 만성피로와 원인 모를 트러블, 그리고 지긋지긋한 뱃살의 주범이었다는 사실을 알고 계셨나요? 
 
새해 다짐이 작심삼일로 끝났다면, 지금이 다시 시작할 완벽한 기회입니다. 거창한 계획 대신, 이 세 가지 중 ‘딱 하나’만 한 달 동안 끊어보세요. 이것은 단순한 다이어트를 넘어, 내 몸의 시스템을 초기화하고 진짜 컨디션을 되찾는 가장 빠르고 확실한 ‘셀프 디톡스’입니다. 
 
1. 액상과당: ‘달콤한 독’과의 이별 음료수, 커피 시럽, 각종 소스에 숨어있는 액상과당. 이것만 끊어도 우리 몸은 즉각 반응합니다. ‘먹어도 먹어도 배고픈’ 가짜 식욕이 사라지고, 머리가 멍했던 ‘브레인 포그’ 현상이 걷히며 놀라운 집중력을 되찾게 됩니다. 간에 쌓이던 지방이 줄고, 내장지방이 가장 빠르게 빠지는 마법을 경험할 수 있습니다. 
 
2. 밀가루: ‘편안한 독’과의 거리두기 빵, 라면, 파스타 없는 삶은 상상하기 힘들죠. 하지만 딱 한 달만 거리를 두면, 만성 소화불량과 더부룩함이 사라집니다. 원인 모를 여드름과 뾰루지가 눈에 띄게 줄어들고, 식사 후 찾아오던 극심한 피로감과 무기력증에서도 해방됩니다. 몸의 불필요한 붓기가 빠지는 것은 가장 눈에 띄는 보너스입니다. 
 
3. 술: ‘가짜 행복’과의 작별 금주가 주는 진짜 선물은 ‘수면의 질’입니다. 술을 끊어야만 비로소 진정한 숙면을 통해 아침의 개운함을 느낄 수 있습니다. 알코올이 빼앗아갔던 비타민 흡수율이 정상화되며 피부 톤이 맑아지고, 놀라울 정도로 기억력과 집중력이 향상됩니다. 
 
이제 선택의 시간입니다. 최고의 성형은 ‘절제’이고, 가장 확실한 건강관리는 ‘습관’입니다. 당신의 몸을 위해, 딱 한 달. 어떤 ‘독’부터 해독하시겠습니까? 한 달 뒤, 완전히 달라진 자신과 마주하게 될 것입니다.",19,0,0,69,3,1,0,,
18061411796334990,2026-02-19T09:31:42+0000,FEED,CAROUSEL_ALBUM,https://www.instagram.com/p/DU7z8twE1Ys/,5,0,"어젯밤, 몇 시간 주무셨나요? 
 
우리는 너무나 오랫동안 잠을 줄이는 것을 성공의 증표처럼 여겨왔습니다. ‘4당 5락(4시간 자면 붙고, 5시간 자면 떨어진다)’이라는 말이 있듯, 잠을 희생하며 무언가를 쟁취하는 것을 미덕이라 생각했죠. 하지만 최신 뇌과학과 의학 연구들은 이 모든 것이 우리 몸에 ‘느리게 작용하는 독’을 주입하는 것과 같다고 경고합니다. 
 
‘주말 몰아자기’의 위험한 배신 
 
많은 사람들이 ‘평일엔 달리고, 주말에 몰아 자면 된다’고 믿습니다. 하지만 이는 가장 위험한 착각 중 하나입니다. 고려대 의대 연구팀에 따르면, 주말에 평일보다 2시간 이상 더 자는 ‘수면 보충’ 그룹은 오히려 행복감과 삶의 만족도가 낮았으며, 번아웃과 우울증 위험은 1.9배나 높았습니다. 
 
이는 ‘사회적 시차증(Social Jetlag)’을 유발하기 때문입니다. 주중과 주말의 수면 패턴이 달라지면 우리 몸의 생체 시계가 혼란을 겪으며, 마치 매주 월요일마다 시차가 다른 나라로 강제 이동하는 것과 같은 스트레스를 받게 됩니다. 결국 ‘잠의 빚’은 갚아지는 것이 아니라, 오히려 정신 건강의 ‘새로운 빚’을 만드는 셈입니다. 
 
단 며칠의 수면 부족이 만드는 균열 
 
수면 부족이 몸에 미치는 손상은 생각보다 훨씬 즉각적입니다. 스웨덴 웁살라대 연구에 따르면, 단 3일간 수면 시간을 4.25시간으로 제한했더니, 우리 몸의 염증 및 스트레스 관련 단백질 수치가 급증했습니다. 이는 심혈관 질환 발병의 방아쇠를 당기는 것과 같습니다. 
 
또한, 단 하룻밤만 잠을 설쳐도 혈당 조절 능력이 뚝 떨어지고, 식욕 억제 호르몬(렙틴)은 줄고 식욕 촉진 호르몬(그렐린)은 늘어납니다. 야식의 유혹에 쉽게 넘어가고, 살이 찌는 것은 의지가 약해서가 아니라 수면 부족으로 인한 ‘호르몬의 반란’ 때문일 수 있습니다. 
 
잠은 뇌의 ‘청소 시간’ 
 
수면의 가장 중요한 역할 중 하나는 바로 ‘뇌 청소’입니다. 우리가 깊은 잠에 빠져있는 동안, 뇌의 ‘글림프 시스템(Glymphatic System)’이 활성화되어 낮 동안 쌓인 뇌의 노폐물을 청소합니다. 특히 이 과정에서 알츠하이머병의 원인 물질로 알려진 ‘베타 아밀로이드’ 단백질이 효과적으로 제거됩니다. 잠을 자지 않는다는 것은, 매일 뇌에 쓰레기를 쌓아두는 것과 같습니다. 
 
결국 불규칙한 수면은 약 172개의 질환과 연관되어 있으며, 사망 위험을 27%나 높인다는 연구 결과들은 결코 과장이 아닙니다. 
 
이제 잠에 대한 관점을 바꿔야 합니다. 잠은 하루의 끝이 아니라, 최고의 내일을 준비하는 가장 중요한 ‘투자’이자 ‘전략’입니다. 
 
당신의 ‘수면 통장’은 안녕하신가요? 빚을 지고 있나요, 아니면 투자를 하고 있나요?",19,1,0,79,6,1,0,,
18558498490036675,2026-02-19T05:44:33+0000,FEED,CAROUSEL_ALBUM,https://www.instagram.com/p/DU7Z8_WE1or/,4,0,"매진된 그 기차, 사실은 텅 비어있었습니다. 
 
매년 명절, ‘예매 전쟁’이라는 말이 무색하게 수십만 개의 기차 좌석이 아무도 타지 않은 채 버려지고 있다는 사실을 알고 계셨나요? 지난해 설과 추석에만 66만 4천 석, 최근 5년간 무려 195만 장의 표가 예매 후 취소되는 ‘노쇼(No-show)’로 사라졌습니다. 누군가에게는 애타게 필요했던 그 표가 허공으로 증발해버린 것입니다. 
 
왜 이런 일이 반복될까요? 원인은 명확합니다. 
 
바로 ‘일단 잡고 보자’는 식의 허수 예약을 부추기는 ‘솜방망이 위약금’ 제도 때문입니다. 과거 코레일은 출발 하루 전날에 취소해도 위약금이 없거나 고작 400원 수준에 불과했습니다. 이렇다 보니 여러 시간대의 표를 일단 확보해 둔 뒤, 출발 직전에 필요 없는 표를 버리는 것이 너무나 쉬웠습니다. 특히 매크로 프로그램을 사용하는 암표상들에게는 사실상 아무런 리스크가 없는 ‘꽃놀이패’나 다름없었죠. 
 
대책이 내놓았지만, 문제는 더 심각해졌습니다. 
 
비판이 쏟아지자 코레일은 위약금 규정을 일부 상향 조정했습니다. 하지만 동시에 ‘무료 변경’ 가능 시간을 기존 ‘출발 3시간 전’에서 ‘30분 전’으로 대폭 확대하면서 새로운 꼼수의 길을 열어주었습니다. 출발 직전에 위약금이 없는 평일 표로 변경한 뒤, 그 표를 다시 수수료 없이 취소하는 방식으로 위약금을 회피할 수 있게 된 것입니다. 결국 노쇼를 막으려다 오히려 더 큰 구멍을 만들어준 셈입니다. 
 
이로 인해 코레일이 지난 5년간 입은 손실액은 무려 458억 원에 달합니다. 이는 결국 우리 모두의 부담으로 돌아올 수밖에 없는 막대한 사회적 비용입니다. 
 
‘위약금 100%’ 와 ‘선의의 피해자’ 사이의 딜레마 
 
이에 분노한 여론은 “명절 기간만이라도 당일 취소 시 위약금 100%를 적용해야 한다”, “상습 노쇼 이용자는 블랙리스트로 관리해야 한다” 등 강력한 패널티를 요구하고 있습니다. 
 
하지만 코레일은 신중한 입장입니다. 위약금을 과도하게 높일 경우, 급작스러운 사고나 집안의 경조사 등 피치 못할 사정으로 표를 취소해야 하는 ‘선의의 피해자’가 발생할 수 있다는 우려 때문입니다. 
 
모두의 편의를 위해 만든 관용이 일부의 이기심으로 인해 모두의 불편이 되는 역설적인 상황. 당신이 생각하는 가장 현실적인 해결책은 무엇인가요?",20,0,0,82,4,1,0,,
17892172185287667,2026-02-18T22:26:31+0000,FEED,CAROUSEL_ALBUM,https://www.instagram.com/p/DU6n0x2EwKA/,5,0,"뱃살이 신경쓰인다면,

마른 체형인데도 유독 볼록 나온 아랫배 때문에 스트레스받고 계신가요? 혹은 온갖 다이어트를 시도해도 마지막까지 남는 뱃살 때문에 좌절하고 계신가요? 만약 그렇다면, 당신은 지금까지 완전히 잘못된 방법으로 뱃살에 접근했을 가능성이 높습니다.

뱃살은 단순히 미용의 문제를 넘어, 우리 건강을 위협하는 가장 위험한 신호 중 하나입니다. 오늘 왜 당신의 뱃살이 빠지지 않았는지, 그리고 어떻게 해야 이 지긋지긋한 굴레에서 벗어날 수 있는지 그 해답을 알려드립니다.

당신의 뱃살은 어떤 종류인가요?

우리가 ‘뱃살’이라 부르는 지방은 크게 두 종류로 나뉩니다. 손으로 잡히는 부드러운 살인 ‘피하지방’과, 복부 깊숙한 곳 장기들 사이에 끼어있는 ‘내장지방’입니다. 진짜 문제는 바로 이 ‘내장지방’입니다. 내장지방은 각종 염증 물질을 분비해 당뇨병, 고혈압, 심뇌혈관 질환 등 만성질환의 직접적인 원인이 되는 ‘시한폭탄’과도 같습니다. 다행인 점은, 내장지방은 피하지방보다 먼저, 그리고 더 빨리 연소된다는 것입니다. 즉, 제대로 된 방법으로 접근하기만 하면 가장 먼저 뺄 수 있는 지방이기도 합니다.

뱃살 빼는 ‘진짜’ 식단 공식

많은 사람들이 뱃살을 빼기 위해 무작정 굶거나 칼로리만 줄이지만, 이는 최악의 방법입니다. 우리 몸은 영양이 부족해지면 근육부터 분해하고, 기초대사량을 낮춰 오히려 지방을 더욱 필사적으로 축적하려 하기 때문입니다.

진짜 핵심은 ‘무엇을 먹는가’에 있습니다.

*  단백질 섭취 늘리기: 단백질은 근육 손실을 막아 기초대사량을 유지하고, 높은 포만감을 주어 식사량을 자연스럽게 조절해줍니다. 닭가슴살, 계란, 두부, 생선 등 양질의 단백질을 매 끼니 챙겨 먹는 것이 중요합니다.
*  섬유질과 친해지기: 통곡물, 채소, 해조류에 풍부한 식이섬유는 포만감을 높이고, 혈당이 급격히 오르는 것을 막아 지방 축적을 억제합니다. 또한 장 건강을 개선해 복부 팽만감을 줄여줍니다.
* ‘좋은’ 지방 챙겨 먹기: 지방이라고 무조건 피해야 하는 것은 아닙니다. 올리브오일, 아보카도, 견과류에 든 불포화지방산은 오히려 체내 염증을 줄이고 신진대사를 돕습니다. 피해야 할 것은 트랜스지방과 과도한 포화지방입니다.

운동과 생활 습관이 화룡점정

식단이 전쟁의 80%를 차지한다면, 나머지 20%는 운동과 생활 습관이 결정합니다. 뱃살, 특히 내장지방을 태우는 데 가장 효과적인 운동은 걷기, 달리기, 수영 같은 ‘유산소 운동’입니다. 여기에 근력 운동을 병행해 근육량을 늘리면 기초대사량이 높아져 살이 잘 찌지 않는 체질로 바뀝니다.

하지만 많은 이들이 간과하는 숨은 복병이 있습니다. 바로 ‘스트레스’와 ‘수면’입니다. 스트레스를 받으면 코르티솔 호르몬이 분비되는데, 이 호르몬은 식욕을 높이고 지방, 특히 내장지방을 복부에 집중적으로 쌓이게 만듭니다. 또한 하루 7시간 이하의 불충분한 수면은 식욕 억제 호르몬(렙틴)을 줄이고 식욕 촉진 호르몬(그렐린)을 늘려 살찌기 쉬운 상태로 만듭니다.

결국 뱃살 다이어트는 단기간의 이벤트가 아닌, 건강한 식단과 꾸준한 운동, 충분한 수면과 스트레스 관리가 어우러진 ‘라이프스타일의 재설계’ 과정입니다. 오늘부터라도 무작정 굶는 대신, 내 몸에 진짜 필요한 것들을 채워주는 건강한 변화를 시작해보는 것은 어떨까요?",20,0,0,74,5,2,0,,
17965434737878760,2026-02-18T14:06:33+0000,FEED,CAROUSEL_ALBUM,https://www.instagram.com/p/DU5um32k2WP/,5,0,"당신의 자녀에게 코딩 대신 망치 잡는 법을 먼저 가르쳐야 할지도 모릅니다.

AI가 의사, 변호사, 회계사의 영역까지 넘보는 지금, 일론 머스크가 던진 이 역설적인 화두는 미래 직업 시장의 지각 변동을 예고하고 있습니다. 수십 년간 우리가 성공의 사다리라 믿어왔던 화이트칼라의 시대가 저물고 오히려 몸의 가치가 재조명받는 대역전극이 시작되었기 때문입니다.

왜 손을 쓰는 일이 다시 귀해지는가?

AI는 정형화된 데이터를 학습하고 디지털 세계의 문제를 푸는 데는 경이로운 능력을 발휘합니다. 하지만 예측 불가능한 변수가 난무하는 물리적인 현실 세계에서는 아직 걸음마 단계입니다. 로봇은 수백만 번의 반복 작업은 완벽히 해내지만 매번 상황이 다른 낡은 건물의 배관을 수리하거나 복잡하게 얽힌 전기 회로의 문제를 진단하고 해결하지는 못합니다.

이것이 바로 숙련된 기술직의 가치가 폭등할 것이라 예측되는 이유입니다. 이들은 단순히 손을 쓰는 것이 아니라, 현장에서 발생하는 예측 불가능한 문제들을 몸으로 해결하는 전문가들입니다. AI가 아무리 발전해도 인류가 현실 세계에 발 딛고 사는 한, 인프라를 구축하고 유지 보수하는 이들의 역할은 결코 사라지지 않으며, 오히려 대체 불가능성으로 인해 그 희소 가치는 더욱 높아질 것입니다.

AI가 결코 흉내 낼 수 없는 인간의 영역

미래의 가치는 효율성만으로 결정되지 않습니다. 오히려 AI가 효율을 극대화할수록, 인간 고유의 비효율적 감성은 더욱 강력한 무기가 됩니다. AI는 수백만 개의 레시피를 조합할 순 있지만, 손님의 기분과 그날의 분위기까지 고려해 최고의 경험을 선사하는 셰프의 감각을 따라 할 순 없습니다.

독창적인 세계관으로 사람들에게 깊은 울림을 주는 예술가, 복잡한 인간관계와 감정을 이해하고 마음을 치유하는 상담가, 따뜻한 스킨십으로 교감하는 케어 전문가의 영역도 마찬가지입니다. AI가 쏟아내는 무한한 정보와 콘텐츠 속에서, 사람들은 역설적으로 더욱 인간적인 손길과 깊은 공감, 그리고 독창적인 영감을 갈망하게 될 것이기 때문입니다.

물론 모든 지식 노동이 사라지는 것은 아닙니다. AI를 도구로 활용해 더 높은 수준의 창의성을 발휘하거나, AI 시스템의 윤리적 문제를 감독하고 최종 책임을 지는 인간의 판단력은 더욱 중요해질 것입니다.

결국 AI 시대에 살아남는 핵심은 지식의 양이 아닌 대체 불가능성에 있습니다. 기계가 할 수 없는 일, 즉 현실의 문제를 해결하는 진짜 기술, 타인과 깊이 교감하는 능력, 그리고 올바른 방향을 제시하는 지혜를 갖추는 것.

지금 당신은 어떤 인간다움을 연마하고 있나요?",17,0,0,64,5,1,0,,
18127413058532185,2026-02-18T08:35:05+0000,FEED,CAROUSEL_ALBUM,https://www.instagram.com/p/DU5IrMiE3gy/,5,0,"그래서, 이번엔 정말 25만 원을 받을 수 있는 건가요?

총선이 다가오면서, 또다시 ‘전 국민 민생회복지원금’ 카드가 수면 위로 떠 올랐습니다. 1인당 25만 원, 4인 가구 기준 100만 원에 달하는 이 지원금은 고물가와 경기 침체에 지친 우리에게 가뭄의 단비 같은 소식일까요, 아니면 또 한 번의 선거철 공약에 그치고 말까요? 오늘은 이 뜨거운 감자의 핵심을 자세히 파헤쳐 봅니다.

‘민생회복지원금’은 무엇인가?

핵심은 간단합니다. 코로나19 팬데믹 시절의 재난지원금처럼, 소득이나 재산과 상관없이 모든 국민에게 1인당 25만 원씩을 지급하자는 것입니다. 다만, 현금이 아닌 ‘지역사랑상품권(지역화폐)’ 형태로 지급해 대형마트나 백화점이 아닌, 동네 가게나 전통시장 등 소상공인에게 돈이 흘러 들어가도록 설계되었습니다. 즉, 국민 개개인의 생계에 숨통을 틔워주는 동시에, 침체된 골목 상권을 살리겠다는 ‘일석이조’의 목표를 가지고 있습니다.

팽팽하게 맞서는 찬반 논리

[찬성] “마중물 효과로 내수를 살려야 한다”
지원금을 찬성하는 측에서는 ‘경제의 모세혈관’이 막혀있다고 진단합니다. 고금리와 고물가로 인해 가계의 실질 소득이 줄면서 지갑을 닫아버렸고, 이것이 내수 침체와 소상공인의 어려움으로 이어지는 악순환이 반복되고 있다는 것입니다. 이들은 민생지원금이 소비의 ‘마중물’ 역할을 해 멈춰버린 내수 경제를 다시 힘차게 돌릴 수 있다고 주장합니다. 13조 원이라는 재원을 풀어 얻는 경제 활성화 효과가 훨씬 더 클 것이라는 기대입니다.

[반대] “가뜩이나 심한 물가를 더 자극할 수 있다”
반대 측의 가장 큰 우려는 바로 ‘인플레이션’입니다. 시장에 막대한 돈이 한 번에 풀리면 상품과 서비스에 대한 수요가 급증하고, 이는 결국 잡힐 듯 잡히지 않는 물가를 다시 끌어올리는 부작용을 낳을 수 있다는 것입니다. ‘왼쪽 주머니에 돈을 넣어줬더니, 오른쪽 주머니에서 더 많은 돈이 빠져나가는’ 상황이 발생할 수 있다는 경고죠. 또한, 미래 세대에게 부담을 주는 막대한 국가 재정 문제도 주요 반대 근거로 꼽힙니다.

정치권을 중심으로 다시 불붙은 민생회복지원금 논쟁. 단순한 현금 살포라는 비판과 절실한 민생 안정 대책이라는 주장이 팽팽하게 맞서는 가운데, 그 실현 여부는 여전히 안갯속에 있습니다.

만약 당신의 지갑에 25만 원이 생긴다면, 가장 먼저 어디에 사용하고 싶으신가요?",20,0,0,86,5,2,0,,
17889040728309890,2026-02-17T08:31:19+0000,FEED,CAROUSEL_ALBUM,https://www.instagram.com/p/DU2jcqGkz5S/,5,0,"당신의 조상님은 ‘홍동백서, 조율이시’를 요구한 적이 없습니다.

수십 년, 아니 수백 년간 우리를 당연한 의무감으로 얽매었던 이 복잡한 제사 규칙. 하지만 이 모든 것이 유교의 근본 경전에는 단 한 줄도 등장하지 않는, 후대에 만들어진 ‘권장 사항’에 불과했다면 믿으시겠습니까? 명절마다 누군가의 허리를 휘게 했던 제사상 문화, 이제 정부와 성균관이 공식적으로 그 본질을 되찾겠다고 선언했습니다.

그렇다면 이 규칙들은 어디서 왔을까?

‘홍동백서(紅東白西)’나 ‘조율이시(棗栗梨柿)’와 같은 규칙들은 공자의 가르침이 아닙니다. 이는 조선 후기, 일부 학자들이 음양오행 사상에 기반하거나, 각 과일의 특징에 자손 번창과 같은 상징적 의미를 부여하며 만들어 낸 일종의 ‘학습자료’ 같은 것이었습니다. 분명 만들 당시에는 나름의 논리와 의미가 있었지만, 이것이 시간이 흐르며 ‘반드시 지켜야만 하는 절대적인 법칙’으로 와전된 것입니다. 제사의 근본 정신인 ‘공경하는 마음으로 정성을 다한다’는 대원칙보다, 지엽적인 규칙이 더 중요하게 여겨지는 주객전도가 일어난 셈입니다.

무엇이 진짜 ‘전통’이고, 어떻게 바뀌나

성균관 의례정립위원회는 이제 그 껍데기를 걷어내고 핵심으로 돌아가자고 말합니다.

새로운 가이드라인의 제사상은 놀랍도록 간단합니다. 밥, 국, 술, 그리고 제철 과일 한 가지. 이것만으로도 충분한 ‘격식’을 갖춘 것으로 봅니다. 명절 증후군의 주범이었던 기름진 ‘전’이나 여러 종류의 탕, 수십 가지 나물은 이제 의무가 아닙니다.

가장 중요한 변화는 바로 이것입니다. “고인이 평소 좋아하시던 음식을 올리거나, 가족이 다 함께 즐겁게 먹고 싶은 음식을 차리세요.” 이제 제사상의 주인공은 근본 없는 규칙이 아니라, 고인에 대한 ‘추억’과 살아있는 가족들의 ‘화합’이 됩니다. 할아버지가 좋아하시던 피자 한 판, 할머니가 즐겨 드시던 카스텔라 한 조각이 산더미 같은 전보다 훨씬 더 깊은 의미를 지닐 수 있다는 것입니다.

이는 결코 전통의 파괴가 아닙니다. 오히려 불필요한 형식주의에 짓눌려 사라질 위기에 처한 ‘제사’라는 소중한 가족 문화를, 그 본질인 ‘추모와 화합’을 중심으로 되살리려는 가장 현대적이고 지혜로운 방식의 ‘전통 복원’입니다.

이번 명절, 당신의 제사상에는 어떤 ‘이야기’와 ‘추억’을 올리시겠습니까?",20,0,0,116,5,3,0,,
17860776828601139,2026-02-16T04:05:50+0000,FEED,CAROUSEL_ALBUM,https://www.instagram.com/p/DUzgRWTEwxt/,7,0,"""아들, 세뱃돈 대신 게임기 사줄게.”

올해 설 연휴를 앞둔 대형 마트에서 가장 흔히 들려오는, 그러나 가장 낯선 대화입니다. 세뱃돈 봉투의 두께를 가늠하던 어린 시절의 추억은 이제 옛말이 되어가는 걸까요? 3040 부모 세대가 이끄는 ‘대체 선물’ 트렌드는 단순한 유행을 넘어, 우리 사회의 경제와 가족 관계의 변화를 보여주는 중요한 신호입니다.

‘불확실한 현금’보다 ‘확실한 행복’

이러한 변화의 중심에는 ‘고물가’라는 현실적인 딜레마가 있습니다. 몇 년 전만 해도 5만 원권 한 장은 꽤 큰 선물이었지만, 이제 그 가치는 예전 같지 않습니다. 어중간한 액수의 현금을 주느니, 아이가 오랫동안 염원했던 고가의 선물을 ‘하나 제대로’ 사주는 것이 부모와 아이 모두의 만족도를 높인다는 계산이 선 것입니다. 현금은 어디에 쓰일지 모르는 ‘불확실성’을 갖지만, 아이가 원하는 게임기나 고가 장난감은 ‘확실한 행복’을 보장하는 교환권이 됩니다.

실제로 한 대형마트에서는 설 연휴 직전 완구 매출이 245%나 폭증했으며, 특히 닌텐도 스위치나 플레이스테이션 같은 고가의 게임기 판매량이 급증했습니다. 이는 부모들이 더 이상 선물을 ‘가성비’로 접근하지 않음을 보여줍니다.

새로운 가족 역할 분담: ‘할머니=세뱃돈, 부모=선물’

흥미로운 지점은 이 트렌드가 전통을 완전히 부정하는 방식이 아니라는 것입니다. 오히려 더욱 영리하게 진화하고 있습니다. 조부모님은 전통적인 세뱃돈을 주며 덕담을 건네는 상징적인 역할을 수행하고, 부모는 아이가 실질적으로 가장 원하는 ‘메인 선물’을 책임지는 새로운 역할 분담이 자리 잡고 있습니다.

이는 귀한 자녀 한두 명에게 집중적으로 투자하는 ‘VIB(Very Important Baby)’ 현상과도 맞물립니다. 부모들은 더 이상 아이의 행복을 운이나 불확실성에 맡기지 않습니다. 명확한 취향을 가진 알파세대 자녀의 요구를 정확히 파악하고, 가장 효과적인 방식으로 그 욕구를 충족시켜주는 ‘경험 설계자’의 역할을 자처하는 것입니다.

결국 ‘대체 선물’ 현상은 단순히 명절 선물이 바뀌는 것을 넘어, 경제 상황의 변화, 부모 세대의 가치관 이동, 그리고 새로운 가족 내 역할 분담이 맞물려 만들어 낸 2026년 대한민국의 새로운 명절 풍경입니다.

이번 설, 당신의 조카 혹은 자녀에게 어떤 ‘확실한 행복’을 선물하고 싶으신가요?",19,0,0,90,7,0,0,,
17930836620194323,2026-02-16T01:20:35+0000,FEED,CAROUSEL_ALBUM,https://www.instagram.com/p/DUzNW_Hk5MG/,6,0,"🚨 설 연휴, 우리 가족 건강 비상등!

맛있는 명절 음식과 오랜만의 가족 모임으로 즐거운 설 연휴. 하지만 갑자기 아이가 열이 나거나, 기름에 손을 데는 등 예상치 못한 응급 상황이 발생하면 눈앞이 캄캄해집니다.

대부분의 병원과 약국이 문을 닫는 연휴, 당황하지 않고 대처하는 방법을 알려드릴게요.

STEP 1: 증상 먼저 확인하세요

소화불량, 가벼운 감기, 단순 염좌 등 증상이 가볍다면, 연휴에도 문을 여는 동네 병·의원이나 약국을 방문하면 됩니다.

하지만 호흡곤란, 갑작스러운 팔다리 저림, 의식 저하 등 심각한 중증 질환이 의심될 때는 지체 없이 119에 신고해야 합니다. 119에서 증상을 상담하고 중증도에 따라 가장 적절한 응급의료기관으로 신속하게 이송해줍니다.

STEP 2: 우리 동네 문 연 병원, 이렇게 찾으세요

연휴 기간에도 전국 416개 응급실은 24시간 문을 엽니다. 우리 동네에서 진료 가능한 병원과 약국 정보는 아래 방법으로 쉽게 확인할 수 있어요.

포털: 응급의료포털 E-Gen (e-gen.or.kr)
앱: ‘응급똑똑’ 또는 ‘응급의료정보제공’
전화: 119 (구급상황관리센터), 129 (보건복지콜센터)
특히 아이가 갑자기 아플 땐 ‘달빛어린이병원’이나 ‘소아전문응급의료센터’를 확인하는 것이 좋습니다.

설 연휴에는 평소보다 기도폐쇄, 화상, 베임 사고 발생률이 최대 2배 이상 높다고 합니다. 만일의 상황을 대비해 이 게시물을 저장하고, 부모님과 가족에게 공유해주세요.

여러분의 건강하고 행복한 설 연휴를 기원합니다.",20,0,1,80,7,2,0,,
18116910343717696,2026-02-15T09:40:53+0000,FEED,CAROUSEL_ALBUM,https://www.instagram.com/p/DUxh0aaky_e/,7,0,"💰 로또 1등, 꿈만 꾸고 계셨나요?

최근 로또 당첨 확률을 높일 수 있다는 이야기가 들려옵니다. 바로 ‘모바일 구매’ 시대가 열렸기 때문입니다. 이제 복권 판매점을 직접 찾아가거나 PC를 켜지 않아도, 손안의 핸드폰으로 간편하게 로또를 구매할 수 있게 됩니다.

왜 모바일로 구매할 수 있게 됐을까요?

동행복권이 로또 구매 방식을 확대한 이유는 명확합니다. 바로 ‘젊은 세대’를 끌어들이기 위해서죠. 실제로 로또 구매자나 당첨자는 특정 연령대에 집중되어 있었는데요. 고령화 시대에 젊은 층의 관심이 줄어들면, 전체 수익 시스템이 흔들릴 수 있기 때문입니다.

하반기부터 본격적으로 운영될 모바일 구매 서비스는 평일(월~금)에만 이용 가능하며, 1인당 한 회차에 5천 원까지 구매할 수 있습니다.

진짜 ‘당첨 명당’은 어디일까요?

재미있는 사실은, 최근 회차별 1등 당첨 판매점 대부분이 ‘인터넷 복권판매사이트’라는 점입니다. 오프라인 명당보다 접근성이 좋은 온라인에서 당첨자가 꾸준히 나오고 있는 것이죠.

과거 당첨자들의 인터뷰에서도 그들의 유일한 당첨 비결은 ‘매주 꾸준히 사는 것’이었습니다. 결국 ‘얼마나 쉽게, 그리고 꾸준히 구매할 수 있는가’가 당첨의 중요한 열쇠가 될 수 있다는 뜻입니다.

모바일 구매가 본격화되면, 이제 로또 시장의 판도는 완전히 바뀔지도 모릅니다. 언제 어디서든 쉽게 구매할 수 있게 되면서, 판매액은 8조 원을 넘어설 것으로 예상되죠.

어쩌면 이번 주 1등 당첨의 행운은, 지금 이 글을 보고 있는 당신에게 찾아올지도 모릅니다.",22,0,0,97,7,5,0,,
18307068697261251,2026-02-14T11:36:36+0000,FEED,CAROUSEL_ALBUM,https://www.instagram.com/p/DUvKRGnEyTD/,7,0,"💍 ""결혼합니다"" 한마디면 충분했어요.

최근 청첩장 대신 ‘결혼 알림장’을 보내는 커플이 늘고 있습니다. 결혼식이라는 절차를 생략하고, 둘만의 방식으로 새로운 시작을 알리는 ‘노웨딩(No-Wedding)’ 트렌드 이야기입니다.

왜 결혼식을 건너뛰는 걸까요?

가장 큰 이유는 역시 비용입니다. 2025년 기준 결혼식장과 스드메(스튜디오·드레스·메이크업)를 합친 전국 평균 비용은 2,074만 원, 서울 강남은 3,336만 원에 달해요. 하루를 위해 수천만 원을 쓰는 대신, 그 돈으로 집이나 가전제품 등 두 사람의 실질적인 미래에 투자하겠다는 합리적인 선택이죠.

정해진 틀에 대한 거부감도 큽니다. 앞 예식이 끝나면 하객만 바뀐 채 똑같은 풍경이 반복되는 웨딩홀 시스템이 ‘공장’처럼 느껴진다는 목소리가 많아요. 축의금 역시 '참석하면 10만 원'이 암묵적인 룰이 되면서, 보내는 사람도 받는 사람도 부담이 되는 문화가 되었고요.

노웨딩이 우리에게 던지는 질문

이 트렌드의 핵심은 ‘선택과 집중’입니다. 남들이 다 하니까 따랐던 형식적인 절차들을 과감히 생략하고, 자신이 진정으로 가치를 두는 것에 시간과 돈을 집중하겠다는 선언이에요.

결혼의 본질이 ‘성대한 예식’이 아닌 ‘두 사람의 약속과 새로운 시작’에 있음을 보여주는 흐름이기도 합니다. 모두에게 축하받는 자리도 의미 있지만, 그 방식이 꼭 정형화된 결혼식일 필요는 없다는 인식이 확산되는 것이죠.

이는 비단 결혼에만 해당하지 않습니다. 인생의 수많은 관례 앞에서 우리는 질문을 던져야 합니다. 이 절차가 나에게 정말 중요한가? 이것이 내가 추구하는 가치와 맞는가?

노웨딩은 그 질문에 ‘아니오’라고 용기 내어 답하고, 자신만의 대안을 찾아 나선 사람들의 이야기입니다.

당신이라면 어떤 선택을 하시겠어요? 그리고 당신에게 가장 중요한 가치는 무엇인가요?",149,1,1,356,9,6,0,,
18582485140026597,2026-02-14T06:02:39+0000,FEED,CAROUSEL_ALBUM,https://www.instagram.com/p/DUukDJwE8Gg/,6,0,"❄️ 한 도시가 아니라, 한 “지역”이 움직이는 올림픽.

2026 동계올림픽은 이탈리아 밀라노–코르티나(Milano–Cortina 2026)에서 열립니다. 기간은 2026년 2월 6일~22일. 우리가 익숙하게 떠올리던 “한 도시 개최” 이미지와 달리, 이번 대회는 북이탈리아 여러 도시·산악 지역에 걸친 분산 개최가 핵심이에요. 밀라노 같은 대도시의 인프라와, 알프스의 설원이 자연스럽게 연결되는 구조죠.

이 대회가 더 특별한 이유도 있습니다. 코르티나 담페초는 1956 동계올림픽을 치른 곳이고, 70년 만에 다시 올림픽 무대로 돌아옵니다. 그리고 2026부터는 스키마운티니어링(ski mountaineering)이 올림픽 정식 종목으로 처음 들어와요. “겨울 스포츠”의 스펙트럼이 한 번 더 넓어지는 순간입니다.

비즈니스 관점에서 보면, Milano–Cortina라는 이름 자체가 힌트예요. 도시 하나를 ‘장소’로 파는 게 아니라, 지역 전체를 ‘경험’으로 묶어 브랜드를 만든 방식. 여행·콘텐츠·스포츠·로컬 산업이 함께 확장될 여지가 큽니다. 
참고로 패럴림픽은 2026년 3월 6일~15일에 이어집니다. 올림픽의 열기가 한 번 더 길게 이어진다는 것도 포인트.

여러분은 동계올림픽을 “경기”로 보나요, 아니면 “도시가 바뀌는 순간”으로 보나요? 
댓글로 가장 좋아하는 겨울 종목도 같이 남겨주세요.

#2026동계올림픽 #밀라노코르티나 #MilanoCortina2026 #동계올림픽 #스키마운티니어링",19,0,0,97,6,3,0,,
17877100809495242,2026-02-13T14:08:04+0000,FEED,CAROUSEL_ALBUM,https://www.instagram.com/p/DUs2zl5k80Y/,7,0,"한 공무원의 사직서가 대한민국을 흔드는 이유

""시키는 것만 잘하는 시대는 끝났다.""

'충주시의 아들'이라 불리던 한 남자가 사직서를 냈습니다. 대한민국에서 가장 유명한 공무원, 충주시 유튜브 채널의 신화 '충주맨' 김선태 주무관 이야기입니다.

충주맨은 어떻게 전설이 되었나?

그는 딱딱하고 재미없다는 공공기관 홍보의 편견을 완전히 깨부쉈습니다. B급 감성, 날 것 그대로의 솔직함, 그리고 누구도 예상치 못한 고퀄리티 편집으로 무장했죠.

정책 설명 영상에서 갑자기 춤을 추고, 시장님을 인터뷰하며 곤란한 질문을 던집니다. '예산이 없어서' 직접 모든 걸 해결하는 그의 모습에 사람들은 열광했습니다. 결과는 폭발적이었습니다. 인구 21만 소도시의 유튜브 채널은 구독자 74만 명을 넘어서는 기염을 토했죠.

그의 퇴사가 시사하는 것

충주맨의 퇴사는 단순한 이직이 아닙니다. 조직의 이름이나 직급보다 '개인의 역량'과 '대체 불가능한 브랜드'가 더 큰 힘을 갖는 시대가 왔음을 보여주는 상징적인 사건입니다.

그는 '충주시 공무원'이라는 안정적인 틀에 자신을 가두지 않았습니다. 대신, 틀 안에서 자신만의 콘텐츠를 만들며 '충주맨'이라는 강력한 퍼스널 브랜드를 구축했습니다. 결국 그의 가치는 조직의 울타리를 넘어섰고, 이제 더 넓은 세상으로의 새로운 도전을 선택한 것입니다.

비즈니스 관점의 핵심 교훈

충주맨 신화의 핵심은 '권한 위임'과 '진정성'입니다.

충주시는 김선태 주무관의 독창성을 믿고 전폭적인 자율성을 부여했습니다. 만약 상부에서 그의 아이디어를 사사건건 검열하고 '공무원답게' 만들라고 강요했다면 오늘의 충주맨은 없었을 겁니다.

이는 모든 브랜드에 중요한 교훈을 줍니다. 진정성 있는 콘텐츠는 통제와 간섭이 아닌, 창작자에 대한 신뢰와 권한 위임에서 탄생합니다. 브랜드의 '결'을 해치지 않는 선에서 크리에이터가 마음껏 뛰놀게 해주세요. 그들의 진심이 곧 가장 강력한 무기가 될 것입니다.

당신의 조직은 새로운 '충주맨'을 키워낼 준비가 되었나요?
혹은, 당신 스스로가 조직을 뛰어넘는 '브랜드'가 될 준비를 하고 있나요?

💬 여러분이 생각하는 '충주맨' 성공의 진짜 이유는 무엇인가요? 댓글로 의견을 나눠주세요.
💾 '퍼스널 브랜딩'의 중요성을 잊고 싶지 않다면 저장하기
📤 이 새로운 흐름을 함께 이야기하고픈 친구에게 공유하기

#충주맨 #김선태 #충주맨퇴사 #충주시홍보맨 #유튜브 크리에이터 퍼스널브랜딩 브랜딩 마케팅 마케팅인사이트 직장인 퇴사 이직 성공 글렌드 GLEND",26,0,0,118,7,4,0,,
18071618012157156,2026-02-12T08:53:18+0000,FEED,CAROUSEL_ALBUM,https://www.instagram.com/p/DUpt_UkkwFO/,7,0,"🧠 ""나이 들면 머리 쓰기 귀찮다""는 말, 가장 위험한 생각입니다

미국 시카고 러쉬 대학교 의료센터 연구팀이 평균 80세 1939명을 8년간 추적 조사한 결과가 나왔어요. 독서, 글쓰기, 외국어 공부 같은 지적 활동을 꾸준히 한 사람들이 그렇지 않은 사람들보다 치매 위험이 38% 낮았다는 겁니다.

더 놀라운 건 시간 차이예요

지적 활동을 많이 한 상위 10% 그룹은 21%만 알츠하이머에 걸렸지만, 하위 10% 그룹은 34%가 걸렸습니다.

발병 시기도 달랐어요. 평생 머리를 많이 쓴 사람들은 평균 94세에 치매가 시작됐고, 그렇지 않은 사람들은 88세에 시작됐습니다. 무려 6년이라는 건강한 시간을 더 얻은 셈이죠.

경도 인지 장애는 더 극적이에요. 최고 수준 그룹은 85세, 최저 수준 그룹은 78세에 발생해서 7년 차이가 났습니다.

평생에 걸친 학습이 핵심

연구진은 18세 이전, 40세 중년기, 80세 노년기로 나눠서 조사했어요. 어릴 때만 공부하고 끝이 아니라, 평생에 걸쳐 꾸준히 뇌를 자극해야 한다는 뜻입니다.

어릴 때: 독서 빈도, 집에 신문과 책이 있었는지, 외국어를 5년 이상 배웠는지 중년기: 박물관이나 도서관 방문 빈도 노년기: 독서, 글쓰기, 게임 참여 빈도

뇌도 근육과 똑같습니다

쓰지 않으면 약해지고, 꾸준히 쓰면 강해져요. 독서, 글쓰기, 외국어 공부는 뇌의 여러 영역을 동시에 자극합니다. 기억력, 집중력, 사고력까지 골고루 사용하게 되죠.

연구를 이끈 안드레아 잠밋 교수는 ""평생에 걸쳐 다양한 정신적 자극 활동에 꾸준히 참여하는 것이 인지 능력 차이를 만든다""고 강조했어요.

당신의 노후 투자 전략

우리는 보통 노후 준비라고 하면 돈만 생각합니다. 하지만 아무리 돈이 많아도 뇌 건강을 잃으면 그 돈을 누릴 수 없어요.

이제 '배움'을 비용이 아닌 '투자'로 바라봐야 합니다. 새로운 언어 배우기, 낯선 분야 책 읽기, 글쓰기로 생각 정리하기. 이 모든 것이 뇌에 근육을 붙이는 웨이트 트레이닝입니다.

지금 당장 할 수 있는 것들

거창한 준비는 필요 없어요. 책 한 권 읽기, 일기 쓰기, 외국어 앱으로 10분 공부하기, 새로운 취미 배우기. 이런 작은 활동들이 쌓여 건강한 노년을 만듭니다.

중요한 건 꾸준함이에요. 하루 이틀 열심히 하는 것보다, 평생에 걸쳐 조금씩이라도 지속하는 게 훨씬 효과적입니다.

당신의 뇌는 지금 성장하고 있나요? 오늘 읽은 책 한 줄이 당신의 10년 뒤를 바꿀 수 있습니다.

💬 요즘 새롭게 배우고 있는 것이 있다면 댓글로 공유해주세요 💾 부모님께 알려드리고 싶다면 저장하기 📤 평생 학습이 필요한 지인에게 공유하기

#치매예방 #뇌건강 #평생학습 #독서습관 #지적활동 #알츠하이머예방 #노후준비 #자기계발 #건강투자 #학습습관 #뇌운동 #글렌드 #GLEND",22,0,0,197,7,4,0,,
17915712906276068,2026-02-12T08:51:58+0000,FEED,CAROUSEL_ALBUM,https://www.instagram.com/p/DUpt1gME8WY/,6,0,"🔮 점집 가본 적 있으세요? 그럼 이 의문 한 번쯤 들었을 거예요.

""이 사람 진짜 맞히는 건가, 아니면 그냥 좋은 말만 하는 건가?""

디즈니+가 2월 11일 공개한 운명전쟁49는 바로 이 의문에서 출발한 프로그램입니다. 무당, 사주쟁이, 타로 마스터 49명을 한 공간에 모아놓고 ""누가 진짜 실력자인지"" 가려내겠다는 전무후무한 실험이죠.

운명전쟁49가 정확히 뭔가요?

무당(신점), 사주 전문가(명리학), 타로 마스터 등 49명의 운명술사가 참가하는 서바이벌 예능입니다. 총 10개 에피소드로 구성되며, 2월 11일 1-4회가 먼저 공개됐어요.

이들은 각자의 방식으로 사람의 운명을 읽어내고, 그 정확도를 겨룹니다. 단순히 ""맞혔다, 틀렸다""를 넘어서, 각 분야 고수들이 운명을 해석하는 치열한 추론 과정을 보여주는 게 핵심이에요.

왜 지금 이게 화제일까요?

첫째, 금기를 건드린 용기입니다. 제작진조차 한 출연자로부터 ""지금 제작진이 뭘 건드렸는지 모르지? 정말 힘들 거야""라는 경고를 들었을 정도예요. 업계에서 꺼리는 금기들을 건드려야 했고, 기이하고 압도적인 순간들이 많았다고 합니다.

둘째, MZ 무속인의 현대적 변신이에요. 기존의 신비주의나 올드한 이미지를 완전히 깬 스타일리시하고 영리한 캐릭터들이 대거 등장합니다.

셋째, 데이터로 증명하는 영적 능력입니다. 가장 주관적이고 추상적인 '운명'이라는 소재를, 가장 객관적이고 처절한 '서바이벌'의 형식으로 검증해요.

제작진도 소름 돋았던 순간들

황교진 CP의 증언에 따르면, 미션이 공개되기도 전에 이미 그 내용을 맞히는 출연자들이 속출했다고 해요. 제작진이 극비리에 준비한 미션 주제를 보지도 않고 영적인 느낌만으로 정확히 짚어낸 거죠.

유수연 PD는 ""제작진조차 사전 정보가 전혀 없던 상태에서 오직 신점이나 타로점으로 출연자의 개인적인 아픔을 읽어내자 현장의 모두가 얼어붙었다""고 증언했습니다.

비즈니스 관점의 핵심 교훈

운명전쟁49가 보여주는 가장 큰 인사이트는 이겁니다. 남들이 꺼리는 것을 건드려라. 금기시되는 소재, 아무도 시도하지 않은 영역에 기회가 숨어있습니다.

세계 최초 시도였기에 경쟁자가 없는 완전히 새로운 시장을 개척했어요. 물론 위험하지만, 성공하면 독점적 지위를 확보할 수 있죠.

또 하나는 추상을 객관으로 만드는 혁신입니다. 가장 추상적인 것도 측정 가능하게 만들면 비즈니스가 됩니다. 당신의 업계에서도 '비과학적'이라 무시받던 영역을 데이터화할 수 있다면, 완전히 새로운 시장이 열릴 수 있어요.

운명 vs 선택, 어느 쪽을 믿으시나요?

모은설 작가는 시청자들이 ""나라면 저 상황에서 어떤 선택을 했을까?""라고 생각하길 바란다고 했어요. 결국 이 프로그램은 점술가들의 능력 검증을 넘어, 우리 스스로 자신의 삶과 선택을 돌아보게 만드는 계기가 되고자 합니다.

여러분은 운명을 믿나요? 아니면 모든 것은 선택의 결과라고 생각하나요?

💬 운명 vs 선택, 어느 쪽을 더 믿으시는지 댓글로 의견 공유해주세요 💾 새로운 콘텐츠 트렌드가 궁금하다면 저장하기 📤 예능 좋아하는 지인들에게 공유하기

#운명전쟁49 #디즈니플러스 #서바이벌예능 #무당 #사주 #타로 #점술 #운명 #오리지널콘텐츠 #예능추천 #K샤머니즘 #콘텐츠트렌드 #비즈니스인사이트 #글렌드 #GLEND",53,0,0,247,6,3,0,,
18057127943682573,2026-02-12T08:29:12+0000,FEED,CAROUSEL_ALBUM,https://www.instagram.com/p/DUprO2PEz0C/,20,0,"🌅 아무도 방해하지 않는 유일한 시간.

 맨정신으로, 건강하게, 아침을 즐기는 사람들. 지금 서울에서 가장 힙한 아침, SMCC(Seoul Morning Coffee Club) 이야기입니다.

SMCC의 아침은 매번 다릅니다

에소런으로 달린 후 진한 에스프레소를 마시기도 하고, 모닝 레이브에서 신나는 음악에 몸을 맡기기도 해요. 커피챗으로 다양한 사람들과 깊이 있는 대화를 나누거나, 트립으로 함께 떠나 낯선 곳의 아침을 맞이하기도 하죠.

뛰고 싶으면 뛰고, 춤추고 싶으면 춤추고, 이야기하고 싶으면 대화합니다. 공통점은 딱 하나, ""건강하고 활기찬 아침을 함께 맞이한다""는 것.

왜 이런 커뮤니티가 뜰까요?

현대인들은 아침을 '견디는 시간'으로 생각해왔어요. 알람과 싸우고, 출근 준비하고, 하루를 버텨내기 위해 준비하는 시간이었죠.

하지만 SMCC는 아침을 '즐기는 시간'으로 바꿨습니다. 하루 중 가장 맑고 에너지 넘치는 시간을 혼자 흘려보내지 않고, 의미 있는 사람들과 함께 채우는 거예요.

특히 MZ세대에게는 이런 '경험 중심 커뮤니티'가 매력적입니다. 술자리나 야식보다는 건강하고 생산적인 만남을 선호하거든요.

비즈니스 관점의 핵심 교훈

SMCC가 보여주는 가장 중요한 인사이트는 '확장성'입니다.

브랜드를 '행동'이 아닌 '가치'로 정의했기 때문에 가능한 일이에요. ""우리는 러닝 크루다""라고 했다면 달리기에만 갇혔을 겁니다. 하지만 ""우리는 건강한 아침 문화를 만든다""라고 정의했기 때문에 모든 아침 활동이 SMCC의 콘텐츠가 될 수 있었죠.

당신의 브랜드도 마찬가지예요. 특정 제품이나 서비스에 갇히지 말고, 고객에게 제공하는 '가치'를 중심으로 정의하세요. 그러면 자연스럽게 확장 가능성이 보일 겁니다.

당신의 아침은 지금 어떤 모습인가요? 그리고 누구와 함께 시작하고 싶나요?

@seoulmorningcoffeeclub 

💬 가장 기억에 남는 아침 경험을 댓글로 공유해주세요 💾 다양한 아침 활동에 영감을 받고 싶다면 저장하기 📤 새로운 아침 문화에 관심 있는 친구에게 공유하기

#SMCC #서울모닝커피클럽 #에소런 #모닝레이브 #커피챗 #트립 #아침커뮤니티 #모닝루틴 #라이프스타일플랫폼 #건강한아침문화 #커뮤니티비즈니스 #아침활동 #글렌드 #GLEND",1271,1,7,2182,29,50,3,,
17894752257265094,2026-02-12T07:59:58+0000,FEED,CAROUSEL_ALBUM,https://www.instagram.com/p/DUpn4teE0ue/,10,0,"🚨 미국이 난리 난 이유가 뭐게?

중국 AI 스타트업 '딥시크'가 ChatGPT급 성능을 훨씬 적은 비용으로 구현했습니다. 결과? 미국 빅테크 주가 대폭락입니다.

핵심 정리 • 딥시크 = 중국이 만든 AI 모델 • 성능 = 세계 최고급
• 비용 = 기존의 1/20 수준 • 비결 = 돈보다 기술력

이제 AI 시장의 게임 룰이 바뀝니다. 많은 돈을 쓰는 게 아니라, 똑똑하게 만드는 게 승부처가 됐어요.

왜 이게 충격인가요?

지금까지 AI는 ""돈 싸움""이었습니다. 구글, 마이크로소프트 같은 거대 기업들이 수조 원을 쏟아부으며 경쟁했죠. 그런데 딥시크는 그 돈의 5%만 써서 비슷한 결과를 냈어요.

이건 단순히 ""중국이 잘했네""의 문제가 아닙니다. AI 산업의 근본 전제가 흔들린 거예요. ""AI는 돈 많은 기업만 할 수 있다""는 상식이 깨졌으니까요.

비즈니스 관점의 핵심 교훈

첫째, 자본이 전부가 아닙니다. 딥시크는 효율적 알고리즘으로 최고 성능을 달성했어요. 당신의 비즈니스도 마찬가지입니다. 큰돈 들여 광고하는 것보다, 효율적인 방법이 더 중요할 수 있어요.

둘째, 독점은 영원하지 않습니다. 미국 빅테크가 AI를 독점할 것 같았지만, 새로운 접근법 하나로 판이 뒤집혔습니다. 어떤 시장이든 ""이미 끝났다""고 생각하는 순간이 가장 위험해요.

셋째, 누구나 AI 쓰는 시대가 옵니다. 이제 스타트업도, 중소기업도 아이디어만 있으면 고성능 AI를 활용할 수 있게 됐습니다.

당신에게 적용하기

지금 ""돈이 없어서 못하는 일""이 있나요? 정말 돈 때문일까요, 아니면 방법을 못 찾은 걸까요?

딥시크는 ""돈이 없어서""를 ""방법을 달리해서""로 바꾼 사례입니다. 같은 논리를 당신의 영역에도 적용해보세요.

핵심 메시지: 자본보다 효율, 규모보다 기술. 게임의 룰이 바뀌는 순간을 놓치지 마세요.

💬 AI 써보신 경험이나 생각을 댓글로 공유해주세요 💾 비즈니스 인사이트 놓치지 않으려면 저장하기 📤 효율적 경영에 관심 있는 지인에게 공유하기

#딥시크 #DeepSeek #AI혁명 #중국AI #ChatGPT #인공지능 #기술트렌드 #AI민주화 #효율성 #비즈니스인사이트 #기술경쟁 #글렌드 #GLEND",26,0,0,220,10,4,0,,
18132861136501772,2026-02-12T07:06:11+0000,FEED,CAROUSEL_ALBUM,https://www.instagram.com/p/DUphuzOE36X/,8,0,"✈️ 요즘 왜 이렇게 다들 일본을 갈까?

답은 간단합니다. 엔저, 일본 돈 값이 34년 만에 최저로 떨어졌거든요. 1달러가 160엔을 찍으면서 일본 물가는 사실상 세일 중인 상태입니다.

3월 한 달에만 일본을 찾은 외국인이 300만 명을 넘었고, 그중 한국인이 66만 명으로 압도적 1위였어요.

실제 체감하는 가격 변화

도쿄 호텔 1박 5-7만 원, 규동 3,500원, 편의점 도시락 4,000원 수준입니다. 김밥천국보다 싸고 퀄리티는 훨씬 높죠. 오사카 항공권도 15-20만 원이면 제주도보다 저렴해요.

재미있는 건 일부 식당에서 외국인에게는 정가, 일본인에게는 할인해주는 이중가격제까지 등장했다는 점입니다. 그래도 외국인들은 ""여전히 싸다""고 느끼고 있어요.

정작 일본인들은 힘들어졌습니다

엔화 약세는 수입 물가 상승을 의미하거든요. 월급은 그대로인데 생활비만 올라 일본인들의 해외여행은 오히려 급감했습니다.

여행업계는 완전히 판이 바뀌었어요

""이 돈이면 일본 가지, 굳이 다른 데 가?"" 동남아와 국내 여행지가 일본과 직접 가격 경쟁을 해야 하는 상황이 됐습니다.

우리 산업에도 영향이 있습니다. 철강처럼 일본과 정면 경쟁하는 업계는 타격을 받지만, 자동차와 반도체는 가격이 아닌 기술로 승부해서 비교적 안정적이에요.

핵심 메시지

환율은 언제든 바뀝니다. 진짜 경쟁력은 환율이 아니라 남이 쉽게 따라 할 수 없는 가치와 기술에 있어요.

지금의 엔저, 당신에게는 그저 싸게 놀러 갈 기회인가요, 아니면 사업 전략을 점검해볼 신호인가요?

💬 일본 여행에서 체감한 물가 변화를 댓글로 공유해주세요 💾 경제 흐름을 놓치지 않으려면 저장하기 📤 여행이나 사업 계획 있는 지인에게 공유하기

#엔저 #일본여행 #환율 #여행트렌드 #가성비여행 #여행업계 #경제트렌드 #비즈니스인사이트 #수출경쟁력 #글렌드 #GLEND",,,,,,,,,
